ISO-10303-21;
HEADER;
/* Generated by software containing ST-Developer
 * from STEP Tools, Inc. (www.steptools.com) 
 */
/* OPTION: using custom renumber hook */

FILE_DESCRIPTION(
/* description */ ('STEP AP242 Edition 2',
'CAx-IF Rec.Pracs.---Representation and Presentation of Product Manufa
cturing Information (PMI)---4.0---2014-10-13',
'CAx-IF Rec.Pracs.---3D Tessellated Geometry---0.4---2014-09-14','2;1',
'CAx-IF Rec.Pracs.---User Defined Attributes---1.5---2016-08-15'),
/* implementation_level */ '2;1');

FILE_NAME(
/* name */ '697ac74eb8e9cadac3a9343d',
/* time_stamp */ '2026-01-29T02:34:55Z',
/* author */ (''),
/* organization */ (''),
/* preprocessor_version */ 'ST-DEVELOPER v20',
/* originating_system */ 'ONSHAPE BY PTC INC, 1.209',
/* authorisation */ '  ');

FILE_SCHEMA (('AP242_MANAGED_MODEL_BASED_3D_ENGINEERING_MIM_LF { 1 0 10303 442 3 1 4 }'));
ENDSEC;

DATA;
#10=SHAPE_REPRESENTATION_RELATIONSHIP('','',#4258,#15);
#11=SHAPE_REPRESENTATION_RELATIONSHIP('','',#4259,#16);
#12=SHAPE_REPRESENTATION_RELATIONSHIP('','',#4260,#17);
#13=SHAPE_REPRESENTATION_RELATIONSHIP('','',#4261,#18);
#14=SHAPE_REPRESENTATION_RELATIONSHIP('','',#4262,#19);
#15=ADVANCED_BREP_SHAPE_REPRESENTATION('',(#4248),#6993);
#16=ADVANCED_BREP_SHAPE_REPRESENTATION('',(#4249),#6994);
#17=ADVANCED_BREP_SHAPE_REPRESENTATION('',(#4250),#6995);
#18=ADVANCED_BREP_SHAPE_REPRESENTATION('',(#4251),#6996);
#19=ADVANCED_BREP_SHAPE_REPRESENTATION('',(#4252),#6997);
#20=CYLINDRICAL_SURFACE('',#4286,0.00124999999999994);
#21=CYLINDRICAL_SURFACE('',#4289,0.00125);
#22=CYLINDRICAL_SURFACE('',#4291,0.00124999999999998);
#23=CYLINDRICAL_SURFACE('',#4293,0.00124999999999998);
#24=CYLINDRICAL_SURFACE('',#4304,0.001146875);
#25=CYLINDRICAL_SURFACE('',#4307,0.001146875);
#26=CYLINDRICAL_SURFACE('',#4314,0.01016);
#27=CYLINDRICAL_SURFACE('',#4326,0.001146875);
#28=CYLINDRICAL_SURFACE('',#4329,0.001146875);
#29=CYLINDRICAL_SURFACE('',#4354,0.001146875);
#30=CYLINDRICAL_SURFACE('',#4355,0.001146875);
#31=CYLINDRICAL_SURFACE('',#4356,0.001146875);
#32=CYLINDRICAL_SURFACE('',#4357,0.001146875);
#33=CYLINDRICAL_SURFACE('',#4358,0.005);
#34=CYLINDRICAL_SURFACE('',#4359,0.005);
#35=CYLINDRICAL_SURFACE('',#4376,0.022225);
#36=CYLINDRICAL_SURFACE('',#4427,0.0166554276999999);
#37=CYLINDRICAL_SURFACE('',#4443,0.0289718750000002);
#38=CYLINDRICAL_SURFACE('',#4445,0.003146875);
#39=CYLINDRICAL_SURFACE('',#4448,0.028971875);
#40=CYLINDRICAL_SURFACE('',#4451,0.003146875);
#41=CYLINDRICAL_SURFACE('',#4454,0.0289718750000002);
#42=CYLINDRICAL_SURFACE('',#4456,0.022621875);
#43=CYLINDRICAL_SURFACE('',#4462,0.005);
#44=CYLINDRICAL_SURFACE('',#4467,0.005);
#45=CYLINDRICAL_SURFACE('',#4474,0.0166554277);
#46=CYLINDRICAL_SURFACE('',#4476,0.014627225);
#47=CYLINDRICAL_SURFACE('',#4480,0.014627225);
#48=CYLINDRICAL_SURFACE('',#4484,0.001);
#49=CYLINDRICAL_SURFACE('',#4485,0.001);
#50=CYLINDRICAL_SURFACE('',#4490,0.002);
#51=CYLINDRICAL_SURFACE('',#4545,0.012);
#52=CYLINDRICAL_SURFACE('',#4547,0.012);
#53=CYLINDRICAL_SURFACE('',#4548,0.012);
#54=CYLINDRICAL_SURFACE('',#4549,0.012);
#55=CYLINDRICAL_SURFACE('',#4562,0.003);
#56=CYLINDRICAL_SURFACE('',#4563,0.003);
#57=CYLINDRICAL_SURFACE('',#4564,0.003);
#58=CYLINDRICAL_SURFACE('',#4565,0.001271875);
#59=CYLINDRICAL_SURFACE('',#4569,0.001271875);
#60=CYLINDRICAL_SURFACE('',#4575,0.003146875);
#61=CYLINDRICAL_SURFACE('',#4578,0.001271875);
#62=CYLINDRICAL_SURFACE('',#4582,0.003146875);
#63=CYLINDRICAL_SURFACE('',#4585,0.001271875);
#64=ELLIPSE('',#4267,0.00133626380499864,0.00124999999999998);
#65=ELLIPSE('',#4287,0.0013362638049986,0.00124999999999994);
#66=ELLIPSE('',#4343,0.00510631802997487,0.005);
#67=ELLIPSE('',#4349,0.00510631802997487,0.005);
#68=B_SPLINE_CURVE_WITH_KNOTS('',3,(#5748,#5749,#5750,#5751,#5752),
 .UNSPECIFIED.,.F.,.F.,(4,1,4),(4.12181436583309E-7,0.00075892228312556,
0.00151743238481454),.UNSPECIFIED.);
#69=B_SPLINE_CURVE_WITH_KNOTS('',3,(#5755,#5756,#5757,#5758,#5759),
 .UNSPECIFIED.,.F.,.F.,(4,1,4),(-1.35498403302388E-5,0.00173947413762562,
0.00349249811558147),.UNSPECIFIED.);
#70=B_SPLINE_CURVE_WITH_KNOTS('',3,(#5767,#5768,#5769,#5770,#5771),
 .UNSPECIFIED.,.F.,.F.,(4,1,4),(0.,0.000758716192407265,0.00151743238481453),
 .UNSPECIFIED.);
#71=B_SPLINE_CURVE_WITH_KNOTS('',3,(#6079,#6080,#6081,#6082,#6083),
 .UNSPECIFIED.,.F.,.F.,(4,1,4),(0.,0.00176014219502742,0.00352028439005485),
 .UNSPECIFIED.);
#72=B_SPLINE_CURVE_WITH_KNOTS('',3,(#6085,#6086,#6087,#6088,#6089),
 .UNSPECIFIED.,.F.,.F.,(4,1,4),(4.12181260457735E-7,0.00075892228303749,
0.00151743238481452),.UNSPECIFIED.);
#73=B_SPLINE_CURVE_WITH_KNOTS('',3,(#6090,#6091,#6092,#6093,#6094),
 .UNSPECIFIED.,.F.,.F.,(4,1,4),(0.,0.000758716192407218,0.00151743238481444),
 .UNSPECIFIED.);
#74=B_SPLINE_CURVE_WITH_KNOTS('',3,(#6108,#6109,#6110,#6111,#6112),
 .UNSPECIFIED.,.F.,.F.,(4,1,4),(0.,0.00103477796710392,0.00206955593420784),
 .UNSPECIFIED.);
#75=B_SPLINE_CURVE_WITH_KNOTS('',3,(#6114,#6115,#6116,#6117),
 .UNSPECIFIED.,.F.,.F.,(4,4),(0.,4.12181436583309E-7),.UNSPECIFIED.);
#76=B_SPLINE_CURVE_WITH_KNOTS('',3,(#6121,#6122,#6123,#6124),
 .UNSPECIFIED.,.F.,.F.,(4,4),(3.47378105352097E-17,4.12181260457735E-7),
 .UNSPECIFIED.);
#77=B_SPLINE_CURVE_WITH_KNOTS('',3,(#6126,#6127,#6128,#6129,#6130),
 .UNSPECIFIED.,.F.,.F.,(4,1,4),(4.12359999318493E-7,0.00103519046384555,
0.00206996856769177),.UNSPECIFIED.);
#78=B_SPLINE_SURFACE_WITH_KNOTS('',3,1,((#5738,#5739),(#5740,#5741),(#5742,
#5743),(#5744,#5745),(#5746,#5747)),.SURF_OF_LINEAR_EXTRUSION.,.F.,.F.,
 .F.,(4,1,4),(2,2),(4.93048551647567,5.60683541182763,6.28318530717959),
(0.,1.),.UNSPECIFIED.);
#79=B_SPLINE_SURFACE_WITH_KNOTS('',3,1,((#6069,#6070),(#6071,#6072),(#6073,
#6074),(#6075,#6076),(#6077,#6078)),.SURF_OF_LINEAR_EXTRUSION.,.F.,.F.,
 .F.,(4,1,4),(2,2),(-2.66453525910038E-14,0.676349895351944,1.35269979070392),
(0.,1.),.UNSPECIFIED.);
#80=LINE('',#5727,#555);
#81=LINE('',#5729,#556);
#82=LINE('',#5731,#557);
#83=LINE('',#5733,#558);
#84=LINE('',#5737,#559);
#85=LINE('',#5761,#560);
#86=LINE('',#5765,#561);
#87=LINE('',#5773,#562);
#88=LINE('',#5775,#563);
#89=LINE('',#5778,#564);
#90=LINE('',#5782,#565);
#91=LINE('',#5784,#566);
#92=LINE('',#5787,#567);
#93=LINE('',#5789,#568);
#94=LINE('',#5791,#569);
#95=LINE('',#5793,#570);
#96=LINE('',#5797,#571);
#97=LINE('',#5799,#572);
#98=LINE('',#5801,#573);
#99=LINE('',#5803,#574);
#100=LINE('',#5805,#575);
#101=LINE('',#5809,#576);
#102=LINE('',#5811,#577);
#103=LINE('',#5813,#578);
#104=LINE('',#5815,#579);
#105=LINE('',#5819,#580);
#106=LINE('',#5822,#581);
#107=LINE('',#5824,#582);
#108=LINE('',#5825,#583);
#109=LINE('',#5827,#584);
#110=LINE('',#5831,#585);
#111=LINE('',#5833,#586);
#112=LINE('',#5835,#587);
#113=LINE('',#5837,#588);
#114=LINE('',#5838,#589);
#115=LINE('',#5840,#590);
#116=LINE('',#5842,#591);
#117=LINE('',#5844,#592);
#118=LINE('',#5846,#593);
#119=LINE('',#5848,#594);
#120=LINE('',#5851,#595);
#121=LINE('',#5853,#596);
#122=LINE('',#5855,#597);
#123=LINE('',#5857,#598);
#124=LINE('',#5859,#599);
#125=LINE('',#5861,#600);
#126=LINE('',#5863,#601);
#127=LINE('',#5865,#602);
#128=LINE('',#5870,#603);
#129=LINE('',#5874,#604);
#130=LINE('',#5876,#605);
#131=LINE('',#5878,#606);
#132=LINE('',#5880,#607);
#133=LINE('',#5882,#608);
#134=LINE('',#5885,#609);
#135=LINE('',#5888,#610);
#136=LINE('',#5891,#611);
#137=LINE('',#5893,#612);
#138=LINE('',#5895,#613);
#139=LINE('',#5897,#614);
#140=LINE('',#5900,#615);
#141=LINE('',#5902,#616);
#142=LINE('',#5904,#617);
#143=LINE('',#5905,#618);
#144=LINE('',#5906,#619);
#145=LINE('',#5907,#620);
#146=LINE('',#5908,#621);
#147=LINE('',#5910,#622);
#148=LINE('',#5914,#623);
#149=LINE('',#5915,#624);
#150=LINE('',#5917,#625);
#151=LINE('',#5920,#626);
#152=LINE('',#5922,#627);
#153=LINE('',#5923,#628);
#154=LINE('',#5924,#629);
#155=LINE('',#5926,#630);
#156=LINE('',#5928,#631);
#157=LINE('',#5929,#632);
#158=LINE('',#5931,#633);
#159=LINE('',#5934,#634);
#160=LINE('',#5936,#635);
#161=LINE('',#5938,#636);
#162=LINE('',#5940,#637);
#163=LINE('',#5941,#638);
#164=LINE('',#5943,#639);
#165=LINE('',#5945,#640);
#166=LINE('',#5948,#641);
#167=LINE('',#5949,#642);
#168=LINE('',#5951,#643);
#169=LINE('',#5953,#644);
#170=LINE('',#5954,#645);
#171=LINE('',#5955,#646);
#172=LINE('',#5957,#647);
#173=LINE('',#5959,#648);
#174=LINE('',#5960,#649);
#175=LINE('',#5962,#650);
#176=LINE('',#5967,#651);
#177=LINE('',#5980,#652);
#178=LINE('',#5981,#653);
#179=LINE('',#5985,#654);
#180=LINE('',#5987,#655);
#181=LINE('',#5989,#656);
#182=LINE('',#5995,#657);
#183=LINE('',#5997,#658);
#184=LINE('',#5999,#659);
#185=LINE('',#6001,#660);
#186=LINE('',#6002,#661);
#187=LINE('',#6006,#662);
#188=LINE('',#6009,#663);
#189=LINE('',#6020,#664);
#190=LINE('',#6024,#665);
#191=LINE('',#6026,#666);
#192=LINE('',#6028,#667);
#193=LINE('',#6030,#668);
#194=LINE('',#6034,#669);
#195=LINE('',#6036,#670);
#196=LINE('',#6038,#671);
#197=LINE('',#6040,#672);
#198=LINE('',#6045,#673);
#199=LINE('',#6046,#674);
#200=LINE('',#6048,#675);
#201=LINE('',#6050,#676);
#202=LINE('',#6052,#677);
#203=LINE('',#6056,#678);
#204=LINE('',#6058,#679);
#205=LINE('',#6062,#680);
#206=LINE('',#6068,#681);
#207=LINE('',#6096,#682);
#208=LINE('',#6104,#683);
#209=LINE('',#6106,#684);
#210=LINE('',#6135,#685);
#211=LINE('',#6138,#686);
#212=LINE('',#6140,#687);
#213=LINE('',#6142,#688);
#214=LINE('',#6144,#689);
#215=LINE('',#6146,#690);
#216=LINE('',#6148,#691);
#217=LINE('',#6150,#692);
#218=LINE('',#6152,#693);
#219=LINE('',#6154,#694);
#220=LINE('',#6156,#695);
#221=LINE('',#6158,#696);
#222=LINE('',#6160,#697);
#223=LINE('',#6162,#698);
#224=LINE('',#6164,#699);
#225=LINE('',#6166,#700);
#226=LINE('',#6168,#701);
#227=LINE('',#6170,#702);
#228=LINE('',#6172,#703);
#229=LINE('',#6174,#704);
#230=LINE('',#6176,#705);
#231=LINE('',#6178,#706);
#232=LINE('',#6180,#707);
#233=LINE('',#6182,#708);
#234=LINE('',#6184,#709);
#235=LINE('',#6186,#710);
#236=LINE('',#6188,#711);
#237=LINE('',#6190,#712);
#238=LINE('',#6192,#713);
#239=LINE('',#6194,#714);
#240=LINE('',#6196,#715);
#241=LINE('',#6198,#716);
#242=LINE('',#6200,#717);
#243=LINE('',#6202,#718);
#244=LINE('',#6204,#719);
#245=LINE('',#6205,#720);
#246=LINE('',#6218,#721);
#247=LINE('',#6221,#722);
#248=LINE('',#6223,#723);
#249=LINE('',#6225,#724);
#250=LINE('',#6227,#725);
#251=LINE('',#6229,#726);
#252=LINE('',#6231,#727);
#253=LINE('',#6233,#728);
#254=LINE('',#6235,#729);
#255=LINE('',#6237,#730);
#256=LINE('',#6239,#731);
#257=LINE('',#6241,#732);
#258=LINE('',#6243,#733);
#259=LINE('',#6245,#734);
#260=LINE('',#6247,#735);
#261=LINE('',#6249,#736);
#262=LINE('',#6251,#737);
#263=LINE('',#6253,#738);
#264=LINE('',#6255,#739);
#265=LINE('',#6257,#740);
#266=LINE('',#6259,#741);
#267=LINE('',#6261,#742);
#268=LINE('',#6263,#743);
#269=LINE('',#6265,#744);
#270=LINE('',#6267,#745);
#271=LINE('',#6269,#746);
#272=LINE('',#6271,#747);
#273=LINE('',#6273,#748);
#274=LINE('',#6275,#749);
#275=LINE('',#6277,#750);
#276=LINE('',#6279,#751);
#277=LINE('',#6281,#752);
#278=LINE('',#6283,#753);
#279=LINE('',#6285,#754);
#280=LINE('',#6287,#755);
#281=LINE('',#6288,#756);
#282=LINE('',#6293,#757);
#283=LINE('',#6296,#758);
#284=LINE('',#6298,#759);
#285=LINE('',#6300,#760);
#286=LINE('',#6302,#761);
#287=LINE('',#6305,#762);
#288=LINE('',#6307,#763);
#289=LINE('',#6309,#764);
#290=LINE('',#6311,#765);
#291=LINE('',#6314,#766);
#292=LINE('',#6316,#767);
#293=LINE('',#6318,#768);
#294=LINE('',#6320,#769);
#295=LINE('',#6326,#770);
#296=LINE('',#6328,#771);
#297=LINE('',#6330,#772);
#298=LINE('',#6332,#773);
#299=LINE('',#6334,#774);
#300=LINE('',#6336,#775);
#301=LINE('',#6338,#776);
#302=LINE('',#6340,#777);
#303=LINE('',#6343,#778);
#304=LINE('',#6345,#779);
#305=LINE('',#6347,#780);
#306=LINE('',#6352,#781);
#307=LINE('',#6354,#782);
#308=LINE('',#6356,#783);
#309=LINE('',#6358,#784);
#310=LINE('',#6360,#785);
#311=LINE('',#6362,#786);
#312=LINE('',#6364,#787);
#313=LINE('',#6366,#788);
#314=LINE('',#6368,#789);
#315=LINE('',#6370,#790);
#316=LINE('',#6372,#791);
#317=LINE('',#6374,#792);
#318=LINE('',#6376,#793);
#319=LINE('',#6378,#794);
#320=LINE('',#6382,#795);
#321=LINE('',#6384,#796);
#322=LINE('',#6386,#797);
#323=LINE('',#6388,#798);
#324=LINE('',#6390,#799);
#325=LINE('',#6392,#800);
#326=LINE('',#6396,#801);
#327=LINE('',#6398,#802);
#328=LINE('',#6400,#803);
#329=LINE('',#6402,#804);
#330=LINE('',#6404,#805);
#331=LINE('',#6406,#806);
#332=LINE('',#6407,#807);
#333=LINE('',#6410,#808);
#334=LINE('',#6412,#809);
#335=LINE('',#6414,#810);
#336=LINE('',#6416,#811);
#337=LINE('',#6418,#812);
#338=LINE('',#6420,#813);
#339=LINE('',#6422,#814);
#340=LINE('',#6424,#815);
#341=LINE('',#6426,#816);
#342=LINE('',#6428,#817);
#343=LINE('',#6430,#818);
#344=LINE('',#6434,#819);
#345=LINE('',#6436,#820);
#346=LINE('',#6438,#821);
#347=LINE('',#6445,#822);
#348=LINE('',#6447,#823);
#349=LINE('',#6449,#824);
#350=LINE('',#6451,#825);
#351=LINE('',#6453,#826);
#352=LINE('',#6455,#827);
#353=LINE('',#6457,#828);
#354=LINE('',#6465,#829);
#355=LINE('',#6467,#830);
#356=LINE('',#6469,#831);
#357=LINE('',#6472,#832);
#358=LINE('',#6475,#833);
#359=LINE('',#6477,#834);
#360=LINE('',#6479,#835);
#361=LINE('',#6481,#836);
#362=LINE('',#6483,#837);
#363=LINE('',#6485,#838);
#364=LINE('',#6487,#839);
#365=LINE('',#6489,#840);
#366=LINE('',#6491,#841);
#367=LINE('',#6493,#842);
#368=LINE('',#6495,#843);
#369=LINE('',#6497,#844);
#370=LINE('',#6500,#845);
#371=LINE('',#6502,#846);
#372=LINE('',#6504,#847);
#373=LINE('',#6506,#848);
#374=LINE('',#6509,#849);
#375=LINE('',#6511,#850);
#376=LINE('',#6513,#851);
#377=LINE('',#6515,#852);
#378=LINE('',#6518,#853);
#379=LINE('',#6519,#854);
#380=LINE('',#6521,#855);
#381=LINE('',#6523,#856);
#382=LINE('',#6524,#857);
#383=LINE('',#6526,#858);
#384=LINE('',#6527,#859);
#385=LINE('',#6528,#860);
#386=LINE('',#6531,#861);
#387=LINE('',#6533,#862);
#388=LINE('',#6535,#863);
#389=LINE('',#6537,#864);
#390=LINE('',#6539,#865);
#391=LINE('',#6541,#866);
#392=LINE('',#6543,#867);
#393=LINE('',#6545,#868);
#394=LINE('',#6547,#869);
#395=LINE('',#6549,#870);
#396=LINE('',#6552,#871);
#397=LINE('',#6553,#872);
#398=LINE('',#6555,#873);
#399=LINE('',#6557,#874);
#400=LINE('',#6559,#875);
#401=LINE('',#6561,#876);
#402=LINE('',#6562,#877);
#403=LINE('',#6564,#878);
#404=LINE('',#6566,#879);
#405=LINE('',#6568,#880);
#406=LINE('',#6570,#881);
#407=LINE('',#6576,#882);
#408=LINE('',#6578,#883);
#409=LINE('',#6580,#884);
#410=LINE('',#6582,#885);
#411=LINE('',#6583,#886);
#412=LINE('',#6585,#887);
#413=LINE('',#6587,#888);
#414=LINE('',#6589,#889);
#415=LINE('',#6591,#890);
#416=LINE('',#6593,#891);
#417=LINE('',#6602,#892);
#418=LINE('',#6608,#893);
#419=LINE('',#6612,#894);
#420=LINE('',#6613,#895);
#421=LINE('',#6615,#896);
#422=LINE('',#6617,#897);
#423=LINE('',#6621,#898);
#424=LINE('',#6625,#899);
#425=LINE('',#6631,#900);
#426=LINE('',#6632,#901);
#427=LINE('',#6636,#902);
#428=LINE('',#6640,#903);
#429=LINE('',#6646,#904);
#430=LINE('',#6652,#905);
#431=LINE('',#6655,#906);
#432=LINE('',#6657,#907);
#433=LINE('',#6659,#908);
#434=LINE('',#6661,#909);
#435=LINE('',#6663,#910);
#436=LINE('',#6664,#911);
#437=LINE('',#6669,#912);
#438=LINE('',#6671,#913);
#439=LINE('',#6673,#914);
#440=LINE('',#6675,#915);
#441=LINE('',#6677,#916);
#442=LINE('',#6679,#917);
#443=LINE('',#6681,#918);
#444=LINE('',#6683,#919);
#445=LINE('',#6684,#920);
#446=LINE('',#6686,#921);
#447=LINE('',#6688,#922);
#448=LINE('',#6693,#923);
#449=LINE('',#6695,#924);
#450=LINE('',#6697,#925);
#451=LINE('',#6699,#926);
#452=LINE('',#6700,#927);
#453=LINE('',#6702,#928);
#454=LINE('',#6704,#929);
#455=LINE('',#6710,#930);
#456=LINE('',#6716,#931);
#457=LINE('',#6725,#932);
#458=LINE('',#6728,#933);
#459=LINE('',#6730,#934);
#460=LINE('',#6732,#935);
#461=LINE('',#6734,#936);
#462=LINE('',#6736,#937);
#463=LINE('',#6738,#938);
#464=LINE('',#6740,#939);
#465=LINE('',#6742,#940);
#466=LINE('',#6744,#941);
#467=LINE('',#6746,#942);
#468=LINE('',#6748,#943);
#469=LINE('',#6750,#944);
#470=LINE('',#6752,#945);
#471=LINE('',#6756,#946);
#472=LINE('',#6760,#947);
#473=LINE('',#6762,#948);
#474=LINE('',#6763,#949);
#475=LINE('',#6765,#950);
#476=LINE('',#6768,#951);
#477=LINE('',#6770,#952);
#478=LINE('',#6772,#953);
#479=LINE('',#6774,#954);
#480=LINE('',#6775,#955);
#481=LINE('',#6777,#956);
#482=LINE('',#6779,#957);
#483=LINE('',#6781,#958);
#484=LINE('',#6783,#959);
#485=LINE('',#6785,#960);
#486=LINE('',#6787,#961);
#487=LINE('',#6789,#962);
#488=LINE('',#6791,#963);
#489=LINE('',#6793,#964);
#490=LINE('',#6795,#965);
#491=LINE('',#6798,#966);
#492=LINE('',#6800,#967);
#493=LINE('',#6802,#968);
#494=LINE('',#6804,#969);
#495=LINE('',#6806,#970);
#496=LINE('',#6809,#971);
#497=LINE('',#6811,#972);
#498=LINE('',#6813,#973);
#499=LINE('',#6815,#974);
#500=LINE('',#6817,#975);
#501=LINE('',#6819,#976);
#502=LINE('',#6821,#977);
#503=LINE('',#6824,#978);
#504=LINE('',#6826,#979);
#505=LINE('',#6828,#980);
#506=LINE('',#6832,#981);
#507=LINE('',#6835,#982);
#508=LINE('',#6836,#983);
#509=LINE('',#6839,#984);
#510=LINE('',#6840,#985);
#511=LINE('',#6843,#986);
#512=LINE('',#6846,#987);
#513=LINE('',#6848,#988);
#514=LINE('',#6850,#989);
#515=LINE('',#6852,#990);
#516=LINE('',#6853,#991);
#517=LINE('',#6855,#992);
#518=LINE('',#6857,#993);
#519=LINE('',#6860,#994);
#520=LINE('',#6862,#995);
#521=LINE('',#6864,#996);
#522=LINE('',#6867,#997);
#523=LINE('',#6870,#998);
#524=LINE('',#6872,#999);
#525=LINE('',#6874,#1000);
#526=LINE('',#6876,#1001);
#527=LINE('',#6877,#1002);
#528=LINE('',#6879,#1003);
#529=LINE('',#6883,#1004);
#530=LINE('',#6885,#1005);
#531=LINE('',#6887,#1006);
#532=LINE('',#6889,#1007);
#533=LINE('',#6891,#1008);
#534=LINE('',#6895,#1009);
#535=LINE('',#6899,#1010);
#536=LINE('',#6900,#1011);
#537=LINE('',#6902,#1012);
#538=LINE('',#6904,#1013);
#539=LINE('',#6905,#1014);
#540=LINE('',#6907,#1015);
#541=LINE('',#6910,#1016);
#542=LINE('',#6912,#1017);
#543=LINE('',#6914,#1018);
#544=LINE('',#6926,#1019);
#545=LINE('',#6930,#1020);
#546=LINE('',#6932,#1021);
#547=LINE('',#6936,#1022);
#548=LINE('',#6938,#1023);
#549=LINE('',#6940,#1024);
#550=LINE('',#6942,#1025);
#551=LINE('',#6944,#1026);
#552=LINE('',#6946,#1027);
#553=LINE('',#6948,#1028);
#554=LINE('',#6950,#1029);
#555=VECTOR('',#4597,1.);
#556=VECTOR('',#4598,1.);
#557=VECTOR('',#4599,1.);
#558=VECTOR('',#4600,1.);
#559=VECTOR('',#4603,1.);
#560=VECTOR('',#4604,1.);
#561=VECTOR('',#4607,1.);
#562=VECTOR('',#4608,1.);
#563=VECTOR('',#4611,1.);
#564=VECTOR('',#4612,1.);
#565=VECTOR('',#4617,1.);
#566=VECTOR('',#4620,1.);
#567=VECTOR('',#4621,1.);
#568=VECTOR('',#4622,1.);
#569=VECTOR('',#4623,1.);
#570=VECTOR('',#4624,1.);
#571=VECTOR('',#4627,1.);
#572=VECTOR('',#4628,1.);
#573=VECTOR('',#4629,1.);
#574=VECTOR('',#4630,1.);
#575=VECTOR('',#4631,1.);
#576=VECTOR('',#4634,1.);
#577=VECTOR('',#4635,1.);
#578=VECTOR('',#4636,1.);
#579=VECTOR('',#4637,1.);
#580=VECTOR('',#4642,1.);
#581=VECTOR('',#4643,1.);
#582=VECTOR('',#4644,1.);
#583=VECTOR('',#4645,1.);
#584=VECTOR('',#4646,1.);
#585=VECTOR('',#4651,1.);
#586=VECTOR('',#4652,1.);
#587=VECTOR('',#4653,1.);
#588=VECTOR('',#4654,1.);
#589=VECTOR('',#4655,1.);
#590=VECTOR('',#4658,1.);
#591=VECTOR('',#4659,1.);
#592=VECTOR('',#4660,1.);
#593=VECTOR('',#4661,1.);
#594=VECTOR('',#4664,1.);
#595=VECTOR('',#4665,1.);
#596=VECTOR('',#4666,1.);
#597=VECTOR('',#4667,1.);
#598=VECTOR('',#4668,1.);
#599=VECTOR('',#4669,1.);
#600=VECTOR('',#4670,1.);
#601=VECTOR('',#4671,1.);
#602=VECTOR('',#4674,1.);
#603=VECTOR('',#4677,1.);
#604=VECTOR('',#4680,1.);
#605=VECTOR('',#4681,1.);
#606=VECTOR('',#4682,1.);
#607=VECTOR('',#4683,1.);
#608=VECTOR('',#4684,1.);
#609=VECTOR('',#4687,1.);
#610=VECTOR('',#4690,1.);
#611=VECTOR('',#4691,1.);
#612=VECTOR('',#4692,1.);
#613=VECTOR('',#4693,1.);
#614=VECTOR('',#4696,1.);
#615=VECTOR('',#4697,1.);
#616=VECTOR('',#4698,1.);
#617=VECTOR('',#4699,1.);
#618=VECTOR('',#4700,1.);
#619=VECTOR('',#4701,1.);
#620=VECTOR('',#4702,1.);
#621=VECTOR('',#4703,1.);
#622=VECTOR('',#4706,1.);
#623=VECTOR('',#4711,1.);
#624=VECTOR('',#4712,1.);
#625=VECTOR('',#4713,1.);
#626=VECTOR('',#4718,1.);
#627=VECTOR('',#4719,1.);
#628=VECTOR('',#4720,1.);
#629=VECTOR('',#4721,1.);
#630=VECTOR('',#4724,1.);
#631=VECTOR('',#4727,1.);
#632=VECTOR('',#4728,1.);
#633=VECTOR('',#4729,1.);
#634=VECTOR('',#4734,1.);
#635=VECTOR('',#4735,1.);
#636=VECTOR('',#4736,1.);
#637=VECTOR('',#4737,1.);
#638=VECTOR('',#4738,1.);
#639=VECTOR('',#4739,1.);
#640=VECTOR('',#4742,1.);
#641=VECTOR('',#4743,1.);
#642=VECTOR('',#4744,1.);
#643=VECTOR('',#4747,1.);
#644=VECTOR('',#4748,1.);
#645=VECTOR('',#4749,1.);
#646=VECTOR('',#4750,1.);
#647=VECTOR('',#4751,1.);
#648=VECTOR('',#4754,1.);
#649=VECTOR('',#4755,1.);
#650=VECTOR('',#4758,1.);
#651=VECTOR('',#4765,1.);
#652=VECTOR('',#4784,1.);
#653=VECTOR('',#4785,1.);
#654=VECTOR('',#4792,1.);
#655=VECTOR('',#4793,1.);
#656=VECTOR('',#4794,1.);
#657=VECTOR('',#4805,1.);
#658=VECTOR('',#4806,1.);
#659=VECTOR('',#4807,1.);
#660=VECTOR('',#4810,1.);
#661=VECTOR('',#4811,1.);
#662=VECTOR('',#4818,1.);
#663=VECTOR('',#4823,1.);
#664=VECTOR('',#4840,1.);
#665=VECTOR('',#4843,1.);
#666=VECTOR('',#4844,1.);
#667=VECTOR('',#4845,1.);
#668=VECTOR('',#4848,1.);
#669=VECTOR('',#4851,1.);
#670=VECTOR('',#4852,1.);
#671=VECTOR('',#4855,1.);
#672=VECTOR('',#4858,1.);
#673=VECTOR('',#4861,1.);
#674=VECTOR('',#4862,1.);
#675=VECTOR('',#4863,1.);
#676=VECTOR('',#4866,1.);
#677=VECTOR('',#4867,1.);
#678=VECTOR('',#4872,1.);
#679=VECTOR('',#4873,1.);
#680=VECTOR('',#4878,1.);
#681=VECTOR('',#4885,1.);
#682=VECTOR('',#4888,1.);
#683=VECTOR('',#4899,1.);
#684=VECTOR('',#4902,1.);
#685=VECTOR('',#4919,1.);
#686=VECTOR('',#4920,1.);
#687=VECTOR('',#4921,1.);
#688=VECTOR('',#4922,1.);
#689=VECTOR('',#4925,1.);
#690=VECTOR('',#4926,1.);
#691=VECTOR('',#4927,1.);
#692=VECTOR('',#4930,1.);
#693=VECTOR('',#4931,1.);
#694=VECTOR('',#4932,1.);
#695=VECTOR('',#4935,1.);
#696=VECTOR('',#4936,1.);
#697=VECTOR('',#4937,1.);
#698=VECTOR('',#4940,1.);
#699=VECTOR('',#4941,1.);
#700=VECTOR('',#4942,1.);
#701=VECTOR('',#4945,1.);
#702=VECTOR('',#4946,1.);
#703=VECTOR('',#4947,1.);
#704=VECTOR('',#4950,1.);
#705=VECTOR('',#4951,1.);
#706=VECTOR('',#4952,1.);
#707=VECTOR('',#4955,1.);
#708=VECTOR('',#4956,1.);
#709=VECTOR('',#4957,1.);
#710=VECTOR('',#4960,1.);
#711=VECTOR('',#4961,1.);
#712=VECTOR('',#4962,1.);
#713=VECTOR('',#4965,1.);
#714=VECTOR('',#4966,1.);
#715=VECTOR('',#4967,1.);
#716=VECTOR('',#4970,1.);
#717=VECTOR('',#4971,1.);
#718=VECTOR('',#4972,1.);
#719=VECTOR('',#4975,1.);
#720=VECTOR('',#4976,1.);
#721=VECTOR('',#4997,1.);
#722=VECTOR('',#4998,1.);
#723=VECTOR('',#4999,1.);
#724=VECTOR('',#5000,1.);
#725=VECTOR('',#5003,1.);
#726=VECTOR('',#5004,1.);
#727=VECTOR('',#5005,1.);
#728=VECTOR('',#5008,1.);
#729=VECTOR('',#5009,1.);
#730=VECTOR('',#5010,1.);
#731=VECTOR('',#5013,1.);
#732=VECTOR('',#5014,1.);
#733=VECTOR('',#5015,1.);
#734=VECTOR('',#5018,1.);
#735=VECTOR('',#5019,1.);
#736=VECTOR('',#5020,1.);
#737=VECTOR('',#5023,1.);
#738=VECTOR('',#5024,1.);
#739=VECTOR('',#5025,1.);
#740=VECTOR('',#5028,1.);
#741=VECTOR('',#5029,1.);
#742=VECTOR('',#5030,1.);
#743=VECTOR('',#5033,1.);
#744=VECTOR('',#5034,1.);
#745=VECTOR('',#5035,1.);
#746=VECTOR('',#5038,1.);
#747=VECTOR('',#5039,1.);
#748=VECTOR('',#5040,1.);
#749=VECTOR('',#5043,1.);
#750=VECTOR('',#5044,1.);
#751=VECTOR('',#5045,1.);
#752=VECTOR('',#5048,1.);
#753=VECTOR('',#5049,1.);
#754=VECTOR('',#5050,1.);
#755=VECTOR('',#5053,1.);
#756=VECTOR('',#5054,1.);
#757=VECTOR('',#5063,1.);
#758=VECTOR('',#5064,1.);
#759=VECTOR('',#5065,1.);
#760=VECTOR('',#5066,1.);
#761=VECTOR('',#5069,1.);
#762=VECTOR('',#5070,1.);
#763=VECTOR('',#5071,1.);
#764=VECTOR('',#5072,1.);
#765=VECTOR('',#5075,1.);
#766=VECTOR('',#5076,1.);
#767=VECTOR('',#5077,1.);
#768=VECTOR('',#5078,1.);
#769=VECTOR('',#5079,1.);
#770=VECTOR('',#5086,1.);
#771=VECTOR('',#5087,1.);
#772=VECTOR('',#5088,1.);
#773=VECTOR('',#5089,1.);
#774=VECTOR('',#5092,1.);
#775=VECTOR('',#5093,1.);
#776=VECTOR('',#5094,1.);
#777=VECTOR('',#5097,1.);
#778=VECTOR('',#5098,1.);
#779=VECTOR('',#5099,1.);
#780=VECTOR('',#5100,1.);
#781=VECTOR('',#5107,1.);
#782=VECTOR('',#5108,1.);
#783=VECTOR('',#5109,1.);
#784=VECTOR('',#5110,1.);
#785=VECTOR('',#5111,1.);
#786=VECTOR('',#5112,1.);
#787=VECTOR('',#5113,1.);
#788=VECTOR('',#5114,1.);
#789=VECTOR('',#5115,1.);
#790=VECTOR('',#5116,1.);
#791=VECTOR('',#5117,1.);
#792=VECTOR('',#5118,1.);
#793=VECTOR('',#5119,1.);
#794=VECTOR('',#5120,1.);
#795=VECTOR('',#5125,1.);
#796=VECTOR('',#5126,1.);
#797=VECTOR('',#5127,1.);
#798=VECTOR('',#5128,1.);
#799=VECTOR('',#5129,1.);
#800=VECTOR('',#5130,1.);
#801=VECTOR('',#5133,1.);
#802=VECTOR('',#5134,1.);
#803=VECTOR('',#5135,1.);
#804=VECTOR('',#5136,1.);
#805=VECTOR('',#5137,1.);
#806=VECTOR('',#5138,1.);
#807=VECTOR('',#5139,1.);
#808=VECTOR('',#5140,1.);
#809=VECTOR('',#5141,1.);
#810=VECTOR('',#5142,1.);
#811=VECTOR('',#5145,1.);
#812=VECTOR('',#5146,1.);
#813=VECTOR('',#5147,1.);
#814=VECTOR('',#5148,1.);
#815=VECTOR('',#5149,1.);
#816=VECTOR('',#5150,1.);
#817=VECTOR('',#5151,1.);
#818=VECTOR('',#5154,1.);
#819=VECTOR('',#5157,1.);
#820=VECTOR('',#5158,1.);
#821=VECTOR('',#5159,1.);
#822=VECTOR('',#5166,1.);
#823=VECTOR('',#5167,1.);
#824=VECTOR('',#5168,1.);
#825=VECTOR('',#5169,1.);
#826=VECTOR('',#5170,1.);
#827=VECTOR('',#5171,1.);
#828=VECTOR('',#5172,1.);
#829=VECTOR('',#5179,1.);
#830=VECTOR('',#5180,1.);
#831=VECTOR('',#5181,1.);
#832=VECTOR('',#5184,1.);
#833=VECTOR('',#5185,1.);
#834=VECTOR('',#5186,1.);
#835=VECTOR('',#5187,1.);
#836=VECTOR('',#5188,1.);
#837=VECTOR('',#5189,1.);
#838=VECTOR('',#5190,1.);
#839=VECTOR('',#5191,1.);
#840=VECTOR('',#5192,1.);
#841=VECTOR('',#5193,1.);
#842=VECTOR('',#5194,1.);
#843=VECTOR('',#5195,1.);
#844=VECTOR('',#5198,1.);
#845=VECTOR('',#5199,1.);
#846=VECTOR('',#5200,1.);
#847=VECTOR('',#5201,1.);
#848=VECTOR('',#5204,1.);
#849=VECTOR('',#5205,1.);
#850=VECTOR('',#5206,1.);
#851=VECTOR('',#5207,1.);
#852=VECTOR('',#5210,1.);
#853=VECTOR('',#5211,1.);
#854=VECTOR('',#5212,1.);
#855=VECTOR('',#5213,1.);
#856=VECTOR('',#5214,1.);
#857=VECTOR('',#5215,1.);
#858=VECTOR('',#5216,1.);
#859=VECTOR('',#5217,1.);
#860=VECTOR('',#5218,1.);
#861=VECTOR('',#5219,1.);
#862=VECTOR('',#5220,1.);
#863=VECTOR('',#5221,1.);
#864=VECTOR('',#5224,1.);
#865=VECTOR('',#5225,1.);
#866=VECTOR('',#5226,1.);
#867=VECTOR('',#5229,1.);
#868=VECTOR('',#5230,1.);
#869=VECTOR('',#5231,1.);
#870=VECTOR('',#5234,1.);
#871=VECTOR('',#5235,1.);
#872=VECTOR('',#5236,1.);
#873=VECTOR('',#5237,1.);
#874=VECTOR('',#5238,1.);
#875=VECTOR('',#5239,1.);
#876=VECTOR('',#5240,1.);
#877=VECTOR('',#5241,1.);
#878=VECTOR('',#5242,1.);
#879=VECTOR('',#5243,1.);
#880=VECTOR('',#5244,1.);
#881=VECTOR('',#5245,1.);
#882=VECTOR('',#5252,1.);
#883=VECTOR('',#5255,1.);
#884=VECTOR('',#5256,1.);
#885=VECTOR('',#5257,1.);
#886=VECTOR('',#5258,1.);
#887=VECTOR('',#5261,1.);
#888=VECTOR('',#5262,1.);
#889=VECTOR('',#5263,1.);
#890=VECTOR('',#5264,1.);
#891=VECTOR('',#5265,1.);
#892=VECTOR('',#5278,1.);
#893=VECTOR('',#5285,1.);
#894=VECTOR('',#5290,1.);
#895=VECTOR('',#5291,1.);
#896=VECTOR('',#5292,1.);
#897=VECTOR('',#5293,1.);
#898=VECTOR('',#5298,1.);
#899=VECTOR('',#5303,1.);
#900=VECTOR('',#5310,1.);
#901=VECTOR('',#5311,1.);
#902=VECTOR('',#5314,1.);
#903=VECTOR('',#5319,1.);
#904=VECTOR('',#5326,1.);
#905=VECTOR('',#5335,1.);
#906=VECTOR('',#5338,1.);
#907=VECTOR('',#5339,1.);
#908=VECTOR('',#5342,1.);
#909=VECTOR('',#5343,1.);
#910=VECTOR('',#5344,1.);
#911=VECTOR('',#5345,1.);
#912=VECTOR('',#5354,1.);
#913=VECTOR('',#5355,1.);
#914=VECTOR('',#5358,1.);
#915=VECTOR('',#5359,1.);
#916=VECTOR('',#5360,1.);
#917=VECTOR('',#5361,1.);
#918=VECTOR('',#5362,1.);
#919=VECTOR('',#5363,1.);
#920=VECTOR('',#5364,1.);
#921=VECTOR('',#5365,1.);
#922=VECTOR('',#5366,1.);
#923=VECTOR('',#5375,1.);
#924=VECTOR('',#5378,1.);
#925=VECTOR('',#5379,1.);
#926=VECTOR('',#5382,1.);
#927=VECTOR('',#5383,1.);
#928=VECTOR('',#5384,1.);
#929=VECTOR('',#5387,1.);
#930=VECTOR('',#5396,1.);
#931=VECTOR('',#5405,1.);
#932=VECTOR('',#5422,1.);
#933=VECTOR('',#5427,1.);
#934=VECTOR('',#5428,1.);
#935=VECTOR('',#5429,1.);
#936=VECTOR('',#5432,1.);
#937=VECTOR('',#5433,1.);
#938=VECTOR('',#5436,1.);
#939=VECTOR('',#5439,1.);
#940=VECTOR('',#5440,1.);
#941=VECTOR('',#5443,1.);
#942=VECTOR('',#5444,1.);
#943=VECTOR('',#5447,1.);
#944=VECTOR('',#5448,1.);
#945=VECTOR('',#5451,1.);
#946=VECTOR('',#5458,1.);
#947=VECTOR('',#5463,1.);
#948=VECTOR('',#5464,1.);
#949=VECTOR('',#5465,1.);
#950=VECTOR('',#5466,1.);
#951=VECTOR('',#5469,1.);
#952=VECTOR('',#5472,1.);
#953=VECTOR('',#5473,1.);
#954=VECTOR('',#5474,1.);
#955=VECTOR('',#5475,1.);
#956=VECTOR('',#5476,1.);
#957=VECTOR('',#5477,1.);
#958=VECTOR('',#5480,1.);
#959=VECTOR('',#5481,1.);
#960=VECTOR('',#5482,1.);
#961=VECTOR('',#5485,1.);
#962=VECTOR('',#5486,1.);
#963=VECTOR('',#5489,1.);
#964=VECTOR('',#5490,1.);
#965=VECTOR('',#5493,1.);
#966=VECTOR('',#5498,1.);
#967=VECTOR('',#5499,1.);
#968=VECTOR('',#5500,1.);
#969=VECTOR('',#5503,1.);
#970=VECTOR('',#5506,1.);
#971=VECTOR('',#5507,1.);
#972=VECTOR('',#5508,1.);
#973=VECTOR('',#5509,1.);
#974=VECTOR('',#5512,1.);
#975=VECTOR('',#5513,1.);
#976=VECTOR('',#5514,1.);
#977=VECTOR('',#5517,1.);
#978=VECTOR('',#5518,1.);
#979=VECTOR('',#5519,1.);
#980=VECTOR('',#5520,1.);
#981=VECTOR('',#5525,1.);
#982=VECTOR('',#5528,1.);
#983=VECTOR('',#5529,1.);
#984=VECTOR('',#5534,1.);
#985=VECTOR('',#5535,1.);
#986=VECTOR('',#5540,1.);
#987=VECTOR('',#5541,1.);
#988=VECTOR('',#5542,1.);
#989=VECTOR('',#5543,1.);
#990=VECTOR('',#5546,1.);
#991=VECTOR('',#5547,1.);
#992=VECTOR('',#5550,1.);
#993=VECTOR('',#5551,1.);
#994=VECTOR('',#5556,1.);
#995=VECTOR('',#5559,1.);
#996=VECTOR('',#5560,1.);
#997=VECTOR('',#5565,1.);
#998=VECTOR('',#5566,1.);
#999=VECTOR('',#5567,1.);
#1000=VECTOR('',#5568,1.);
#1001=VECTOR('',#5571,1.);
#1002=VECTOR('',#5572,1.);
#1003=VECTOR('',#5575,1.);
#1004=VECTOR('',#5578,1.);
#1005=VECTOR('',#5579,1.);
#1006=VECTOR('',#5582,1.);
#1007=VECTOR('',#5583,1.);
#1008=VECTOR('',#5584,1.);
#1009=VECTOR('',#5589,1.);
#1010=VECTOR('',#5592,1.);
#1011=VECTOR('',#5593,1.);
#1012=VECTOR('',#5596,1.);
#1013=VECTOR('',#5599,1.);
#1014=VECTOR('',#5600,1.);
#1015=VECTOR('',#5601,1.);
#1016=VECTOR('',#5606,1.);
#1017=VECTOR('',#5607,1.);
#1018=VECTOR('',#5610,1.);
#1019=VECTOR('',#5633,1.);
#1020=VECTOR('',#5638,1.);
#1021=VECTOR('',#5639,1.);
#1022=VECTOR('',#5646,1.);
#1023=VECTOR('',#5647,1.);
#1024=VECTOR('',#5650,1.);
#1025=VECTOR('',#5653,1.);
#1026=VECTOR('',#5656,1.);
#1027=VECTOR('',#5657,1.);
#1028=VECTOR('',#5660,1.);
#1029=VECTOR('',#5663,1.);
#1030=ORIENTED_EDGE('',*,*,#2206,.T.);
#1031=ORIENTED_EDGE('',*,*,#2207,.T.);
#1032=ORIENTED_EDGE('',*,*,#2208,.T.);
#1033=ORIENTED_EDGE('',*,*,#2209,.F.);
#1034=ORIENTED_EDGE('',*,*,#2210,.F.);
#1035=ORIENTED_EDGE('',*,*,#2211,.T.);
#1036=ORIENTED_EDGE('',*,*,#2212,.F.);
#1037=ORIENTED_EDGE('',*,*,#2213,.F.);
#1038=ORIENTED_EDGE('',*,*,#2214,.T.);
#1039=ORIENTED_EDGE('',*,*,#2215,.T.);
#1040=ORIENTED_EDGE('',*,*,#2216,.T.);
#1041=ORIENTED_EDGE('',*,*,#2217,.F.);
#1042=ORIENTED_EDGE('',*,*,#2218,.F.);
#1043=ORIENTED_EDGE('',*,*,#2219,.F.);
#1044=ORIENTED_EDGE('',*,*,#2220,.F.);
#1045=ORIENTED_EDGE('',*,*,#2221,.T.);
#1046=ORIENTED_EDGE('',*,*,#2222,.F.);
#1047=ORIENTED_EDGE('',*,*,#2219,.T.);
#1048=ORIENTED_EDGE('',*,*,#2223,.F.);
#1049=ORIENTED_EDGE('',*,*,#2217,.T.);
#1050=ORIENTED_EDGE('',*,*,#2224,.F.);
#1051=ORIENTED_EDGE('',*,*,#2225,.F.);
#1052=ORIENTED_EDGE('',*,*,#2226,.T.);
#1053=ORIENTED_EDGE('',*,*,#2227,.F.);
#1054=ORIENTED_EDGE('',*,*,#2228,.F.);
#1055=ORIENTED_EDGE('',*,*,#2229,.F.);
#1056=ORIENTED_EDGE('',*,*,#2230,.T.);
#1057=ORIENTED_EDGE('',*,*,#2231,.T.);
#1058=ORIENTED_EDGE('',*,*,#2232,.T.);
#1059=ORIENTED_EDGE('',*,*,#2233,.T.);
#1060=ORIENTED_EDGE('',*,*,#2234,.F.);
#1061=ORIENTED_EDGE('',*,*,#2235,.T.);
#1062=ORIENTED_EDGE('',*,*,#2236,.T.);
#1063=ORIENTED_EDGE('',*,*,#2237,.T.);
#1064=ORIENTED_EDGE('',*,*,#2238,.T.);
#1065=ORIENTED_EDGE('',*,*,#2239,.T.);
#1066=ORIENTED_EDGE('',*,*,#2240,.F.);
#1067=ORIENTED_EDGE('',*,*,#2241,.F.);
#1068=ORIENTED_EDGE('',*,*,#2242,.T.);
#1069=ORIENTED_EDGE('',*,*,#2243,.T.);
#1070=ORIENTED_EDGE('',*,*,#2244,.F.);
#1071=ORIENTED_EDGE('',*,*,#2233,.F.);
#1072=ORIENTED_EDGE('',*,*,#2245,.T.);
#1073=ORIENTED_EDGE('',*,*,#2246,.T.);
#1074=ORIENTED_EDGE('',*,*,#2247,.T.);
#1075=ORIENTED_EDGE('',*,*,#2248,.F.);
#1076=ORIENTED_EDGE('',*,*,#2231,.F.);
#1077=ORIENTED_EDGE('',*,*,#2249,.T.);
#1078=ORIENTED_EDGE('',*,*,#2250,.T.);
#1079=ORIENTED_EDGE('',*,*,#2251,.F.);
#1080=ORIENTED_EDGE('',*,*,#2252,.F.);
#1081=ORIENTED_EDGE('',*,*,#2253,.T.);
#1082=ORIENTED_EDGE('',*,*,#2254,.T.);
#1083=ORIENTED_EDGE('',*,*,#2255,.F.);
#1084=ORIENTED_EDGE('',*,*,#2256,.F.);
#1085=ORIENTED_EDGE('',*,*,#2257,.F.);
#1086=ORIENTED_EDGE('',*,*,#2258,.T.);
#1087=ORIENTED_EDGE('',*,*,#2259,.T.);
#1088=ORIENTED_EDGE('',*,*,#2260,.T.);
#1089=ORIENTED_EDGE('',*,*,#2261,.F.);
#1090=ORIENTED_EDGE('',*,*,#2262,.F.);
#1091=ORIENTED_EDGE('',*,*,#2263,.T.);
#1092=ORIENTED_EDGE('',*,*,#2264,.F.);
#1093=ORIENTED_EDGE('',*,*,#2265,.T.);
#1094=ORIENTED_EDGE('',*,*,#2266,.F.);
#1095=ORIENTED_EDGE('',*,*,#2267,.F.);
#1096=ORIENTED_EDGE('',*,*,#2268,.F.);
#1097=ORIENTED_EDGE('',*,*,#2269,.F.);
#1098=ORIENTED_EDGE('',*,*,#2270,.F.);
#1099=ORIENTED_EDGE('',*,*,#2271,.T.);
#1100=ORIENTED_EDGE('',*,*,#2272,.T.);
#1101=ORIENTED_EDGE('',*,*,#2273,.F.);
#1102=ORIENTED_EDGE('',*,*,#2253,.F.);
#1103=ORIENTED_EDGE('',*,*,#2250,.F.);
#1104=ORIENTED_EDGE('',*,*,#2274,.F.);
#1105=ORIENTED_EDGE('',*,*,#2275,.T.);
#1106=ORIENTED_EDGE('',*,*,#2276,.F.);
#1107=ORIENTED_EDGE('',*,*,#2277,.T.);
#1108=ORIENTED_EDGE('',*,*,#2278,.F.);
#1109=ORIENTED_EDGE('',*,*,#2279,.T.);
#1110=ORIENTED_EDGE('',*,*,#2280,.T.);
#1111=ORIENTED_EDGE('',*,*,#2281,.F.);
#1112=ORIENTED_EDGE('',*,*,#2282,.F.);
#1113=ORIENTED_EDGE('',*,*,#2283,.F.);
#1114=ORIENTED_EDGE('',*,*,#2284,.T.);
#1115=ORIENTED_EDGE('',*,*,#2265,.F.);
#1116=ORIENTED_EDGE('',*,*,#2285,.F.);
#1117=ORIENTED_EDGE('',*,*,#2209,.T.);
#1118=ORIENTED_EDGE('',*,*,#2286,.T.);
#1119=ORIENTED_EDGE('',*,*,#2225,.T.);
#1120=ORIENTED_EDGE('',*,*,#2287,.F.);
#1121=ORIENTED_EDGE('',*,*,#2224,.T.);
#1122=ORIENTED_EDGE('',*,*,#2288,.T.);
#1123=ORIENTED_EDGE('',*,*,#2276,.T.);
#1124=ORIENTED_EDGE('',*,*,#2289,.F.);
#1125=ORIENTED_EDGE('',*,*,#2290,.F.);
#1126=ORIENTED_EDGE('',*,*,#2285,.T.);
#1127=ORIENTED_EDGE('',*,*,#2275,.F.);
#1128=ORIENTED_EDGE('',*,*,#2291,.F.);
#1129=ORIENTED_EDGE('',*,*,#2229,.T.);
#1130=ORIENTED_EDGE('',*,*,#2292,.T.);
#1131=ORIENTED_EDGE('',*,*,#2293,.T.);
#1132=ORIENTED_EDGE('',*,*,#2289,.T.);
#1133=ORIENTED_EDGE('',*,*,#2274,.T.);
#1134=ORIENTED_EDGE('',*,*,#2249,.F.);
#1135=ORIENTED_EDGE('',*,*,#2230,.F.);
#1136=ORIENTED_EDGE('',*,*,#2291,.T.);
#1137=ORIENTED_EDGE('',*,*,#2235,.F.);
#1138=ORIENTED_EDGE('',*,*,#2294,.T.);
#1139=ORIENTED_EDGE('',*,*,#2295,.F.);
#1140=ORIENTED_EDGE('',*,*,#2296,.T.);
#1141=ORIENTED_EDGE('',*,*,#2269,.T.);
#1142=ORIENTED_EDGE('',*,*,#2297,.F.);
#1143=ORIENTED_EDGE('',*,*,#2268,.T.);
#1144=ORIENTED_EDGE('',*,*,#2298,.F.);
#1145=ORIENTED_EDGE('',*,*,#2236,.F.);
#1146=ORIENTED_EDGE('',*,*,#2297,.T.);
#1147=ORIENTED_EDGE('',*,*,#2267,.T.);
#1148=ORIENTED_EDGE('',*,*,#2299,.F.);
#1149=ORIENTED_EDGE('',*,*,#2300,.F.);
#1150=ORIENTED_EDGE('',*,*,#2301,.F.);
#1151=ORIENTED_EDGE('',*,*,#2237,.F.);
#1152=ORIENTED_EDGE('',*,*,#2298,.T.);
#1153=ORIENTED_EDGE('',*,*,#2266,.T.);
#1154=ORIENTED_EDGE('',*,*,#2288,.F.);
#1155=ORIENTED_EDGE('',*,*,#2216,.F.);
#1156=ORIENTED_EDGE('',*,*,#2299,.T.);
#1157=ORIENTED_EDGE('',*,*,#2278,.T.);
#1158=ORIENTED_EDGE('',*,*,#2302,.F.);
#1159=ORIENTED_EDGE('',*,*,#2303,.F.);
#1160=ORIENTED_EDGE('',*,*,#2304,.F.);
#1161=ORIENTED_EDGE('',*,*,#2305,.F.);
#1162=ORIENTED_EDGE('',*,*,#2262,.T.);
#1163=ORIENTED_EDGE('',*,*,#2306,.F.);
#1164=ORIENTED_EDGE('',*,*,#2307,.T.);
#1165=ORIENTED_EDGE('',*,*,#2308,.F.);
#1166=ORIENTED_EDGE('',*,*,#2309,.F.);
#1167=ORIENTED_EDGE('',*,*,#2304,.T.);
#1168=ORIENTED_EDGE('',*,*,#2310,.T.);
#1169=ORIENTED_EDGE('',*,*,#2280,.F.);
#1170=ORIENTED_EDGE('',*,*,#2311,.F.);
#1171=ORIENTED_EDGE('',*,*,#2312,.T.);
#1172=ORIENTED_EDGE('',*,*,#2260,.F.);
#1173=ORIENTED_EDGE('',*,*,#2313,.T.);
#1174=ORIENTED_EDGE('',*,*,#2308,.T.);
#1175=ORIENTED_EDGE('',*,*,#2314,.T.);
#1176=ORIENTED_EDGE('',*,*,#2315,.T.);
#1177=ORIENTED_EDGE('',*,*,#2309,.T.);
#1178=ORIENTED_EDGE('',*,*,#2313,.F.);
#1179=ORIENTED_EDGE('',*,*,#2259,.F.);
#1180=ORIENTED_EDGE('',*,*,#2316,.F.);
#1181=ORIENTED_EDGE('',*,*,#2283,.T.);
#1182=ORIENTED_EDGE('',*,*,#2317,.T.);
#1183=ORIENTED_EDGE('',*,*,#2263,.F.);
#1184=ORIENTED_EDGE('',*,*,#2305,.T.);
#1185=ORIENTED_EDGE('',*,*,#2279,.F.);
#1186=ORIENTED_EDGE('',*,*,#2307,.F.);
#1187=ORIENTED_EDGE('',*,*,#2318,.T.);
#1188=ORIENTED_EDGE('',*,*,#2311,.T.);
#1189=ORIENTED_EDGE('',*,*,#2318,.F.);
#1190=ORIENTED_EDGE('',*,*,#2306,.T.);
#1191=ORIENTED_EDGE('',*,*,#2261,.T.);
#1192=ORIENTED_EDGE('',*,*,#2312,.F.);
#1193=ORIENTED_EDGE('',*,*,#2319,.F.);
#1194=ORIENTED_EDGE('',*,*,#2277,.F.);
#1195=ORIENTED_EDGE('',*,*,#2315,.F.);
#1196=ORIENTED_EDGE('',*,*,#2320,.T.);
#1197=ORIENTED_EDGE('',*,*,#2302,.T.);
#1198=ORIENTED_EDGE('',*,*,#2310,.F.);
#1199=ORIENTED_EDGE('',*,*,#2303,.T.);
#1200=ORIENTED_EDGE('',*,*,#2320,.F.);
#1201=ORIENTED_EDGE('',*,*,#2314,.F.);
#1202=ORIENTED_EDGE('',*,*,#2321,.F.);
#1203=ORIENTED_EDGE('',*,*,#2321,.T.);
#1204=ORIENTED_EDGE('',*,*,#2322,.F.);
#1205=ORIENTED_EDGE('',*,*,#2322,.T.);
#1206=ORIENTED_EDGE('',*,*,#2319,.T.);
#1207=ORIENTED_EDGE('',*,*,#2323,.F.);
#1208=ORIENTED_EDGE('',*,*,#2323,.T.);
#1209=ORIENTED_EDGE('',*,*,#2281,.T.);
#1210=ORIENTED_EDGE('',*,*,#2324,.T.);
#1211=ORIENTED_EDGE('',*,*,#2257,.T.);
#1212=ORIENTED_EDGE('',*,*,#2325,.F.);
#1213=ORIENTED_EDGE('',*,*,#2316,.T.);
#1214=ORIENTED_EDGE('',*,*,#2258,.F.);
#1215=ORIENTED_EDGE('',*,*,#2324,.F.);
#1216=ORIENTED_EDGE('',*,*,#2284,.F.);
#1217=ORIENTED_EDGE('',*,*,#2282,.T.);
#1218=ORIENTED_EDGE('',*,*,#2325,.T.);
#1219=ORIENTED_EDGE('',*,*,#2264,.T.);
#1220=ORIENTED_EDGE('',*,*,#2317,.F.);
#1221=ORIENTED_EDGE('',*,*,#2326,.F.);
#1222=ORIENTED_EDGE('',*,*,#2270,.T.);
#1223=ORIENTED_EDGE('',*,*,#2327,.T.);
#1224=ORIENTED_EDGE('',*,*,#2328,.F.);
#1225=ORIENTED_EDGE('',*,*,#2329,.T.);
#1226=ORIENTED_EDGE('',*,*,#2327,.F.);
#1227=ORIENTED_EDGE('',*,*,#2296,.F.);
#1228=ORIENTED_EDGE('',*,*,#2330,.F.);
#1229=ORIENTED_EDGE('',*,*,#2251,.T.);
#1230=ORIENTED_EDGE('',*,*,#2256,.T.);
#1231=ORIENTED_EDGE('',*,*,#2242,.F.);
#1232=ORIENTED_EDGE('',*,*,#2330,.T.);
#1233=ORIENTED_EDGE('',*,*,#2255,.T.);
#1234=ORIENTED_EDGE('',*,*,#2331,.T.);
#1235=ORIENTED_EDGE('',*,*,#2332,.F.);
#1236=ORIENTED_EDGE('',*,*,#2333,.F.);
#1237=ORIENTED_EDGE('',*,*,#2328,.T.);
#1238=ORIENTED_EDGE('',*,*,#2329,.F.);
#1239=ORIENTED_EDGE('',*,*,#2334,.F.);
#1240=ORIENTED_EDGE('',*,*,#2272,.F.);
#1241=ORIENTED_EDGE('',*,*,#2335,.T.);
#1242=ORIENTED_EDGE('',*,*,#2332,.T.);
#1243=ORIENTED_EDGE('',*,*,#2335,.F.);
#1244=ORIENTED_EDGE('',*,*,#2271,.F.);
#1245=ORIENTED_EDGE('',*,*,#2326,.T.);
#1246=ORIENTED_EDGE('',*,*,#2333,.T.);
#1247=ORIENTED_EDGE('',*,*,#2273,.T.);
#1248=ORIENTED_EDGE('',*,*,#2334,.T.);
#1249=ORIENTED_EDGE('',*,*,#2331,.F.);
#1250=ORIENTED_EDGE('',*,*,#2254,.F.);
#1251=ORIENTED_EDGE('',*,*,#2294,.F.);
#1252=ORIENTED_EDGE('',*,*,#2234,.T.);
#1253=ORIENTED_EDGE('',*,*,#2244,.T.);
#1254=ORIENTED_EDGE('',*,*,#2336,.F.);
#1255=ORIENTED_EDGE('',*,*,#2243,.F.);
#1256=ORIENTED_EDGE('',*,*,#2295,.T.);
#1257=ORIENTED_EDGE('',*,*,#2336,.T.);
#1258=ORIENTED_EDGE('',*,*,#2337,.F.);
#1259=ORIENTED_EDGE('',*,*,#2252,.T.);
#1260=ORIENTED_EDGE('',*,*,#2246,.F.);
#1261=ORIENTED_EDGE('',*,*,#2232,.F.);
#1262=ORIENTED_EDGE('',*,*,#2248,.T.);
#1263=ORIENTED_EDGE('',*,*,#2337,.T.);
#1264=ORIENTED_EDGE('',*,*,#2245,.F.);
#1265=ORIENTED_EDGE('',*,*,#2338,.F.);
#1266=ORIENTED_EDGE('',*,*,#2241,.T.);
#1267=ORIENTED_EDGE('',*,*,#2338,.T.);
#1268=ORIENTED_EDGE('',*,*,#2339,.T.);
#1269=ORIENTED_EDGE('',*,*,#2247,.F.);
#1270=ORIENTED_EDGE('',*,*,#2339,.F.);
#1271=ORIENTED_EDGE('',*,*,#2340,.F.);
#1272=ORIENTED_EDGE('',*,*,#2341,.T.);
#1273=ORIENTED_EDGE('',*,*,#2342,.T.);
#1274=ORIENTED_EDGE('',*,*,#2343,.T.);
#1275=ORIENTED_EDGE('',*,*,#2344,.T.);
#1276=ORIENTED_EDGE('',*,*,#2238,.F.);
#1277=ORIENTED_EDGE('',*,*,#2301,.T.);
#1278=ORIENTED_EDGE('',*,*,#2345,.F.);
#1279=ORIENTED_EDGE('',*,*,#2346,.T.);
#1280=ORIENTED_EDGE('',*,*,#2220,.T.);
#1281=ORIENTED_EDGE('',*,*,#2287,.T.);
#1282=ORIENTED_EDGE('',*,*,#2240,.T.);
#1283=ORIENTED_EDGE('',*,*,#2347,.F.);
#1284=ORIENTED_EDGE('',*,*,#2348,.F.);
#1285=ORIENTED_EDGE('',*,*,#2239,.F.);
#1286=ORIENTED_EDGE('',*,*,#2344,.F.);
#1287=ORIENTED_EDGE('',*,*,#2349,.T.);
#1288=ORIENTED_EDGE('',*,*,#2347,.T.);
#1289=ORIENTED_EDGE('',*,*,#2350,.F.);
#1290=ORIENTED_EDGE('',*,*,#2351,.T.);
#1291=ORIENTED_EDGE('',*,*,#2352,.T.);
#1292=ORIENTED_EDGE('',*,*,#2292,.F.);
#1293=ORIENTED_EDGE('',*,*,#2228,.T.);
#1294=ORIENTED_EDGE('',*,*,#2353,.F.);
#1295=ORIENTED_EDGE('',*,*,#2354,.F.);
#1296=ORIENTED_EDGE('',*,*,#2227,.T.);
#1297=ORIENTED_EDGE('',*,*,#2355,.F.);
#1298=ORIENTED_EDGE('',*,*,#2356,.F.);
#1299=ORIENTED_EDGE('',*,*,#2353,.T.);
#1300=ORIENTED_EDGE('',*,*,#2208,.F.);
#1301=ORIENTED_EDGE('',*,*,#2357,.T.);
#1302=ORIENTED_EDGE('',*,*,#2358,.T.);
#1303=ORIENTED_EDGE('',*,*,#2359,.T.);
#1304=ORIENTED_EDGE('',*,*,#2355,.T.);
#1305=ORIENTED_EDGE('',*,*,#2226,.F.);
#1306=ORIENTED_EDGE('',*,*,#2286,.F.);
#1307=ORIENTED_EDGE('',*,*,#2352,.F.);
#1308=ORIENTED_EDGE('',*,*,#2360,.T.);
#1309=ORIENTED_EDGE('',*,*,#2361,.T.);
#1310=ORIENTED_EDGE('',*,*,#2293,.F.);
#1311=ORIENTED_EDGE('',*,*,#2362,.F.);
#1312=ORIENTED_EDGE('',*,*,#2363,.F.);
#1313=ORIENTED_EDGE('',*,*,#2356,.T.);
#1314=ORIENTED_EDGE('',*,*,#2359,.F.);
#1315=ORIENTED_EDGE('',*,*,#2364,.F.);
#1316=ORIENTED_EDGE('',*,*,#2354,.T.);
#1317=ORIENTED_EDGE('',*,*,#2361,.F.);
#1318=ORIENTED_EDGE('',*,*,#2365,.T.);
#1319=ORIENTED_EDGE('',*,*,#2366,.T.);
#1320=ORIENTED_EDGE('',*,*,#2212,.T.);
#1321=ORIENTED_EDGE('',*,*,#2367,.T.);
#1322=ORIENTED_EDGE('',*,*,#2210,.T.);
#1323=ORIENTED_EDGE('',*,*,#2290,.T.);
#1324=ORIENTED_EDGE('',*,*,#2358,.F.);
#1325=ORIENTED_EDGE('',*,*,#2368,.T.);
#1326=ORIENTED_EDGE('',*,*,#2350,.T.);
#1327=ORIENTED_EDGE('',*,*,#2364,.T.);
#1328=ORIENTED_EDGE('',*,*,#2215,.F.);
#1329=ORIENTED_EDGE('',*,*,#2369,.T.);
#1330=ORIENTED_EDGE('',*,*,#2340,.T.);
#1331=ORIENTED_EDGE('',*,*,#2300,.T.);
#1332=ORIENTED_EDGE('',*,*,#2370,.T.);
#1333=ORIENTED_EDGE('',*,*,#2371,.T.);
#1334=ORIENTED_EDGE('',*,*,#2349,.F.);
#1335=ORIENTED_EDGE('',*,*,#2343,.F.);
#1336=ORIENTED_EDGE('',*,*,#2372,.T.);
#1337=ORIENTED_EDGE('',*,*,#2348,.T.);
#1338=ORIENTED_EDGE('',*,*,#2342,.F.);
#1339=ORIENTED_EDGE('',*,*,#2373,.T.);
#1340=ORIENTED_EDGE('',*,*,#2345,.T.);
#1341=ORIENTED_EDGE('',*,*,#2372,.F.);
#1342=ORIENTED_EDGE('',*,*,#2371,.F.);
#1343=ORIENTED_EDGE('',*,*,#2222,.T.);
#1344=ORIENTED_EDGE('',*,*,#2374,.T.);
#1345=ORIENTED_EDGE('',*,*,#2375,.T.);
#1346=ORIENTED_EDGE('',*,*,#2213,.T.);
#1347=ORIENTED_EDGE('',*,*,#2370,.F.);
#1348=ORIENTED_EDGE('',*,*,#2218,.T.);
#1349=ORIENTED_EDGE('',*,*,#2223,.T.);
#1350=ORIENTED_EDGE('',*,*,#2363,.T.);
#1351=ORIENTED_EDGE('',*,*,#2211,.F.);
#1352=ORIENTED_EDGE('',*,*,#2367,.F.);
#1353=ORIENTED_EDGE('',*,*,#2362,.T.);
#1354=ORIENTED_EDGE('',*,*,#2376,.F.);
#1355=ORIENTED_EDGE('',*,*,#2377,.T.);
#1356=ORIENTED_EDGE('',*,*,#2206,.F.);
#1357=ORIENTED_EDGE('',*,*,#2366,.F.);
#1358=ORIENTED_EDGE('',*,*,#2351,.F.);
#1359=ORIENTED_EDGE('',*,*,#2368,.F.);
#1360=ORIENTED_EDGE('',*,*,#2357,.F.);
#1361=ORIENTED_EDGE('',*,*,#2207,.F.);
#1362=ORIENTED_EDGE('',*,*,#2377,.F.);
#1363=ORIENTED_EDGE('',*,*,#2376,.T.);
#1364=ORIENTED_EDGE('',*,*,#2365,.F.);
#1365=ORIENTED_EDGE('',*,*,#2360,.F.);
#1366=ORIENTED_EDGE('',*,*,#2346,.F.);
#1367=ORIENTED_EDGE('',*,*,#2373,.F.);
#1368=ORIENTED_EDGE('',*,*,#2341,.F.);
#1369=ORIENTED_EDGE('',*,*,#2369,.F.);
#1370=ORIENTED_EDGE('',*,*,#2214,.F.);
#1371=ORIENTED_EDGE('',*,*,#2375,.F.);
#1372=ORIENTED_EDGE('',*,*,#2374,.F.);
#1373=ORIENTED_EDGE('',*,*,#2221,.F.);
#1374=ORIENTED_EDGE('',*,*,#2378,.F.);
#1375=ORIENTED_EDGE('',*,*,#2379,.F.);
#1376=ORIENTED_EDGE('',*,*,#2380,.T.);
#1377=ORIENTED_EDGE('',*,*,#2381,.T.);
#1378=ORIENTED_EDGE('',*,*,#2382,.T.);
#1379=ORIENTED_EDGE('',*,*,#2383,.F.);
#1380=ORIENTED_EDGE('',*,*,#2384,.F.);
#1381=ORIENTED_EDGE('',*,*,#2379,.T.);
#1382=ORIENTED_EDGE('',*,*,#2385,.F.);
#1383=ORIENTED_EDGE('',*,*,#2386,.F.);
#1384=ORIENTED_EDGE('',*,*,#2387,.T.);
#1385=ORIENTED_EDGE('',*,*,#2383,.T.);
#1386=ORIENTED_EDGE('',*,*,#2388,.F.);
#1387=ORIENTED_EDGE('',*,*,#2389,.F.);
#1388=ORIENTED_EDGE('',*,*,#2390,.T.);
#1389=ORIENTED_EDGE('',*,*,#2386,.T.);
#1390=ORIENTED_EDGE('',*,*,#2391,.F.);
#1391=ORIENTED_EDGE('',*,*,#2392,.F.);
#1392=ORIENTED_EDGE('',*,*,#2393,.T.);
#1393=ORIENTED_EDGE('',*,*,#2389,.T.);
#1394=ORIENTED_EDGE('',*,*,#2394,.T.);
#1395=ORIENTED_EDGE('',*,*,#2395,.F.);
#1396=ORIENTED_EDGE('',*,*,#2396,.F.);
#1397=ORIENTED_EDGE('',*,*,#2392,.T.);
#1398=ORIENTED_EDGE('',*,*,#2397,.F.);
#1399=ORIENTED_EDGE('',*,*,#2398,.F.);
#1400=ORIENTED_EDGE('',*,*,#2399,.T.);
#1401=ORIENTED_EDGE('',*,*,#2395,.T.);
#1402=ORIENTED_EDGE('',*,*,#2400,.T.);
#1403=ORIENTED_EDGE('',*,*,#2401,.F.);
#1404=ORIENTED_EDGE('',*,*,#2402,.F.);
#1405=ORIENTED_EDGE('',*,*,#2398,.T.);
#1406=ORIENTED_EDGE('',*,*,#2403,.F.);
#1407=ORIENTED_EDGE('',*,*,#2404,.F.);
#1408=ORIENTED_EDGE('',*,*,#2405,.T.);
#1409=ORIENTED_EDGE('',*,*,#2401,.T.);
#1410=ORIENTED_EDGE('',*,*,#2406,.T.);
#1411=ORIENTED_EDGE('',*,*,#2407,.F.);
#1412=ORIENTED_EDGE('',*,*,#2408,.F.);
#1413=ORIENTED_EDGE('',*,*,#2404,.T.);
#1414=ORIENTED_EDGE('',*,*,#2409,.T.);
#1415=ORIENTED_EDGE('',*,*,#2410,.F.);
#1416=ORIENTED_EDGE('',*,*,#2411,.F.);
#1417=ORIENTED_EDGE('',*,*,#2407,.T.);
#1418=ORIENTED_EDGE('',*,*,#2412,.F.);
#1419=ORIENTED_EDGE('',*,*,#2381,.F.);
#1420=ORIENTED_EDGE('',*,*,#2413,.T.);
#1421=ORIENTED_EDGE('',*,*,#2410,.T.);
#1422=ORIENTED_EDGE('',*,*,#2380,.F.);
#1423=ORIENTED_EDGE('',*,*,#2384,.T.);
#1424=ORIENTED_EDGE('',*,*,#2387,.F.);
#1425=ORIENTED_EDGE('',*,*,#2390,.F.);
#1426=ORIENTED_EDGE('',*,*,#2393,.F.);
#1427=ORIENTED_EDGE('',*,*,#2396,.T.);
#1428=ORIENTED_EDGE('',*,*,#2399,.F.);
#1429=ORIENTED_EDGE('',*,*,#2402,.T.);
#1430=ORIENTED_EDGE('',*,*,#2405,.F.);
#1431=ORIENTED_EDGE('',*,*,#2408,.T.);
#1432=ORIENTED_EDGE('',*,*,#2411,.T.);
#1433=ORIENTED_EDGE('',*,*,#2413,.F.);
#1434=ORIENTED_EDGE('',*,*,#2378,.T.);
#1435=ORIENTED_EDGE('',*,*,#2412,.T.);
#1436=ORIENTED_EDGE('',*,*,#2409,.F.);
#1437=ORIENTED_EDGE('',*,*,#2406,.F.);
#1438=ORIENTED_EDGE('',*,*,#2403,.T.);
#1439=ORIENTED_EDGE('',*,*,#2400,.F.);
#1440=ORIENTED_EDGE('',*,*,#2397,.T.);
#1441=ORIENTED_EDGE('',*,*,#2394,.F.);
#1442=ORIENTED_EDGE('',*,*,#2391,.T.);
#1443=ORIENTED_EDGE('',*,*,#2388,.T.);
#1444=ORIENTED_EDGE('',*,*,#2385,.T.);
#1445=ORIENTED_EDGE('',*,*,#2382,.F.);
#1446=ORIENTED_EDGE('',*,*,#2414,.T.);
#1447=ORIENTED_EDGE('',*,*,#2415,.F.);
#1448=ORIENTED_EDGE('',*,*,#2414,.F.);
#1449=ORIENTED_EDGE('',*,*,#2415,.T.);
#1450=ORIENTED_EDGE('',*,*,#2416,.T.);
#1451=ORIENTED_EDGE('',*,*,#2417,.F.);
#1452=ORIENTED_EDGE('',*,*,#2418,.F.);
#1453=ORIENTED_EDGE('',*,*,#2419,.T.);
#1454=ORIENTED_EDGE('',*,*,#2420,.F.);
#1455=ORIENTED_EDGE('',*,*,#2421,.F.);
#1456=ORIENTED_EDGE('',*,*,#2422,.T.);
#1457=ORIENTED_EDGE('',*,*,#2417,.T.);
#1458=ORIENTED_EDGE('',*,*,#2423,.F.);
#1459=ORIENTED_EDGE('',*,*,#2424,.F.);
#1460=ORIENTED_EDGE('',*,*,#2425,.T.);
#1461=ORIENTED_EDGE('',*,*,#2421,.T.);
#1462=ORIENTED_EDGE('',*,*,#2426,.T.);
#1463=ORIENTED_EDGE('',*,*,#2427,.F.);
#1464=ORIENTED_EDGE('',*,*,#2428,.F.);
#1465=ORIENTED_EDGE('',*,*,#2424,.T.);
#1466=ORIENTED_EDGE('',*,*,#2429,.T.);
#1467=ORIENTED_EDGE('',*,*,#2430,.F.);
#1468=ORIENTED_EDGE('',*,*,#2431,.F.);
#1469=ORIENTED_EDGE('',*,*,#2427,.T.);
#1470=ORIENTED_EDGE('',*,*,#2432,.F.);
#1471=ORIENTED_EDGE('',*,*,#2433,.F.);
#1472=ORIENTED_EDGE('',*,*,#2434,.T.);
#1473=ORIENTED_EDGE('',*,*,#2430,.T.);
#1474=ORIENTED_EDGE('',*,*,#2435,.F.);
#1475=ORIENTED_EDGE('',*,*,#2436,.F.);
#1476=ORIENTED_EDGE('',*,*,#2437,.T.);
#1477=ORIENTED_EDGE('',*,*,#2433,.T.);
#1478=ORIENTED_EDGE('',*,*,#2438,.T.);
#1479=ORIENTED_EDGE('',*,*,#2439,.F.);
#1480=ORIENTED_EDGE('',*,*,#2440,.F.);
#1481=ORIENTED_EDGE('',*,*,#2436,.T.);
#1482=ORIENTED_EDGE('',*,*,#2441,.F.);
#1483=ORIENTED_EDGE('',*,*,#2442,.F.);
#1484=ORIENTED_EDGE('',*,*,#2443,.T.);
#1485=ORIENTED_EDGE('',*,*,#2439,.T.);
#1486=ORIENTED_EDGE('',*,*,#2444,.F.);
#1487=ORIENTED_EDGE('',*,*,#2445,.F.);
#1488=ORIENTED_EDGE('',*,*,#2446,.T.);
#1489=ORIENTED_EDGE('',*,*,#2442,.T.);
#1490=ORIENTED_EDGE('',*,*,#2447,.F.);
#1491=ORIENTED_EDGE('',*,*,#2448,.F.);
#1492=ORIENTED_EDGE('',*,*,#2449,.T.);
#1493=ORIENTED_EDGE('',*,*,#2445,.T.);
#1494=ORIENTED_EDGE('',*,*,#2450,.T.);
#1495=ORIENTED_EDGE('',*,*,#2419,.F.);
#1496=ORIENTED_EDGE('',*,*,#2451,.F.);
#1497=ORIENTED_EDGE('',*,*,#2448,.T.);
#1498=ORIENTED_EDGE('',*,*,#2418,.T.);
#1499=ORIENTED_EDGE('',*,*,#2422,.F.);
#1500=ORIENTED_EDGE('',*,*,#2425,.F.);
#1501=ORIENTED_EDGE('',*,*,#2428,.T.);
#1502=ORIENTED_EDGE('',*,*,#2431,.T.);
#1503=ORIENTED_EDGE('',*,*,#2434,.F.);
#1504=ORIENTED_EDGE('',*,*,#2437,.F.);
#1505=ORIENTED_EDGE('',*,*,#2440,.T.);
#1506=ORIENTED_EDGE('',*,*,#2443,.F.);
#1507=ORIENTED_EDGE('',*,*,#2446,.F.);
#1508=ORIENTED_EDGE('',*,*,#2449,.F.);
#1509=ORIENTED_EDGE('',*,*,#2451,.T.);
#1510=ORIENTED_EDGE('',*,*,#2416,.F.);
#1511=ORIENTED_EDGE('',*,*,#2450,.F.);
#1512=ORIENTED_EDGE('',*,*,#2447,.T.);
#1513=ORIENTED_EDGE('',*,*,#2444,.T.);
#1514=ORIENTED_EDGE('',*,*,#2441,.T.);
#1515=ORIENTED_EDGE('',*,*,#2438,.F.);
#1516=ORIENTED_EDGE('',*,*,#2435,.T.);
#1517=ORIENTED_EDGE('',*,*,#2432,.T.);
#1518=ORIENTED_EDGE('',*,*,#2429,.F.);
#1519=ORIENTED_EDGE('',*,*,#2426,.F.);
#1520=ORIENTED_EDGE('',*,*,#2423,.T.);
#1521=ORIENTED_EDGE('',*,*,#2420,.T.);
#1522=ORIENTED_EDGE('',*,*,#2452,.F.);
#1523=ORIENTED_EDGE('',*,*,#2453,.T.);
#1524=ORIENTED_EDGE('',*,*,#2454,.T.);
#1525=ORIENTED_EDGE('',*,*,#2455,.F.);
#1526=ORIENTED_EDGE('',*,*,#2456,.F.);
#1527=ORIENTED_EDGE('',*,*,#2457,.T.);
#1528=ORIENTED_EDGE('',*,*,#2458,.T.);
#1529=ORIENTED_EDGE('',*,*,#2459,.F.);
#1530=ORIENTED_EDGE('',*,*,#2460,.T.);
#1531=ORIENTED_EDGE('',*,*,#2461,.T.);
#1532=ORIENTED_EDGE('',*,*,#2462,.T.);
#1533=ORIENTED_EDGE('',*,*,#2463,.T.);
#1534=ORIENTED_EDGE('',*,*,#2464,.F.);
#1535=ORIENTED_EDGE('',*,*,#2465,.T.);
#1536=ORIENTED_EDGE('',*,*,#2466,.F.);
#1537=ORIENTED_EDGE('',*,*,#2460,.F.);
#1538=ORIENTED_EDGE('',*,*,#2467,.T.);
#1539=ORIENTED_EDGE('',*,*,#2468,.T.);
#1540=ORIENTED_EDGE('',*,*,#2469,.F.);
#1541=ORIENTED_EDGE('',*,*,#2470,.F.);
#1542=ORIENTED_EDGE('',*,*,#2471,.F.);
#1543=ORIENTED_EDGE('',*,*,#2472,.T.);
#1544=ORIENTED_EDGE('',*,*,#2473,.T.);
#1545=ORIENTED_EDGE('',*,*,#2463,.F.);
#1546=ORIENTED_EDGE('',*,*,#2474,.F.);
#1547=ORIENTED_EDGE('',*,*,#2475,.T.);
#1548=ORIENTED_EDGE('',*,*,#2476,.F.);
#1549=ORIENTED_EDGE('',*,*,#2477,.F.);
#1550=ORIENTED_EDGE('',*,*,#2478,.F.);
#1551=ORIENTED_EDGE('',*,*,#2459,.T.);
#1552=ORIENTED_EDGE('',*,*,#2479,.T.);
#1553=ORIENTED_EDGE('',*,*,#2477,.T.);
#1554=ORIENTED_EDGE('',*,*,#2480,.F.);
#1555=ORIENTED_EDGE('',*,*,#2481,.T.);
#1556=ORIENTED_EDGE('',*,*,#2482,.F.);
#1557=ORIENTED_EDGE('',*,*,#2483,.F.);
#1558=ORIENTED_EDGE('',*,*,#2484,.T.);
#1559=ORIENTED_EDGE('',*,*,#2485,.T.);
#1560=ORIENTED_EDGE('',*,*,#2486,.T.);
#1561=ORIENTED_EDGE('',*,*,#2487,.F.);
#1562=ORIENTED_EDGE('',*,*,#2488,.F.);
#1563=ORIENTED_EDGE('',*,*,#2489,.F.);
#1564=ORIENTED_EDGE('',*,*,#2490,.F.);
#1565=ORIENTED_EDGE('',*,*,#2491,.T.);
#1566=ORIENTED_EDGE('',*,*,#2492,.F.);
#1567=ORIENTED_EDGE('',*,*,#2493,.F.);
#1568=ORIENTED_EDGE('',*,*,#2464,.T.);
#1569=ORIENTED_EDGE('',*,*,#2473,.F.);
#1570=ORIENTED_EDGE('',*,*,#2494,.F.);
#1571=ORIENTED_EDGE('',*,*,#2454,.F.);
#1572=ORIENTED_EDGE('',*,*,#2495,.T.);
#1573=ORIENTED_EDGE('',*,*,#2496,.T.);
#1574=ORIENTED_EDGE('',*,*,#2497,.T.);
#1575=ORIENTED_EDGE('',*,*,#2498,.T.);
#1576=ORIENTED_EDGE('',*,*,#2499,.T.);
#1577=ORIENTED_EDGE('',*,*,#2500,.T.);
#1578=ORIENTED_EDGE('',*,*,#2501,.F.);
#1579=ORIENTED_EDGE('',*,*,#2502,.F.);
#1580=ORIENTED_EDGE('',*,*,#2503,.F.);
#1581=ORIENTED_EDGE('',*,*,#2504,.F.);
#1582=ORIENTED_EDGE('',*,*,#2505,.T.);
#1583=ORIENTED_EDGE('',*,*,#2506,.T.);
#1584=ORIENTED_EDGE('',*,*,#2507,.F.);
#1585=ORIENTED_EDGE('',*,*,#2508,.F.);
#1586=ORIENTED_EDGE('',*,*,#2509,.T.);
#1587=ORIENTED_EDGE('',*,*,#2510,.T.);
#1588=ORIENTED_EDGE('',*,*,#2511,.F.);
#1589=ORIENTED_EDGE('',*,*,#2512,.F.);
#1590=ORIENTED_EDGE('',*,*,#2513,.F.);
#1591=ORIENTED_EDGE('',*,*,#2508,.T.);
#1592=ORIENTED_EDGE('',*,*,#2514,.F.);
#1593=ORIENTED_EDGE('',*,*,#2515,.F.);
#1594=ORIENTED_EDGE('',*,*,#2516,.T.);
#1595=ORIENTED_EDGE('',*,*,#2517,.F.);
#1596=ORIENTED_EDGE('',*,*,#2518,.F.);
#1597=ORIENTED_EDGE('',*,*,#2519,.F.);
#1598=ORIENTED_EDGE('',*,*,#2520,.T.);
#1599=ORIENTED_EDGE('',*,*,#2521,.T.);
#1600=ORIENTED_EDGE('',*,*,#2519,.T.);
#1601=ORIENTED_EDGE('',*,*,#2522,.T.);
#1602=ORIENTED_EDGE('',*,*,#2523,.T.);
#1603=ORIENTED_EDGE('',*,*,#2524,.T.);
#1604=ORIENTED_EDGE('',*,*,#2525,.F.);
#1605=ORIENTED_EDGE('',*,*,#2526,.T.);
#1606=ORIENTED_EDGE('',*,*,#2527,.T.);
#1607=ORIENTED_EDGE('',*,*,#2528,.F.);
#1608=ORIENTED_EDGE('',*,*,#2529,.T.);
#1609=ORIENTED_EDGE('',*,*,#2530,.F.);
#1610=ORIENTED_EDGE('',*,*,#2531,.F.);
#1611=ORIENTED_EDGE('',*,*,#2532,.F.);
#1612=ORIENTED_EDGE('',*,*,#2533,.F.);
#1613=ORIENTED_EDGE('',*,*,#2534,.T.);
#1614=ORIENTED_EDGE('',*,*,#2535,.T.);
#1615=ORIENTED_EDGE('',*,*,#2536,.F.);
#1616=ORIENTED_EDGE('',*,*,#2537,.F.);
#1617=ORIENTED_EDGE('',*,*,#2538,.F.);
#1618=ORIENTED_EDGE('',*,*,#2539,.T.);
#1619=ORIENTED_EDGE('',*,*,#2540,.T.);
#1620=ORIENTED_EDGE('',*,*,#2541,.F.);
#1621=ORIENTED_EDGE('',*,*,#2542,.T.);
#1622=ORIENTED_EDGE('',*,*,#2543,.T.);
#1623=ORIENTED_EDGE('',*,*,#2544,.F.);
#1624=ORIENTED_EDGE('',*,*,#2545,.F.);
#1625=ORIENTED_EDGE('',*,*,#2546,.T.);
#1626=ORIENTED_EDGE('',*,*,#2547,.T.);
#1627=ORIENTED_EDGE('',*,*,#2548,.F.);
#1628=ORIENTED_EDGE('',*,*,#2549,.F.);
#1629=ORIENTED_EDGE('',*,*,#2550,.T.);
#1630=ORIENTED_EDGE('',*,*,#2551,.T.);
#1631=ORIENTED_EDGE('',*,*,#2552,.F.);
#1632=ORIENTED_EDGE('',*,*,#2553,.F.);
#1633=ORIENTED_EDGE('',*,*,#2554,.T.);
#1634=ORIENTED_EDGE('',*,*,#2555,.F.);
#1635=ORIENTED_EDGE('',*,*,#2556,.T.);
#1636=ORIENTED_EDGE('',*,*,#2557,.F.);
#1637=ORIENTED_EDGE('',*,*,#2558,.T.);
#1638=ORIENTED_EDGE('',*,*,#2559,.F.);
#1639=ORIENTED_EDGE('',*,*,#2560,.F.);
#1640=ORIENTED_EDGE('',*,*,#2561,.F.);
#1641=ORIENTED_EDGE('',*,*,#2562,.F.);
#1642=ORIENTED_EDGE('',*,*,#2559,.T.);
#1643=ORIENTED_EDGE('',*,*,#2563,.F.);
#1644=ORIENTED_EDGE('',*,*,#2564,.T.);
#1645=ORIENTED_EDGE('',*,*,#2565,.T.);
#1646=ORIENTED_EDGE('',*,*,#2483,.T.);
#1647=ORIENTED_EDGE('',*,*,#2566,.F.);
#1648=ORIENTED_EDGE('',*,*,#2567,.T.);
#1649=ORIENTED_EDGE('',*,*,#2514,.T.);
#1650=ORIENTED_EDGE('',*,*,#2507,.T.);
#1651=ORIENTED_EDGE('',*,*,#2568,.T.);
#1652=ORIENTED_EDGE('',*,*,#2569,.T.);
#1653=ORIENTED_EDGE('',*,*,#2570,.T.);
#1654=ORIENTED_EDGE('',*,*,#2571,.F.);
#1655=ORIENTED_EDGE('',*,*,#2572,.F.);
#1656=ORIENTED_EDGE('',*,*,#2499,.F.);
#1657=ORIENTED_EDGE('',*,*,#2573,.F.);
#1658=ORIENTED_EDGE('',*,*,#2574,.F.);
#1659=ORIENTED_EDGE('',*,*,#2575,.T.);
#1660=ORIENTED_EDGE('',*,*,#2505,.F.);
#1661=ORIENTED_EDGE('',*,*,#2576,.F.);
#1662=ORIENTED_EDGE('',*,*,#2577,.T.);
#1663=ORIENTED_EDGE('',*,*,#2578,.T.);
#1664=ORIENTED_EDGE('',*,*,#2579,.F.);
#1665=ORIENTED_EDGE('',*,*,#2580,.F.);
#1666=ORIENTED_EDGE('',*,*,#2549,.T.);
#1667=ORIENTED_EDGE('',*,*,#2581,.F.);
#1668=ORIENTED_EDGE('',*,*,#2582,.F.);
#1669=ORIENTED_EDGE('',*,*,#2583,.F.);
#1670=ORIENTED_EDGE('',*,*,#2584,.T.);
#1671=ORIENTED_EDGE('',*,*,#2585,.T.);
#1672=ORIENTED_EDGE('',*,*,#2545,.T.);
#1673=ORIENTED_EDGE('',*,*,#2586,.T.);
#1674=ORIENTED_EDGE('',*,*,#2587,.F.);
#1675=ORIENTED_EDGE('',*,*,#2588,.F.);
#1676=ORIENTED_EDGE('',*,*,#2589,.F.);
#1677=ORIENTED_EDGE('',*,*,#2590,.T.);
#1678=ORIENTED_EDGE('',*,*,#2591,.F.);
#1679=ORIENTED_EDGE('',*,*,#2582,.T.);
#1680=ORIENTED_EDGE('',*,*,#2592,.T.);
#1681=ORIENTED_EDGE('',*,*,#2593,.F.);
#1682=ORIENTED_EDGE('',*,*,#2594,.F.);
#1683=ORIENTED_EDGE('',*,*,#2595,.T.);
#1684=ORIENTED_EDGE('',*,*,#2596,.F.);
#1685=ORIENTED_EDGE('',*,*,#2593,.T.);
#1686=ORIENTED_EDGE('',*,*,#2597,.T.);
#1687=ORIENTED_EDGE('',*,*,#2547,.F.);
#1688=ORIENTED_EDGE('',*,*,#2598,.F.);
#1689=ORIENTED_EDGE('',*,*,#2599,.T.);
#1690=ORIENTED_EDGE('',*,*,#2600,.T.);
#1691=ORIENTED_EDGE('',*,*,#2601,.F.);
#1692=ORIENTED_EDGE('',*,*,#2602,.T.);
#1693=ORIENTED_EDGE('',*,*,#2541,.T.);
#1694=ORIENTED_EDGE('',*,*,#2603,.T.);
#1695=ORIENTED_EDGE('',*,*,#2604,.T.);
#1696=ORIENTED_EDGE('',*,*,#2594,.T.);
#1697=ORIENTED_EDGE('',*,*,#2546,.F.);
#1698=ORIENTED_EDGE('',*,*,#2585,.F.);
#1699=ORIENTED_EDGE('',*,*,#2592,.F.);
#1700=ORIENTED_EDGE('',*,*,#2581,.T.);
#1701=ORIENTED_EDGE('',*,*,#2548,.T.);
#1702=ORIENTED_EDGE('',*,*,#2597,.F.);
#1703=ORIENTED_EDGE('',*,*,#2602,.F.);
#1704=ORIENTED_EDGE('',*,*,#2605,.T.);
#1705=ORIENTED_EDGE('',*,*,#2606,.T.);
#1706=ORIENTED_EDGE('',*,*,#2542,.F.);
#1707=ORIENTED_EDGE('',*,*,#2607,.F.);
#1708=ORIENTED_EDGE('',*,*,#2608,.T.);
#1709=ORIENTED_EDGE('',*,*,#2598,.T.);
#1710=ORIENTED_EDGE('',*,*,#2552,.T.);
#1711=ORIENTED_EDGE('',*,*,#2609,.F.);
#1712=ORIENTED_EDGE('',*,*,#2539,.F.);
#1713=ORIENTED_EDGE('',*,*,#2610,.T.);
#1714=ORIENTED_EDGE('',*,*,#2611,.F.);
#1715=ORIENTED_EDGE('',*,*,#2573,.T.);
#1716=ORIENTED_EDGE('',*,*,#2612,.T.);
#1717=ORIENTED_EDGE('',*,*,#2613,.T.);
#1718=ORIENTED_EDGE('',*,*,#2614,.F.);
#1719=ORIENTED_EDGE('',*,*,#2615,.T.);
#1720=ORIENTED_EDGE('',*,*,#2616,.F.);
#1721=ORIENTED_EDGE('',*,*,#2540,.F.);
#1722=ORIENTED_EDGE('',*,*,#2614,.T.);
#1723=ORIENTED_EDGE('',*,*,#2617,.T.);
#1724=ORIENTED_EDGE('',*,*,#2618,.F.);
#1725=ORIENTED_EDGE('',*,*,#2525,.T.);
#1726=ORIENTED_EDGE('',*,*,#2616,.T.);
#1727=ORIENTED_EDGE('',*,*,#2619,.F.);
#1728=ORIENTED_EDGE('',*,*,#2620,.T.);
#1729=ORIENTED_EDGE('',*,*,#2621,.F.);
#1730=ORIENTED_EDGE('',*,*,#2534,.F.);
#1731=ORIENTED_EDGE('',*,*,#2622,.F.);
#1732=ORIENTED_EDGE('',*,*,#2623,.F.);
#1733=ORIENTED_EDGE('',*,*,#2624,.T.);
#1734=ORIENTED_EDGE('',*,*,#2526,.F.);
#1735=ORIENTED_EDGE('',*,*,#2618,.T.);
#1736=ORIENTED_EDGE('',*,*,#2625,.F.);
#1737=ORIENTED_EDGE('',*,*,#2626,.F.);
#1738=ORIENTED_EDGE('',*,*,#2535,.F.);
#1739=ORIENTED_EDGE('',*,*,#2621,.T.);
#1740=ORIENTED_EDGE('',*,*,#2627,.T.);
#1741=ORIENTED_EDGE('',*,*,#2628,.F.);
#1742=ORIENTED_EDGE('',*,*,#2629,.F.);
#1743=ORIENTED_EDGE('',*,*,#2536,.T.);
#1744=ORIENTED_EDGE('',*,*,#2626,.T.);
#1745=ORIENTED_EDGE('',*,*,#2630,.F.);
#1746=ORIENTED_EDGE('',*,*,#2502,.T.);
#1747=ORIENTED_EDGE('',*,*,#2631,.T.);
#1748=ORIENTED_EDGE('',*,*,#2632,.T.);
#1749=ORIENTED_EDGE('',*,*,#2633,.T.);
#1750=ORIENTED_EDGE('',*,*,#2537,.T.);
#1751=ORIENTED_EDGE('',*,*,#2629,.T.);
#1752=ORIENTED_EDGE('',*,*,#2634,.F.);
#1753=ORIENTED_EDGE('',*,*,#2635,.F.);
#1754=ORIENTED_EDGE('',*,*,#2578,.F.);
#1755=ORIENTED_EDGE('',*,*,#2630,.T.);
#1756=ORIENTED_EDGE('',*,*,#2613,.F.);
#1757=ORIENTED_EDGE('',*,*,#2636,.F.);
#1758=ORIENTED_EDGE('',*,*,#2637,.F.);
#1759=ORIENTED_EDGE('',*,*,#2638,.T.);
#1760=ORIENTED_EDGE('',*,*,#2561,.T.);
#1761=ORIENTED_EDGE('',*,*,#2639,.F.);
#1762=ORIENTED_EDGE('',*,*,#2634,.T.);
#1763=ORIENTED_EDGE('',*,*,#2628,.T.);
#1764=ORIENTED_EDGE('',*,*,#2625,.T.);
#1765=ORIENTED_EDGE('',*,*,#2620,.F.);
#1766=ORIENTED_EDGE('',*,*,#2617,.F.);
#1767=ORIENTED_EDGE('',*,*,#2615,.F.);
#1768=ORIENTED_EDGE('',*,*,#2640,.F.);
#1769=ORIENTED_EDGE('',*,*,#2590,.F.);
#1770=ORIENTED_EDGE('',*,*,#2641,.T.);
#1771=ORIENTED_EDGE('',*,*,#2588,.T.);
#1772=ORIENTED_EDGE('',*,*,#2580,.T.);
#1773=ORIENTED_EDGE('',*,*,#2642,.T.);
#1774=ORIENTED_EDGE('',*,*,#2643,.F.);
#1775=ORIENTED_EDGE('',*,*,#2550,.F.);
#1776=ORIENTED_EDGE('',*,*,#2643,.T.);
#1777=ORIENTED_EDGE('',*,*,#2644,.T.);
#1778=ORIENTED_EDGE('',*,*,#2645,.F.);
#1779=ORIENTED_EDGE('',*,*,#2646,.T.);
#1780=ORIENTED_EDGE('',*,*,#2647,.T.);
#1781=ORIENTED_EDGE('',*,*,#2648,.T.);
#1782=ORIENTED_EDGE('',*,*,#2649,.F.);
#1783=ORIENTED_EDGE('',*,*,#2543,.F.);
#1784=ORIENTED_EDGE('',*,*,#2606,.F.);
#1785=ORIENTED_EDGE('',*,*,#2650,.T.);
#1786=ORIENTED_EDGE('',*,*,#2651,.F.);
#1787=ORIENTED_EDGE('',*,*,#2652,.T.);
#1788=ORIENTED_EDGE('',*,*,#2609,.T.);
#1789=ORIENTED_EDGE('',*,*,#2551,.F.);
#1790=ORIENTED_EDGE('',*,*,#2653,.F.);
#1791=ORIENTED_EDGE('',*,*,#2647,.F.);
#1792=ORIENTED_EDGE('',*,*,#2654,.T.);
#1793=ORIENTED_EDGE('',*,*,#2645,.T.);
#1794=ORIENTED_EDGE('',*,*,#2655,.F.);
#1795=ORIENTED_EDGE('',*,*,#2586,.F.);
#1796=ORIENTED_EDGE('',*,*,#2544,.T.);
#1797=ORIENTED_EDGE('',*,*,#2649,.T.);
#1798=ORIENTED_EDGE('',*,*,#2504,.T.);
#1799=ORIENTED_EDGE('',*,*,#2656,.F.);
#1800=ORIENTED_EDGE('',*,*,#2657,.F.);
#1801=ORIENTED_EDGE('',*,*,#2576,.T.);
#1802=ORIENTED_EDGE('',*,*,#2503,.T.);
#1803=ORIENTED_EDGE('',*,*,#2658,.T.);
#1804=ORIENTED_EDGE('',*,*,#2501,.T.);
#1805=ORIENTED_EDGE('',*,*,#2659,.F.);
#1806=ORIENTED_EDGE('',*,*,#2660,.F.);
#1807=ORIENTED_EDGE('',*,*,#2656,.T.);
#1808=ORIENTED_EDGE('',*,*,#2500,.F.);
#1809=ORIENTED_EDGE('',*,*,#2575,.F.);
#1810=ORIENTED_EDGE('',*,*,#2661,.T.);
#1811=ORIENTED_EDGE('',*,*,#2659,.T.);
#1812=ORIENTED_EDGE('',*,*,#2601,.T.);
#1813=ORIENTED_EDGE('',*,*,#2662,.T.);
#1814=ORIENTED_EDGE('',*,*,#2650,.F.);
#1815=ORIENTED_EDGE('',*,*,#2605,.F.);
#1816=ORIENTED_EDGE('',*,*,#2663,.F.);
#1817=ORIENTED_EDGE('',*,*,#2664,.T.);
#1818=ORIENTED_EDGE('',*,*,#2607,.T.);
#1819=ORIENTED_EDGE('',*,*,#2652,.F.);
#1820=ORIENTED_EDGE('',*,*,#2600,.F.);
#1821=ORIENTED_EDGE('',*,*,#2665,.T.);
#1822=ORIENTED_EDGE('',*,*,#2663,.T.);
#1823=ORIENTED_EDGE('',*,*,#2651,.T.);
#1824=ORIENTED_EDGE('',*,*,#2662,.F.);
#1825=ORIENTED_EDGE('',*,*,#2666,.T.);
#1826=ORIENTED_EDGE('',*,*,#2667,.T.);
#1827=ORIENTED_EDGE('',*,*,#2603,.F.);
#1828=ORIENTED_EDGE('',*,*,#2584,.F.);
#1829=ORIENTED_EDGE('',*,*,#2596,.T.);
#1830=ORIENTED_EDGE('',*,*,#2668,.T.);
#1831=ORIENTED_EDGE('',*,*,#2666,.F.);
#1832=ORIENTED_EDGE('',*,*,#2583,.T.);
#1833=ORIENTED_EDGE('',*,*,#2591,.T.);
#1834=ORIENTED_EDGE('',*,*,#2668,.F.);
#1835=ORIENTED_EDGE('',*,*,#2595,.F.);
#1836=ORIENTED_EDGE('',*,*,#2604,.F.);
#1837=ORIENTED_EDGE('',*,*,#2667,.F.);
#1838=ORIENTED_EDGE('',*,*,#2665,.F.);
#1839=ORIENTED_EDGE('',*,*,#2599,.F.);
#1840=ORIENTED_EDGE('',*,*,#2608,.F.);
#1841=ORIENTED_EDGE('',*,*,#2664,.F.);
#1842=ORIENTED_EDGE('',*,*,#2654,.F.);
#1843=ORIENTED_EDGE('',*,*,#2646,.F.);
#1844=ORIENTED_EDGE('',*,*,#2641,.F.);
#1845=ORIENTED_EDGE('',*,*,#2589,.T.);
#1846=ORIENTED_EDGE('',*,*,#2587,.T.);
#1847=ORIENTED_EDGE('',*,*,#2655,.T.);
#1848=ORIENTED_EDGE('',*,*,#2648,.F.);
#1849=ORIENTED_EDGE('',*,*,#2653,.T.);
#1850=ORIENTED_EDGE('',*,*,#2644,.F.);
#1851=ORIENTED_EDGE('',*,*,#2642,.F.);
#1852=ORIENTED_EDGE('',*,*,#2579,.T.);
#1853=ORIENTED_EDGE('',*,*,#2640,.T.);
#1854=ORIENTED_EDGE('',*,*,#2631,.F.);
#1855=ORIENTED_EDGE('',*,*,#2658,.F.);
#1856=ORIENTED_EDGE('',*,*,#2611,.T.);
#1857=ORIENTED_EDGE('',*,*,#2669,.T.);
#1858=ORIENTED_EDGE('',*,*,#2632,.F.);
#1859=ORIENTED_EDGE('',*,*,#2577,.F.);
#1860=ORIENTED_EDGE('',*,*,#2657,.T.);
#1861=ORIENTED_EDGE('',*,*,#2660,.T.);
#1862=ORIENTED_EDGE('',*,*,#2661,.F.);
#1863=ORIENTED_EDGE('',*,*,#2574,.T.);
#1864=ORIENTED_EDGE('',*,*,#2610,.F.);
#1865=ORIENTED_EDGE('',*,*,#2538,.T.);
#1866=ORIENTED_EDGE('',*,*,#2633,.F.);
#1867=ORIENTED_EDGE('',*,*,#2669,.F.);
#1868=ORIENTED_EDGE('',*,*,#2670,.F.);
#1869=ORIENTED_EDGE('',*,*,#2671,.T.);
#1870=ORIENTED_EDGE('',*,*,#2672,.T.);
#1871=ORIENTED_EDGE('',*,*,#2529,.F.);
#1872=ORIENTED_EDGE('',*,*,#2673,.F.);
#1873=ORIENTED_EDGE('',*,*,#2670,.T.);
#1874=ORIENTED_EDGE('',*,*,#2528,.T.);
#1875=ORIENTED_EDGE('',*,*,#2674,.F.);
#1876=ORIENTED_EDGE('',*,*,#2624,.F.);
#1877=ORIENTED_EDGE('',*,*,#2675,.T.);
#1878=ORIENTED_EDGE('',*,*,#2674,.T.);
#1879=ORIENTED_EDGE('',*,*,#2527,.F.);
#1880=ORIENTED_EDGE('',*,*,#2676,.F.);
#1881=ORIENTED_EDGE('',*,*,#2622,.T.);
#1882=ORIENTED_EDGE('',*,*,#2533,.T.);
#1883=ORIENTED_EDGE('',*,*,#2677,.F.);
#1884=ORIENTED_EDGE('',*,*,#2678,.F.);
#1885=ORIENTED_EDGE('',*,*,#2677,.T.);
#1886=ORIENTED_EDGE('',*,*,#2532,.T.);
#1887=ORIENTED_EDGE('',*,*,#2679,.F.);
#1888=ORIENTED_EDGE('',*,*,#2680,.F.);
#1889=ORIENTED_EDGE('',*,*,#2679,.T.);
#1890=ORIENTED_EDGE('',*,*,#2531,.T.);
#1891=ORIENTED_EDGE('',*,*,#2681,.F.);
#1892=ORIENTED_EDGE('',*,*,#2682,.F.);
#1893=ORIENTED_EDGE('',*,*,#2681,.T.);
#1894=ORIENTED_EDGE('',*,*,#2530,.T.);
#1895=ORIENTED_EDGE('',*,*,#2672,.F.);
#1896=ORIENTED_EDGE('',*,*,#2671,.F.);
#1897=ORIENTED_EDGE('',*,*,#2673,.T.);
#1898=ORIENTED_EDGE('',*,*,#2675,.F.);
#1899=ORIENTED_EDGE('',*,*,#2623,.T.);
#1900=ORIENTED_EDGE('',*,*,#2676,.T.);
#1901=ORIENTED_EDGE('',*,*,#2678,.T.);
#1902=ORIENTED_EDGE('',*,*,#2680,.T.);
#1903=ORIENTED_EDGE('',*,*,#2682,.T.);
#1904=ORIENTED_EDGE('',*,*,#2506,.F.);
#1905=ORIENTED_EDGE('',*,*,#2635,.T.);
#1906=ORIENTED_EDGE('',*,*,#2639,.T.);
#1907=ORIENTED_EDGE('',*,*,#2568,.F.);
#1908=ORIENTED_EDGE('',*,*,#2612,.F.);
#1909=ORIENTED_EDGE('',*,*,#2498,.F.);
#1910=ORIENTED_EDGE('',*,*,#2683,.T.);
#1911=ORIENTED_EDGE('',*,*,#2636,.T.);
#1912=ORIENTED_EDGE('',*,*,#2555,.T.);
#1913=ORIENTED_EDGE('',*,*,#2684,.T.);
#1914=ORIENTED_EDGE('',*,*,#2685,.T.);
#1915=ORIENTED_EDGE('',*,*,#2686,.T.);
#1916=ORIENTED_EDGE('',*,*,#2487,.T.);
#1917=ORIENTED_EDGE('',*,*,#2687,.F.);
#1918=ORIENTED_EDGE('',*,*,#2688,.T.);
#1919=ORIENTED_EDGE('',*,*,#2689,.T.);
#1920=ORIENTED_EDGE('',*,*,#2560,.T.);
#1921=ORIENTED_EDGE('',*,*,#2562,.T.);
#1922=ORIENTED_EDGE('',*,*,#2638,.F.);
#1923=ORIENTED_EDGE('',*,*,#2690,.F.);
#1924=ORIENTED_EDGE('',*,*,#2637,.T.);
#1925=ORIENTED_EDGE('',*,*,#2683,.F.);
#1926=ORIENTED_EDGE('',*,*,#2497,.F.);
#1927=ORIENTED_EDGE('',*,*,#2691,.F.);
#1928=ORIENTED_EDGE('',*,*,#2692,.F.);
#1929=ORIENTED_EDGE('',*,*,#2693,.T.);
#1930=ORIENTED_EDGE('',*,*,#2491,.F.);
#1931=ORIENTED_EDGE('',*,*,#2694,.F.);
#1932=ORIENTED_EDGE('',*,*,#2695,.F.);
#1933=ORIENTED_EDGE('',*,*,#2696,.T.);
#1934=ORIENTED_EDGE('',*,*,#2556,.F.);
#1935=ORIENTED_EDGE('',*,*,#2690,.T.);
#1936=ORIENTED_EDGE('',*,*,#2570,.F.);
#1937=ORIENTED_EDGE('',*,*,#2697,.F.);
#1938=ORIENTED_EDGE('',*,*,#2698,.T.);
#1939=ORIENTED_EDGE('',*,*,#2699,.T.);
#1940=ORIENTED_EDGE('',*,*,#2569,.F.);
#1941=ORIENTED_EDGE('',*,*,#2700,.F.);
#1942=ORIENTED_EDGE('',*,*,#2701,.T.);
#1943=ORIENTED_EDGE('',*,*,#2697,.T.);
#1944=ORIENTED_EDGE('',*,*,#2572,.T.);
#1945=ORIENTED_EDGE('',*,*,#2702,.F.);
#1946=ORIENTED_EDGE('',*,*,#2703,.F.);
#1947=ORIENTED_EDGE('',*,*,#2700,.T.);
#1948=ORIENTED_EDGE('',*,*,#2571,.T.);
#1949=ORIENTED_EDGE('',*,*,#2699,.F.);
#1950=ORIENTED_EDGE('',*,*,#2704,.F.);
#1951=ORIENTED_EDGE('',*,*,#2702,.T.);
#1952=ORIENTED_EDGE('',*,*,#2698,.F.);
#1953=ORIENTED_EDGE('',*,*,#2701,.F.);
#1954=ORIENTED_EDGE('',*,*,#2703,.T.);
#1955=ORIENTED_EDGE('',*,*,#2704,.T.);
#1956=ORIENTED_EDGE('',*,*,#2705,.F.);
#1957=ORIENTED_EDGE('',*,*,#2516,.F.);
#1958=ORIENTED_EDGE('',*,*,#2706,.T.);
#1959=ORIENTED_EDGE('',*,*,#2707,.T.);
#1960=ORIENTED_EDGE('',*,*,#2567,.F.);
#1961=ORIENTED_EDGE('',*,*,#2708,.T.);
#1962=ORIENTED_EDGE('',*,*,#2706,.F.);
#1963=ORIENTED_EDGE('',*,*,#2515,.T.);
#1964=ORIENTED_EDGE('',*,*,#2709,.T.);
#1965=ORIENTED_EDGE('',*,*,#2710,.T.);
#1966=ORIENTED_EDGE('',*,*,#2711,.F.);
#1967=ORIENTED_EDGE('',*,*,#2712,.F.);
#1968=ORIENTED_EDGE('',*,*,#2713,.T.);
#1969=ORIENTED_EDGE('',*,*,#2714,.T.);
#1970=ORIENTED_EDGE('',*,*,#2715,.T.);
#1971=ORIENTED_EDGE('',*,*,#2712,.T.);
#1972=ORIENTED_EDGE('',*,*,#2716,.F.);
#1973=ORIENTED_EDGE('',*,*,#2717,.F.);
#1974=ORIENTED_EDGE('',*,*,#2718,.T.);
#1975=ORIENTED_EDGE('',*,*,#2719,.T.);
#1976=ORIENTED_EDGE('',*,*,#2720,.T.);
#1977=ORIENTED_EDGE('',*,*,#2721,.T.);
#1978=ORIENTED_EDGE('',*,*,#2722,.T.);
#1979=ORIENTED_EDGE('',*,*,#2553,.T.);
#1980=ORIENTED_EDGE('',*,*,#2696,.F.);
#1981=ORIENTED_EDGE('',*,*,#2723,.F.);
#1982=ORIENTED_EDGE('',*,*,#2717,.T.);
#1983=ORIENTED_EDGE('',*,*,#2724,.F.);
#1984=ORIENTED_EDGE('',*,*,#2709,.F.);
#1985=ORIENTED_EDGE('',*,*,#2715,.F.);
#1986=ORIENTED_EDGE('',*,*,#2490,.T.);
#1987=ORIENTED_EDGE('',*,*,#2725,.T.);
#1988=ORIENTED_EDGE('',*,*,#2713,.F.);
#1989=ORIENTED_EDGE('',*,*,#2711,.T.);
#1990=ORIENTED_EDGE('',*,*,#2726,.F.);
#1991=ORIENTED_EDGE('',*,*,#2719,.F.);
#1992=ORIENTED_EDGE('',*,*,#2727,.F.);
#1993=ORIENTED_EDGE('',*,*,#2694,.T.);
#1994=ORIENTED_EDGE('',*,*,#2718,.F.);
#1995=ORIENTED_EDGE('',*,*,#2723,.T.);
#1996=ORIENTED_EDGE('',*,*,#2695,.T.);
#1997=ORIENTED_EDGE('',*,*,#2727,.T.);
#1998=ORIENTED_EDGE('',*,*,#2728,.T.);
#1999=ORIENTED_EDGE('',*,*,#2729,.T.);
#2000=ORIENTED_EDGE('',*,*,#2730,.F.);
#2001=ORIENTED_EDGE('',*,*,#2731,.F.);
#2002=ORIENTED_EDGE('',*,*,#2732,.F.);
#2003=ORIENTED_EDGE('',*,*,#2731,.T.);
#2004=ORIENTED_EDGE('',*,*,#2733,.T.);
#2005=ORIENTED_EDGE('',*,*,#2692,.T.);
#2006=ORIENTED_EDGE('',*,*,#2518,.T.);
#2007=ORIENTED_EDGE('',*,*,#2734,.T.);
#2008=ORIENTED_EDGE('',*,*,#2735,.F.);
#2009=ORIENTED_EDGE('',*,*,#2522,.F.);
#2010=ORIENTED_EDGE('',*,*,#2482,.T.);
#2011=ORIENTED_EDGE('',*,*,#2736,.T.);
#2012=ORIENTED_EDGE('',*,*,#2523,.F.);
#2013=ORIENTED_EDGE('',*,*,#2735,.T.);
#2014=ORIENTED_EDGE('',*,*,#2737,.F.);
#2015=ORIENTED_EDGE('',*,*,#2707,.F.);
#2016=ORIENTED_EDGE('',*,*,#2708,.F.);
#2017=ORIENTED_EDGE('',*,*,#2566,.T.);
#2018=ORIENTED_EDGE('',*,*,#2738,.F.);
#2019=ORIENTED_EDGE('',*,*,#2739,.T.);
#2020=ORIENTED_EDGE('',*,*,#2520,.F.);
#2021=ORIENTED_EDGE('',*,*,#2740,.T.);
#2022=ORIENTED_EDGE('',*,*,#2480,.T.);
#2023=ORIENTED_EDGE('',*,*,#2476,.T.);
#2024=ORIENTED_EDGE('',*,*,#2741,.T.);
#2025=ORIENTED_EDGE('',*,*,#2742,.T.);
#2026=ORIENTED_EDGE('',*,*,#2743,.F.);
#2027=ORIENTED_EDGE('',*,*,#2744,.F.);
#2028=ORIENTED_EDGE('',*,*,#2745,.F.);
#2029=ORIENTED_EDGE('',*,*,#2564,.F.);
#2030=ORIENTED_EDGE('',*,*,#2746,.F.);
#2031=ORIENTED_EDGE('',*,*,#2744,.T.);
#2032=ORIENTED_EDGE('',*,*,#2747,.T.);
#2033=ORIENTED_EDGE('',*,*,#2748,.T.);
#2034=ORIENTED_EDGE('',*,*,#2484,.F.);
#2035=ORIENTED_EDGE('',*,*,#2565,.F.);
#2036=ORIENTED_EDGE('',*,*,#2745,.T.);
#2037=ORIENTED_EDGE('',*,*,#2743,.T.);
#2038=ORIENTED_EDGE('',*,*,#2749,.T.);
#2039=ORIENTED_EDGE('',*,*,#2750,.F.);
#2040=ORIENTED_EDGE('',*,*,#2751,.F.);
#2041=ORIENTED_EDGE('',*,*,#2752,.F.);
#2042=ORIENTED_EDGE('',*,*,#2753,.T.);
#2043=ORIENTED_EDGE('',*,*,#2750,.T.);
#2044=ORIENTED_EDGE('',*,*,#2558,.F.);
#2045=ORIENTED_EDGE('',*,*,#2754,.T.);
#2046=ORIENTED_EDGE('',*,*,#2755,.F.);
#2047=ORIENTED_EDGE('',*,*,#2756,.T.);
#2048=ORIENTED_EDGE('',*,*,#2757,.T.);
#2049=ORIENTED_EDGE('',*,*,#2752,.T.);
#2050=ORIENTED_EDGE('',*,*,#2758,.T.);
#2051=ORIENTED_EDGE('',*,*,#2741,.F.);
#2052=ORIENTED_EDGE('',*,*,#2746,.T.);
#2053=ORIENTED_EDGE('',*,*,#2563,.T.);
#2054=ORIENTED_EDGE('',*,*,#2757,.F.);
#2055=ORIENTED_EDGE('',*,*,#2759,.T.);
#2056=ORIENTED_EDGE('',*,*,#2747,.F.);
#2057=ORIENTED_EDGE('',*,*,#2753,.F.);
#2058=ORIENTED_EDGE('',*,*,#2760,.F.);
#2059=ORIENTED_EDGE('',*,*,#2470,.T.);
#2060=ORIENTED_EDGE('',*,*,#2761,.T.);
#2061=ORIENTED_EDGE('',*,*,#2762,.T.);
#2062=ORIENTED_EDGE('',*,*,#2728,.F.);
#2063=ORIENTED_EDGE('',*,*,#2732,.T.);
#2064=ORIENTED_EDGE('',*,*,#2691,.T.);
#2065=ORIENTED_EDGE('',*,*,#2496,.F.);
#2066=ORIENTED_EDGE('',*,*,#2468,.F.);
#2067=ORIENTED_EDGE('',*,*,#2763,.T.);
#2068=ORIENTED_EDGE('',*,*,#2492,.T.);
#2069=ORIENTED_EDGE('',*,*,#2693,.F.);
#2070=ORIENTED_EDGE('',*,*,#2733,.F.);
#2071=ORIENTED_EDGE('',*,*,#2730,.T.);
#2072=ORIENTED_EDGE('',*,*,#2764,.F.);
#2073=ORIENTED_EDGE('',*,*,#2765,.F.);
#2074=ORIENTED_EDGE('',*,*,#2766,.F.);
#2075=ORIENTED_EDGE('',*,*,#2761,.F.);
#2076=ORIENTED_EDGE('',*,*,#2469,.T.);
#2077=ORIENTED_EDGE('',*,*,#2765,.T.);
#2078=ORIENTED_EDGE('',*,*,#2762,.F.);
#2079=ORIENTED_EDGE('',*,*,#2766,.T.);
#2080=ORIENTED_EDGE('',*,*,#2764,.T.);
#2081=ORIENTED_EDGE('',*,*,#2729,.F.);
#2082=ORIENTED_EDGE('',*,*,#2751,.T.);
#2083=ORIENTED_EDGE('',*,*,#2749,.F.);
#2084=ORIENTED_EDGE('',*,*,#2742,.F.);
#2085=ORIENTED_EDGE('',*,*,#2758,.F.);
#2086=ORIENTED_EDGE('',*,*,#2737,.T.);
#2087=ORIENTED_EDGE('',*,*,#2734,.F.);
#2088=ORIENTED_EDGE('',*,*,#2517,.T.);
#2089=ORIENTED_EDGE('',*,*,#2705,.T.);
#2090=ORIENTED_EDGE('',*,*,#2716,.T.);
#2091=ORIENTED_EDGE('',*,*,#2726,.T.);
#2092=ORIENTED_EDGE('',*,*,#2710,.F.);
#2093=ORIENTED_EDGE('',*,*,#2724,.T.);
#2094=ORIENTED_EDGE('',*,*,#2725,.F.);
#2095=ORIENTED_EDGE('',*,*,#2489,.T.);
#2096=ORIENTED_EDGE('',*,*,#2767,.F.);
#2097=ORIENTED_EDGE('',*,*,#2720,.F.);
#2098=ORIENTED_EDGE('',*,*,#2714,.F.);
#2099=ORIENTED_EDGE('',*,*,#2465,.F.);
#2100=ORIENTED_EDGE('',*,*,#2493,.T.);
#2101=ORIENTED_EDGE('',*,*,#2763,.F.);
#2102=ORIENTED_EDGE('',*,*,#2467,.F.);
#2103=ORIENTED_EDGE('',*,*,#2740,.F.);
#2104=ORIENTED_EDGE('',*,*,#2524,.F.);
#2105=ORIENTED_EDGE('',*,*,#2736,.F.);
#2106=ORIENTED_EDGE('',*,*,#2481,.F.);
#2107=ORIENTED_EDGE('',*,*,#2748,.F.);
#2108=ORIENTED_EDGE('',*,*,#2759,.F.);
#2109=ORIENTED_EDGE('',*,*,#2756,.F.);
#2110=ORIENTED_EDGE('',*,*,#2768,.F.);
#2111=ORIENTED_EDGE('',*,*,#2485,.F.);
#2112=ORIENTED_EDGE('',*,*,#2769,.F.);
#2113=ORIENTED_EDGE('',*,*,#2770,.T.);
#2114=ORIENTED_EDGE('',*,*,#2509,.F.);
#2115=ORIENTED_EDGE('',*,*,#2512,.T.);
#2116=ORIENTED_EDGE('',*,*,#2771,.F.);
#2117=ORIENTED_EDGE('',*,*,#2772,.F.);
#2118=ORIENTED_EDGE('',*,*,#2769,.T.);
#2119=ORIENTED_EDGE('',*,*,#2511,.T.);
#2120=ORIENTED_EDGE('',*,*,#2773,.T.);
#2121=ORIENTED_EDGE('',*,*,#2771,.T.);
#2122=ORIENTED_EDGE('',*,*,#2774,.T.);
#2123=ORIENTED_EDGE('',*,*,#2768,.T.);
#2124=ORIENTED_EDGE('',*,*,#2775,.F.);
#2125=ORIENTED_EDGE('',*,*,#2486,.F.);
#2126=ORIENTED_EDGE('',*,*,#2774,.F.);
#2127=ORIENTED_EDGE('',*,*,#2776,.T.);
#2128=ORIENTED_EDGE('',*,*,#2687,.T.);
#2129=ORIENTED_EDGE('',*,*,#2755,.T.);
#2130=ORIENTED_EDGE('',*,*,#2777,.T.);
#2131=ORIENTED_EDGE('',*,*,#2688,.F.);
#2132=ORIENTED_EDGE('',*,*,#2776,.F.);
#2133=ORIENTED_EDGE('',*,*,#2775,.T.);
#2134=ORIENTED_EDGE('',*,*,#2778,.T.);
#2135=ORIENTED_EDGE('',*,*,#2767,.T.);
#2136=ORIENTED_EDGE('',*,*,#2779,.F.);
#2137=ORIENTED_EDGE('',*,*,#2488,.T.);
#2138=ORIENTED_EDGE('',*,*,#2686,.F.);
#2139=ORIENTED_EDGE('',*,*,#2780,.F.);
#2140=ORIENTED_EDGE('',*,*,#2779,.T.);
#2141=ORIENTED_EDGE('',*,*,#2685,.F.);
#2142=ORIENTED_EDGE('',*,*,#2781,.T.);
#2143=ORIENTED_EDGE('',*,*,#2721,.F.);
#2144=ORIENTED_EDGE('',*,*,#2778,.F.);
#2145=ORIENTED_EDGE('',*,*,#2780,.T.);
#2146=ORIENTED_EDGE('',*,*,#2722,.F.);
#2147=ORIENTED_EDGE('',*,*,#2781,.F.);
#2148=ORIENTED_EDGE('',*,*,#2684,.F.);
#2149=ORIENTED_EDGE('',*,*,#2554,.F.);
#2150=ORIENTED_EDGE('',*,*,#2770,.F.);
#2151=ORIENTED_EDGE('',*,*,#2772,.T.);
#2152=ORIENTED_EDGE('',*,*,#2773,.F.);
#2153=ORIENTED_EDGE('',*,*,#2510,.F.);
#2154=ORIENTED_EDGE('',*,*,#2754,.F.);
#2155=ORIENTED_EDGE('',*,*,#2557,.T.);
#2156=ORIENTED_EDGE('',*,*,#2689,.F.);
#2157=ORIENTED_EDGE('',*,*,#2777,.F.);
#2158=ORIENTED_EDGE('',*,*,#2782,.F.);
#2159=ORIENTED_EDGE('',*,*,#2783,.T.);
#2160=ORIENTED_EDGE('',*,*,#2782,.T.);
#2161=ORIENTED_EDGE('',*,*,#2627,.F.);
#2162=ORIENTED_EDGE('',*,*,#2784,.T.);
#2163=ORIENTED_EDGE('',*,*,#2785,.T.);
#2164=ORIENTED_EDGE('',*,*,#2619,.T.);
#2165=ORIENTED_EDGE('',*,*,#2784,.F.);
#2166=ORIENTED_EDGE('',*,*,#2785,.F.);
#2167=ORIENTED_EDGE('',*,*,#2783,.F.);
#2168=ORIENTED_EDGE('',*,*,#2453,.F.);
#2169=ORIENTED_EDGE('',*,*,#2786,.F.);
#2170=ORIENTED_EDGE('',*,*,#2461,.F.);
#2171=ORIENTED_EDGE('',*,*,#2466,.T.);
#2172=ORIENTED_EDGE('',*,*,#2760,.T.);
#2173=ORIENTED_EDGE('',*,*,#2495,.F.);
#2174=ORIENTED_EDGE('',*,*,#2787,.T.);
#2175=ORIENTED_EDGE('',*,*,#2788,.T.);
#2176=ORIENTED_EDGE('',*,*,#2455,.T.);
#2177=ORIENTED_EDGE('',*,*,#2494,.T.);
#2178=ORIENTED_EDGE('',*,*,#2472,.F.);
#2179=ORIENTED_EDGE('',*,*,#2789,.F.);
#2180=ORIENTED_EDGE('',*,*,#2789,.T.);
#2181=ORIENTED_EDGE('',*,*,#2787,.F.);
#2182=ORIENTED_EDGE('',*,*,#2521,.F.);
#2183=ORIENTED_EDGE('',*,*,#2739,.F.);
#2184=ORIENTED_EDGE('',*,*,#2790,.T.);
#2185=ORIENTED_EDGE('',*,*,#2456,.T.);
#2186=ORIENTED_EDGE('',*,*,#2478,.T.);
#2187=ORIENTED_EDGE('',*,*,#2513,.T.);
#2188=ORIENTED_EDGE('',*,*,#2791,.F.);
#2189=ORIENTED_EDGE('',*,*,#2792,.F.);
#2190=ORIENTED_EDGE('',*,*,#2474,.T.);
#2191=ORIENTED_EDGE('',*,*,#2479,.F.);
#2192=ORIENTED_EDGE('',*,*,#2458,.F.);
#2193=ORIENTED_EDGE('',*,*,#2793,.T.);
#2194=ORIENTED_EDGE('',*,*,#2791,.T.);
#2195=ORIENTED_EDGE('',*,*,#2793,.F.);
#2196=ORIENTED_EDGE('',*,*,#2462,.F.);
#2197=ORIENTED_EDGE('',*,*,#2786,.T.);
#2198=ORIENTED_EDGE('',*,*,#2452,.T.);
#2199=ORIENTED_EDGE('',*,*,#2788,.F.);
#2200=ORIENTED_EDGE('',*,*,#2471,.T.);
#2201=ORIENTED_EDGE('',*,*,#2790,.F.);
#2202=ORIENTED_EDGE('',*,*,#2738,.T.);
#2203=ORIENTED_EDGE('',*,*,#2475,.F.);
#2204=ORIENTED_EDGE('',*,*,#2792,.T.);
#2205=ORIENTED_EDGE('',*,*,#2457,.F.);
#2206=EDGE_CURVE('',#2794,#2795,#3189,.F.);
#2207=EDGE_CURVE('',#2795,#2796,#80,.T.);
#2208=EDGE_CURVE('',#2796,#2797,#81,.T.);
#2209=EDGE_CURVE('',#2798,#2797,#82,.T.);
#2210=EDGE_CURVE('',#2799,#2798,#83,.T.);
#2211=EDGE_CURVE('',#2799,#2800,#3190,.F.);
#2212=EDGE_CURVE('',#2794,#2800,#84,.T.);
#2213=EDGE_CURVE('',#2801,#2802,#68,.T.);
#2214=EDGE_CURVE('',#2801,#2803,#69,.T.);
#2215=EDGE_CURVE('',#2803,#2804,#85,.T.);
#2216=EDGE_CURVE('',#2804,#2805,#64,.T.);
#2217=EDGE_CURVE('',#2806,#2805,#86,.T.);
#2218=EDGE_CURVE('',#2807,#2806,#70,.T.);
#2219=EDGE_CURVE('',#2802,#2807,#87,.T.);
#2220=EDGE_CURVE('',#2808,#2809,#88,.T.);
#2221=EDGE_CURVE('',#2808,#2810,#89,.T.);
#2222=EDGE_CURVE('',#2802,#2810,#3191,.T.);
#2223=EDGE_CURVE('',#2806,#2807,#3192,.T.);
#2224=EDGE_CURVE('',#2809,#2805,#90,.T.);
#2225=EDGE_CURVE('',#2811,#2812,#91,.T.);
#2226=EDGE_CURVE('',#2811,#2813,#92,.T.);
#2227=EDGE_CURVE('',#2814,#2813,#93,.T.);
#2228=EDGE_CURVE('',#2815,#2814,#94,.T.);
#2229=EDGE_CURVE('',#2816,#2815,#95,.T.);
#2230=EDGE_CURVE('',#2816,#2817,#3193,.T.);
#2231=EDGE_CURVE('',#2817,#2818,#96,.T.);
#2232=EDGE_CURVE('',#2818,#2819,#97,.T.);
#2233=EDGE_CURVE('',#2819,#2820,#98,.T.);
#2234=EDGE_CURVE('',#2821,#2820,#99,.T.);
#2235=EDGE_CURVE('',#2821,#2822,#100,.T.);
#2236=EDGE_CURVE('',#2822,#2823,#3194,.T.);
#2237=EDGE_CURVE('',#2823,#2824,#101,.T.);
#2238=EDGE_CURVE('',#2824,#2825,#102,.T.);
#2239=EDGE_CURVE('',#2825,#2826,#103,.T.);
#2240=EDGE_CURVE('',#2812,#2826,#104,.T.);
#2241=EDGE_CURVE('',#2827,#2827,#3195,.T.);
#2242=EDGE_CURVE('',#2828,#2829,#105,.T.);
#2243=EDGE_CURVE('',#2829,#2830,#106,.T.);
#2244=EDGE_CURVE('',#2820,#2830,#107,.T.);
#2245=EDGE_CURVE('',#2819,#2831,#108,.T.);
#2246=EDGE_CURVE('',#2831,#2828,#109,.T.);
#2247=EDGE_CURVE('',#2832,#2832,#3196,.T.);
#2248=EDGE_CURVE('',#2818,#2833,#110,.T.);
#2249=EDGE_CURVE('',#2817,#2834,#111,.T.);
#2250=EDGE_CURVE('',#2834,#2835,#112,.T.);
#2251=EDGE_CURVE('',#2828,#2835,#113,.T.);
#2252=EDGE_CURVE('',#2833,#2828,#114,.T.);
#2253=EDGE_CURVE('',#2835,#2836,#115,.T.);
#2254=EDGE_CURVE('',#2836,#2837,#116,.T.);
#2255=EDGE_CURVE('',#2838,#2837,#117,.T.);
#2256=EDGE_CURVE('',#2835,#2838,#118,.T.);
#2257=EDGE_CURVE('',#2839,#2840,#119,.T.);
#2258=EDGE_CURVE('',#2839,#2841,#120,.T.);
#2259=EDGE_CURVE('',#2841,#2842,#121,.T.);
#2260=EDGE_CURVE('',#2842,#2843,#122,.T.);
#2261=EDGE_CURVE('',#2844,#2843,#123,.T.);
#2262=EDGE_CURVE('',#2845,#2844,#124,.T.);
#2263=EDGE_CURVE('',#2845,#2846,#125,.T.);
#2264=EDGE_CURVE('',#2840,#2846,#126,.T.);
#2265=EDGE_CURVE('',#2847,#2848,#127,.T.);
#2266=EDGE_CURVE('',#2849,#2848,#3197,.T.);
#2267=EDGE_CURVE('',#2850,#2849,#128,.T.);
#2268=EDGE_CURVE('',#2851,#2850,#3198,.T.);
#2269=EDGE_CURVE('',#2852,#2851,#129,.T.);
#2270=EDGE_CURVE('',#2853,#2852,#130,.T.);
#2271=EDGE_CURVE('',#2853,#2854,#131,.T.);
#2272=EDGE_CURVE('',#2854,#2855,#132,.T.);
#2273=EDGE_CURVE('',#2836,#2855,#133,.T.);
#2274=EDGE_CURVE('',#2856,#2834,#3199,.T.);
#2275=EDGE_CURVE('',#2856,#2857,#134,.T.);
#2276=EDGE_CURVE('',#2847,#2857,#3200,.T.);
#2277=EDGE_CURVE('',#2858,#2859,#135,.T.);
#2278=EDGE_CURVE('',#2860,#2859,#136,.T.);
#2279=EDGE_CURVE('',#2860,#2861,#137,.T.);
#2280=EDGE_CURVE('',#2861,#2858,#138,.T.);
#2281=EDGE_CURVE('',#2862,#2863,#139,.T.);
#2282=EDGE_CURVE('',#2864,#2862,#140,.T.);
#2283=EDGE_CURVE('',#2865,#2864,#141,.T.);
#2284=EDGE_CURVE('',#2865,#2863,#142,.T.);
#2285=EDGE_CURVE('',#2798,#2847,#143,.T.);
#2286=EDGE_CURVE('',#2797,#2811,#144,.T.);
#2287=EDGE_CURVE('',#2809,#2812,#145,.T.);
#2288=EDGE_CURVE('',#2805,#2848,#146,.T.);
#2289=EDGE_CURVE('',#2866,#2857,#147,.T.);
#2290=EDGE_CURVE('',#2798,#2866,#65,.T.);
#2291=EDGE_CURVE('',#2816,#2856,#148,.T.);
#2292=EDGE_CURVE('',#2815,#2867,#149,.T.);
#2293=EDGE_CURVE('',#2867,#2866,#150,.T.);
#2294=EDGE_CURVE('',#2821,#2868,#151,.T.);
#2295=EDGE_CURVE('',#2829,#2868,#152,.T.);
#2296=EDGE_CURVE('',#2829,#2852,#153,.T.);
#2297=EDGE_CURVE('',#2822,#2851,#154,.T.);
#2298=EDGE_CURVE('',#2823,#2850,#155,.T.);
#2299=EDGE_CURVE('',#2804,#2849,#156,.T.);
#2300=EDGE_CURVE('',#2869,#2804,#157,.T.);
#2301=EDGE_CURVE('',#2824,#2869,#158,.T.);
#2302=EDGE_CURVE('',#2870,#2859,#159,.T.);
#2303=EDGE_CURVE('',#2871,#2870,#160,.T.);
#2304=EDGE_CURVE('',#2872,#2871,#161,.T.);
#2305=EDGE_CURVE('',#2845,#2872,#162,.T.);
#2306=EDGE_CURVE('',#2873,#2844,#163,.T.);
#2307=EDGE_CURVE('',#2873,#2860,#164,.T.);
#2308=EDGE_CURVE('',#2874,#2875,#165,.T.);
#2309=EDGE_CURVE('',#2872,#2874,#166,.T.);
#2310=EDGE_CURVE('',#2871,#2875,#167,.T.);
#2311=EDGE_CURVE('',#2876,#2861,#168,.T.);
#2312=EDGE_CURVE('',#2876,#2843,#169,.T.);
#2313=EDGE_CURVE('',#2842,#2874,#170,.T.);
#2314=EDGE_CURVE('',#2875,#2877,#171,.T.);
#2315=EDGE_CURVE('',#2877,#2858,#172,.T.);
#2316=EDGE_CURVE('',#2865,#2841,#173,.T.);
#2317=EDGE_CURVE('',#2864,#2846,#174,.T.);
#2318=EDGE_CURVE('',#2873,#2876,#175,.T.);
#2319=EDGE_CURVE('',#2878,#2878,#3201,.T.);
#2320=EDGE_CURVE('',#2877,#2870,#176,.T.);
#2321=EDGE_CURVE('',#2879,#2879,#3202,.T.);
#2322=EDGE_CURVE('',#2880,#2880,#3203,.T.);
#2323=EDGE_CURVE('',#2881,#2881,#3204,.T.);
#2324=EDGE_CURVE('',#2863,#2839,#177,.T.);
#2325=EDGE_CURVE('',#2862,#2840,#178,.T.);
#2326=EDGE_CURVE('',#2853,#2882,#179,.T.);
#2327=EDGE_CURVE('',#2852,#2883,#180,.T.);
#2328=EDGE_CURVE('',#2882,#2883,#181,.T.);
#2329=EDGE_CURVE('',#2838,#2883,#3205,.T.);
#2330=EDGE_CURVE('',#2828,#2829,#3206,.T.);
#2331=EDGE_CURVE('',#2837,#2884,#182,.T.);
#2332=EDGE_CURVE('',#2885,#2884,#183,.T.);
#2333=EDGE_CURVE('',#2882,#2885,#184,.T.);
#2334=EDGE_CURVE('',#2855,#2884,#185,.T.);
#2335=EDGE_CURVE('',#2854,#2885,#186,.T.);
#2336=EDGE_CURVE('',#2868,#2830,#187,.T.);
#2337=EDGE_CURVE('',#2833,#2831,#188,.T.);
#2338=EDGE_CURVE('',#2886,#2886,#3207,.T.);
#2339=EDGE_CURVE('',#2887,#2887,#3208,.T.);
#2340=EDGE_CURVE('',#2888,#2869,#189,.T.);
#2341=EDGE_CURVE('',#2888,#2889,#3209,.T.);
#2342=EDGE_CURVE('',#2889,#2890,#190,.T.);
#2343=EDGE_CURVE('',#2890,#2891,#191,.T.);
#2344=EDGE_CURVE('',#2891,#2825,#192,.T.);
#2345=EDGE_CURVE('',#2892,#2893,#193,.T.);
#2346=EDGE_CURVE('',#2892,#2808,#3210,.F.);
#2347=EDGE_CURVE('',#2894,#2826,#194,.T.);
#2348=EDGE_CURVE('',#2893,#2894,#195,.T.);
#2349=EDGE_CURVE('',#2891,#2894,#196,.T.);
#2350=EDGE_CURVE('',#2895,#2896,#197,.T.);
#2351=EDGE_CURVE('',#2895,#2897,#3211,.F.);
#2352=EDGE_CURVE('',#2897,#2867,#198,.T.);
#2353=EDGE_CURVE('',#2898,#2814,#199,.T.);
#2354=EDGE_CURVE('',#2896,#2898,#200,.T.);
#2355=EDGE_CURVE('',#2899,#2813,#201,.T.);
#2356=EDGE_CURVE('',#2898,#2899,#202,.T.);
#2357=EDGE_CURVE('',#2796,#2900,#3212,.T.);
#2358=EDGE_CURVE('',#2900,#2901,#203,.T.);
#2359=EDGE_CURVE('',#2901,#2899,#204,.T.);
#2360=EDGE_CURVE('',#2897,#2902,#66,.T.);
#2361=EDGE_CURVE('',#2902,#2866,#205,.T.);
#2362=EDGE_CURVE('',#2903,#2903,#3213,.T.);
#2363=EDGE_CURVE('',#2904,#2904,#3214,.T.);
#2364=EDGE_CURVE('',#2896,#2901,#206,.T.);
#2365=EDGE_CURVE('',#2902,#2905,#71,.T.);
#2366=EDGE_CURVE('',#2905,#2794,#72,.T.);
#2367=EDGE_CURVE('',#2800,#2799,#73,.T.);
#2368=EDGE_CURVE('',#2900,#2895,#207,.F.);
#2369=EDGE_CURVE('',#2803,#2888,#67,.F.);
#2370=EDGE_CURVE('',#2906,#2906,#3215,.T.);
#2371=EDGE_CURVE('',#2907,#2907,#3216,.T.);
#2372=EDGE_CURVE('',#2890,#2893,#208,.T.);
#2373=EDGE_CURVE('',#2889,#2892,#209,.F.);
#2374=EDGE_CURVE('',#2810,#2908,#74,.T.);
#2375=EDGE_CURVE('',#2908,#2801,#75,.T.);
#2376=EDGE_CURVE('',#2909,#2905,#76,.T.);
#2377=EDGE_CURVE('',#2909,#2795,#77,.T.);
#2378=EDGE_CURVE('',#2910,#2911,#210,.T.);
#2379=EDGE_CURVE('',#2912,#2910,#211,.T.);
#2380=EDGE_CURVE('',#2912,#2913,#212,.T.);
#2381=EDGE_CURVE('',#2913,#2911,#213,.T.);
#2382=EDGE_CURVE('',#2910,#2914,#214,.T.);
#2383=EDGE_CURVE('',#2915,#2914,#215,.T.);
#2384=EDGE_CURVE('',#2912,#2915,#216,.T.);
#2385=EDGE_CURVE('',#2916,#2914,#217,.T.);
#2386=EDGE_CURVE('',#2917,#2916,#218,.T.);
#2387=EDGE_CURVE('',#2917,#2915,#219,.T.);
#2388=EDGE_CURVE('',#2918,#2916,#220,.T.);
#2389=EDGE_CURVE('',#2919,#2918,#221,.T.);
#2390=EDGE_CURVE('',#2919,#2917,#222,.T.);
#2391=EDGE_CURVE('',#2920,#2918,#223,.T.);
#2392=EDGE_CURVE('',#2921,#2920,#224,.T.);
#2393=EDGE_CURVE('',#2921,#2919,#225,.T.);
#2394=EDGE_CURVE('',#2920,#2922,#226,.T.);
#2395=EDGE_CURVE('',#2923,#2922,#227,.T.);
#2396=EDGE_CURVE('',#2921,#2923,#228,.T.);
#2397=EDGE_CURVE('',#2924,#2922,#229,.T.);
#2398=EDGE_CURVE('',#2925,#2924,#230,.T.);
#2399=EDGE_CURVE('',#2925,#2923,#231,.T.);
#2400=EDGE_CURVE('',#2924,#2926,#232,.T.);
#2401=EDGE_CURVE('',#2927,#2926,#233,.T.);
#2402=EDGE_CURVE('',#2925,#2927,#234,.T.);
#2403=EDGE_CURVE('',#2928,#2926,#235,.T.);
#2404=EDGE_CURVE('',#2929,#2928,#236,.T.);
#2405=EDGE_CURVE('',#2929,#2927,#237,.T.);
#2406=EDGE_CURVE('',#2928,#2930,#238,.T.);
#2407=EDGE_CURVE('',#2931,#2930,#239,.T.);
#2408=EDGE_CURVE('',#2929,#2931,#240,.T.);
#2409=EDGE_CURVE('',#2930,#2932,#241,.T.);
#2410=EDGE_CURVE('',#2933,#2932,#242,.T.);
#2411=EDGE_CURVE('',#2931,#2933,#243,.T.);
#2412=EDGE_CURVE('',#2911,#2932,#244,.T.);
#2413=EDGE_CURVE('',#2913,#2933,#245,.T.);
#2414=EDGE_CURVE('',#2934,#2934,#3217,.T.);
#2415=EDGE_CURVE('',#2935,#2935,#3218,.T.);
#2416=EDGE_CURVE('',#2936,#2937,#246,.T.);
#2417=EDGE_CURVE('',#2938,#2937,#247,.T.);
#2418=EDGE_CURVE('',#2939,#2938,#248,.T.);
#2419=EDGE_CURVE('',#2939,#2936,#249,.T.);
#2420=EDGE_CURVE('',#2940,#2937,#250,.T.);
#2421=EDGE_CURVE('',#2941,#2940,#251,.T.);
#2422=EDGE_CURVE('',#2941,#2938,#252,.T.);
#2423=EDGE_CURVE('',#2942,#2940,#253,.T.);
#2424=EDGE_CURVE('',#2943,#2942,#254,.T.);
#2425=EDGE_CURVE('',#2943,#2941,#255,.T.);
#2426=EDGE_CURVE('',#2942,#2944,#256,.T.);
#2427=EDGE_CURVE('',#2945,#2944,#257,.T.);
#2428=EDGE_CURVE('',#2943,#2945,#258,.T.);
#2429=EDGE_CURVE('',#2944,#2946,#259,.T.);
#2430=EDGE_CURVE('',#2947,#2946,#260,.T.);
#2431=EDGE_CURVE('',#2945,#2947,#261,.T.);
#2432=EDGE_CURVE('',#2948,#2946,#262,.T.);
#2433=EDGE_CURVE('',#2949,#2948,#263,.T.);
#2434=EDGE_CURVE('',#2949,#2947,#264,.T.);
#2435=EDGE_CURVE('',#2950,#2948,#265,.T.);
#2436=EDGE_CURVE('',#2951,#2950,#266,.T.);
#2437=EDGE_CURVE('',#2951,#2949,#267,.T.);
#2438=EDGE_CURVE('',#2950,#2952,#268,.T.);
#2439=EDGE_CURVE('',#2953,#2952,#269,.T.);
#2440=EDGE_CURVE('',#2951,#2953,#270,.T.);
#2441=EDGE_CURVE('',#2954,#2952,#271,.T.);
#2442=EDGE_CURVE('',#2955,#2954,#272,.T.);
#2443=EDGE_CURVE('',#2955,#2953,#273,.T.);
#2444=EDGE_CURVE('',#2956,#2954,#274,.T.);
#2445=EDGE_CURVE('',#2957,#2956,#275,.T.);
#2446=EDGE_CURVE('',#2957,#2955,#276,.T.);
#2447=EDGE_CURVE('',#2958,#2956,#277,.T.);
#2448=EDGE_CURVE('',#2959,#2958,#278,.T.);
#2449=EDGE_CURVE('',#2959,#2957,#279,.T.);
#2450=EDGE_CURVE('',#2958,#2936,#280,.T.);
#2451=EDGE_CURVE('',#2959,#2939,#281,.T.);
#2452=EDGE_CURVE('',#2960,#2961,#282,.T.);
#2453=EDGE_CURVE('',#2960,#2962,#283,.T.);
#2454=EDGE_CURVE('',#2962,#2963,#284,.T.);
#2455=EDGE_CURVE('',#2961,#2963,#285,.T.);
#2456=EDGE_CURVE('',#2964,#2965,#286,.T.);
#2457=EDGE_CURVE('',#2964,#2966,#287,.T.);
#2458=EDGE_CURVE('',#2966,#2967,#288,.T.);
#2459=EDGE_CURVE('',#2965,#2967,#289,.T.);
#2460=EDGE_CURVE('',#2968,#2969,#290,.T.);
#2461=EDGE_CURVE('',#2969,#2970,#291,.F.);
#2462=EDGE_CURVE('',#2970,#2971,#292,.T.);
#2463=EDGE_CURVE('',#2971,#2972,#293,.T.);
#2464=EDGE_CURVE('',#2973,#2972,#294,.T.);
#2465=EDGE_CURVE('',#2973,#2968,#3219,.T.);
#2466=EDGE_CURVE('',#2969,#2974,#3220,.T.);
#2467=EDGE_CURVE('',#2968,#2975,#295,.T.);
#2468=EDGE_CURVE('',#2975,#2976,#296,.T.);
#2469=EDGE_CURVE('',#2977,#2976,#297,.T.);
#2470=EDGE_CURVE('',#2974,#2977,#298,.T.);
#2471=EDGE_CURVE('',#2978,#2971,#299,.T.);
#2472=EDGE_CURVE('',#2978,#2979,#300,.T.);
#2473=EDGE_CURVE('',#2979,#2972,#301,.T.);
#2474=EDGE_CURVE('',#2980,#2981,#302,.T.);
#2475=EDGE_CURVE('',#2980,#2982,#303,.T.);
#2476=EDGE_CURVE('',#2983,#2982,#304,.T.);
#2477=EDGE_CURVE('',#2981,#2983,#305,.T.);
#2478=EDGE_CURVE('',#2965,#2984,#3221,.T.);
#2479=EDGE_CURVE('',#2967,#2981,#3222,.T.);
#2480=EDGE_CURVE('',#2985,#2983,#306,.T.);
#2481=EDGE_CURVE('',#2985,#2986,#307,.T.);
#2482=EDGE_CURVE('',#2987,#2986,#308,.T.);
#2483=EDGE_CURVE('',#2988,#2987,#309,.T.);
#2484=EDGE_CURVE('',#2988,#2989,#310,.T.);
#2485=EDGE_CURVE('',#2989,#2990,#311,.T.);
#2486=EDGE_CURVE('',#2990,#2991,#312,.T.);
#2487=EDGE_CURVE('',#2992,#2991,#313,.T.);
#2488=EDGE_CURVE('',#2993,#2992,#314,.T.);
#2489=EDGE_CURVE('',#2994,#2993,#315,.T.);
#2490=EDGE_CURVE('',#2995,#2994,#316,.T.);
#2491=EDGE_CURVE('',#2995,#2996,#317,.T.);
#2492=EDGE_CURVE('',#2997,#2996,#318,.T.);
#2493=EDGE_CURVE('',#2973,#2997,#319,.T.);
#2494=EDGE_CURVE('',#2963,#2979,#3223,.T.);
#2495=EDGE_CURVE('',#2962,#2998,#3224,.T.);
#2496=EDGE_CURVE('',#2998,#2999,#320,.T.);
#2497=EDGE_CURVE('',#2999,#3000,#321,.T.);
#2498=EDGE_CURVE('',#3000,#3001,#322,.T.);
#2499=EDGE_CURVE('',#3001,#3002,#323,.T.);
#2500=EDGE_CURVE('',#3002,#3003,#324,.T.);
#2501=EDGE_CURVE('',#3004,#3003,#325,.T.);
#2502=EDGE_CURVE('',#3005,#3004,#3225,.T.);
#2503=EDGE_CURVE('',#3006,#3005,#326,.T.);
#2504=EDGE_CURVE('',#3007,#3006,#327,.T.);
#2505=EDGE_CURVE('',#3007,#3008,#328,.T.);
#2506=EDGE_CURVE('',#3008,#3009,#329,.T.);
#2507=EDGE_CURVE('',#3010,#3009,#330,.T.);
#2508=EDGE_CURVE('',#2984,#3010,#331,.T.);
#2509=EDGE_CURVE('',#3011,#3012,#332,.T.);
#2510=EDGE_CURVE('',#3012,#3013,#333,.T.);
#2511=EDGE_CURVE('',#3014,#3013,#334,.T.);
#2512=EDGE_CURVE('',#3011,#3014,#335,.T.);
#2513=EDGE_CURVE('',#2984,#3015,#336,.F.);
#2514=EDGE_CURVE('',#3016,#3010,#337,.T.);
#2515=EDGE_CURVE('',#3017,#3016,#338,.T.);
#2516=EDGE_CURVE('',#3017,#3018,#339,.T.);
#2517=EDGE_CURVE('',#3019,#3018,#340,.T.);
#2518=EDGE_CURVE('',#3020,#3019,#341,.T.);
#2519=EDGE_CURVE('',#3015,#3020,#342,.T.);
#2520=EDGE_CURVE('',#3021,#3022,#343,.T.);
#2521=EDGE_CURVE('',#3022,#3015,#3226,.F.);
#2522=EDGE_CURVE('',#3020,#3023,#344,.T.);
#2523=EDGE_CURVE('',#3023,#3024,#345,.T.);
#2524=EDGE_CURVE('',#3024,#3021,#346,.F.);
#2525=EDGE_CURVE('',#3025,#3026,#3227,.T.);
#2526=EDGE_CURVE('',#3025,#3027,#3228,.T.);
#2527=EDGE_CURVE('',#3027,#3028,#347,.T.);
#2528=EDGE_CURVE('',#3029,#3028,#348,.T.);
#2529=EDGE_CURVE('',#3029,#3030,#349,.T.);
#2530=EDGE_CURVE('',#3031,#3030,#350,.T.);
#2531=EDGE_CURVE('',#3032,#3031,#351,.T.);
#2532=EDGE_CURVE('',#3033,#3032,#352,.T.);
#2533=EDGE_CURVE('',#3034,#3033,#353,.T.);
#2534=EDGE_CURVE('',#3034,#3035,#3229,.T.);
#2535=EDGE_CURVE('',#3035,#3036,#3230,.T.);
#2536=EDGE_CURVE('',#3037,#3036,#3231,.T.);
#2537=EDGE_CURVE('',#3038,#3037,#354,.T.);
#2538=EDGE_CURVE('',#3039,#3038,#355,.T.);
#2539=EDGE_CURVE('',#3039,#3040,#356,.T.);
#2540=EDGE_CURVE('',#3040,#3026,#3232,.T.);
#2541=EDGE_CURVE('',#3041,#3042,#357,.T.);
#2542=EDGE_CURVE('',#3041,#3043,#358,.T.);
#2543=EDGE_CURVE('',#3043,#3044,#359,.T.);
#2544=EDGE_CURVE('',#3045,#3044,#360,.T.);
#2545=EDGE_CURVE('',#3046,#3045,#361,.T.);
#2546=EDGE_CURVE('',#3046,#3047,#362,.T.);
#2547=EDGE_CURVE('',#3047,#3048,#363,.T.);
#2548=EDGE_CURVE('',#3049,#3048,#364,.T.);
#2549=EDGE_CURVE('',#3050,#3049,#365,.T.);
#2550=EDGE_CURVE('',#3050,#3051,#366,.T.);
#2551=EDGE_CURVE('',#3051,#3052,#367,.T.);
#2552=EDGE_CURVE('',#3042,#3052,#368,.T.);
#2553=EDGE_CURVE('',#3053,#3054,#369,.T.);
#2554=EDGE_CURVE('',#3053,#3055,#370,.T.);
#2555=EDGE_CURVE('',#3056,#3055,#371,.T.);
#2556=EDGE_CURVE('',#3056,#3054,#372,.T.);
#2557=EDGE_CURVE('',#3057,#3058,#373,.T.);
#2558=EDGE_CURVE('',#3057,#3059,#374,.T.);
#2559=EDGE_CURVE('',#3060,#3059,#375,.T.);
#2560=EDGE_CURVE('',#3058,#3060,#376,.T.);
#2561=EDGE_CURVE('',#3061,#3062,#377,.T.);
#2562=EDGE_CURVE('',#3060,#3061,#378,.T.);
#2563=EDGE_CURVE('',#3063,#3059,#379,.T.);
#2564=EDGE_CURVE('',#3063,#3064,#380,.T.);
#2565=EDGE_CURVE('',#3064,#2988,#381,.T.);
#2566=EDGE_CURVE('',#3065,#2987,#382,.T.);
#2567=EDGE_CURVE('',#3065,#3016,#383,.T.);
#2568=EDGE_CURVE('',#3009,#3062,#384,.T.);
#2569=EDGE_CURVE('',#3066,#3067,#385,.T.);
#2570=EDGE_CURVE('',#3067,#3068,#386,.T.);
#2571=EDGE_CURVE('',#3069,#3068,#387,.T.);
#2572=EDGE_CURVE('',#3066,#3069,#388,.T.);
#2573=EDGE_CURVE('',#3070,#3001,#389,.T.);
#2574=EDGE_CURVE('',#3071,#3070,#390,.T.);
#2575=EDGE_CURVE('',#3071,#3002,#391,.T.);
#2576=EDGE_CURVE('',#3072,#3007,#392,.T.);
#2577=EDGE_CURVE('',#3072,#3073,#393,.T.);
#2578=EDGE_CURVE('',#3073,#3008,#394,.T.);
#2579=EDGE_CURVE('',#3074,#3075,#395,.T.);
#2580=EDGE_CURVE('',#3050,#3074,#396,.T.);
#2581=EDGE_CURVE('',#3076,#3049,#397,.T.);
#2582=EDGE_CURVE('',#3077,#3076,#398,.T.);
#2583=EDGE_CURVE('',#3078,#3077,#399,.T.);
#2584=EDGE_CURVE('',#3078,#3079,#400,.T.);
#2585=EDGE_CURVE('',#3079,#3046,#401,.T.);
#2586=EDGE_CURVE('',#3045,#3080,#402,.T.);
#2587=EDGE_CURVE('',#3081,#3080,#403,.T.);
#2588=EDGE_CURVE('',#3082,#3081,#404,.T.);
#2589=EDGE_CURVE('',#3083,#3082,#405,.T.);
#2590=EDGE_CURVE('',#3083,#3075,#406,.T.);
#2591=EDGE_CURVE('',#3077,#3084,#3233,.T.);
#2592=EDGE_CURVE('',#3076,#3085,#3234,.T.);
#2593=EDGE_CURVE('',#3084,#3085,#407,.T.);
#2594=EDGE_CURVE('',#3086,#3047,#408,.T.);
#2595=EDGE_CURVE('',#3086,#3087,#409,.F.);
#2596=EDGE_CURVE('',#3084,#3087,#410,.T.);
#2597=EDGE_CURVE('',#3085,#3048,#411,.T.);
#2598=EDGE_CURVE('',#3088,#3042,#412,.T.);
#2599=EDGE_CURVE('',#3088,#3089,#413,.F.);
#2600=EDGE_CURVE('',#3089,#3090,#414,.T.);
#2601=EDGE_CURVE('',#3091,#3090,#415,.T.);
#2602=EDGE_CURVE('',#3091,#3041,#416,.T.);
#2603=EDGE_CURVE('',#3079,#3092,#3235,.T.);
#2604=EDGE_CURVE('',#3092,#3086,#3236,.T.);
#2605=EDGE_CURVE('',#3091,#3093,#3237,.F.);
#2606=EDGE_CURVE('',#3093,#3043,#417,.T.);
#2607=EDGE_CURVE('',#3094,#3095,#3238,.T.);
#2608=EDGE_CURVE('',#3094,#3088,#3239,.F.);
#2609=EDGE_CURVE('',#3095,#3052,#418,.T.);
#2610=EDGE_CURVE('',#3039,#3096,#3240,.F.);
#2611=EDGE_CURVE('',#3070,#3096,#419,.T.);
#2612=EDGE_CURVE('',#3001,#3097,#420,.T.);
#2613=EDGE_CURVE('',#3097,#3098,#421,.T.);
#2614=EDGE_CURVE('',#3040,#3098,#422,.T.);
#2615=EDGE_CURVE('',#3098,#3099,#3241,.T.);
#2616=EDGE_CURVE('',#3026,#3099,#423,.T.);
#2617=EDGE_CURVE('',#3099,#3100,#3242,.T.);
#2618=EDGE_CURVE('',#3025,#3100,#424,.T.);
#2619=EDGE_CURVE('',#3101,#3101,#3243,.T.);
#2620=EDGE_CURVE('',#3100,#3102,#3244,.T.);
#2621=EDGE_CURVE('',#3035,#3102,#425,.T.);
#2622=EDGE_CURVE('',#3103,#3034,#426,.T.);
#2623=EDGE_CURVE('',#3104,#3103,#3245,.T.);
#2624=EDGE_CURVE('',#3104,#3027,#427,.T.);
#2625=EDGE_CURVE('',#3105,#3102,#3246,.T.);
#2626=EDGE_CURVE('',#3036,#3105,#428,.T.);
#2627=EDGE_CURVE('',#3106,#3106,#3247,.T.);
#2628=EDGE_CURVE('',#3107,#3105,#3248,.T.);
#2629=EDGE_CURVE('',#3037,#3107,#429,.T.);
#2630=EDGE_CURVE('',#3108,#3108,#3249,.T.);
#2631=EDGE_CURVE('',#3004,#3005,#3250,.T.);
#2632=EDGE_CURVE('',#3073,#3109,#430,.T.);
#2633=EDGE_CURVE('',#3109,#3038,#3251,.T.);
#2634=EDGE_CURVE('',#3110,#3107,#431,.T.);
#2635=EDGE_CURVE('',#3008,#3110,#432,.T.);
#2636=EDGE_CURVE('',#3111,#3097,#433,.T.);
#2637=EDGE_CURVE('',#3112,#3111,#434,.T.);
#2638=EDGE_CURVE('',#3112,#3061,#435,.T.);
#2639=EDGE_CURVE('',#3110,#3062,#436,.T.);
#2640=EDGE_CURVE('',#3075,#3081,#3252,.T.);
#2641=EDGE_CURVE('',#3083,#3082,#3253,.T.);
#2642=EDGE_CURVE('',#3074,#3113,#437,.T.);
#2643=EDGE_CURVE('',#3051,#3113,#438,.T.);
#2644=EDGE_CURVE('',#3113,#3114,#439,.T.);
#2645=EDGE_CURVE('',#3115,#3114,#440,.T.);
#2646=EDGE_CURVE('',#3115,#3116,#441,.T.);
#2647=EDGE_CURVE('',#3116,#3117,#442,.T.);
#2648=EDGE_CURVE('',#3117,#3118,#443,.T.);
#2649=EDGE_CURVE('',#3044,#3118,#444,.T.);
#2650=EDGE_CURVE('',#3093,#3119,#445,.T.);
#2651=EDGE_CURVE('',#3120,#3119,#446,.T.);
#2652=EDGE_CURVE('',#3120,#3095,#447,.T.);
#2653=EDGE_CURVE('',#3117,#3114,#3254,.T.);
#2654=EDGE_CURVE('',#3116,#3115,#3255,.T.);
#2655=EDGE_CURVE('',#3080,#3118,#448,.T.);
#2656=EDGE_CURVE('',#3121,#3006,#449,.T.);
#2657=EDGE_CURVE('',#3072,#3121,#450,.T.);
#2658=EDGE_CURVE('',#3005,#3004,#451,.T.);
#2659=EDGE_CURVE('',#3122,#3003,#452,.T.);
#2660=EDGE_CURVE('',#3121,#3122,#453,.T.);
#2661=EDGE_CURVE('',#3071,#3122,#454,.T.);
#2662=EDGE_CURVE('',#3090,#3119,#3256,.T.);
#2663=EDGE_CURVE('',#3123,#3120,#3257,.T.);
#2664=EDGE_CURVE('',#3123,#3094,#455,.T.);
#2665=EDGE_CURVE('',#3089,#3123,#3258,.F.);
#2666=EDGE_CURVE('',#3078,#3124,#3259,.T.);
#2667=EDGE_CURVE('',#3124,#3092,#456,.T.);
#2668=EDGE_CURVE('',#3087,#3124,#3260,.T.);
#2669=EDGE_CURVE('',#3096,#3109,#457,.T.);
#2670=EDGE_CURVE('',#3125,#3029,#458,.T.);
#2671=EDGE_CURVE('',#3125,#3126,#459,.T.);
#2672=EDGE_CURVE('',#3126,#3030,#460,.T.);
#2673=EDGE_CURVE('',#3125,#3127,#461,.T.);
#2674=EDGE_CURVE('',#3127,#3028,#462,.T.);
#2675=EDGE_CURVE('',#3104,#3127,#463,.T.);
#2676=EDGE_CURVE('',#3103,#3128,#464,.T.);
#2677=EDGE_CURVE('',#3128,#3033,#465,.T.);
#2678=EDGE_CURVE('',#3128,#3129,#466,.T.);
#2679=EDGE_CURVE('',#3129,#3032,#467,.T.);
#2680=EDGE_CURVE('',#3129,#3130,#468,.T.);
#2681=EDGE_CURVE('',#3130,#3031,#469,.T.);
#2682=EDGE_CURVE('',#3130,#3126,#470,.T.);
#2683=EDGE_CURVE('',#3000,#3111,#471,.T.);
#2684=EDGE_CURVE('',#3055,#3131,#3261,.T.);
#2685=EDGE_CURVE('',#3131,#3132,#472,.T.);
#2686=EDGE_CURVE('',#3132,#2992,#473,.T.);
#2687=EDGE_CURVE('',#3133,#2991,#474,.T.);
#2688=EDGE_CURVE('',#3133,#3134,#475,.T.);
#2689=EDGE_CURVE('',#3134,#3058,#3262,.T.);
#2690=EDGE_CURVE('',#3056,#3112,#476,.T.);
#2691=EDGE_CURVE('',#3135,#2999,#477,.T.);
#2692=EDGE_CURVE('',#3136,#3135,#478,.T.);
#2693=EDGE_CURVE('',#3136,#2996,#479,.T.);
#2694=EDGE_CURVE('',#3137,#2995,#480,.T.);
#2695=EDGE_CURVE('',#3138,#3137,#481,.T.);
#2696=EDGE_CURVE('',#3138,#3054,#482,.T.);
#2697=EDGE_CURVE('',#3139,#3067,#483,.T.);
#2698=EDGE_CURVE('',#3139,#3140,#484,.T.);
#2699=EDGE_CURVE('',#3140,#3068,#485,.T.);
#2700=EDGE_CURVE('',#3141,#3066,#486,.T.);
#2701=EDGE_CURVE('',#3141,#3139,#487,.T.);
#2702=EDGE_CURVE('',#3142,#3069,#488,.T.);
#2703=EDGE_CURVE('',#3141,#3142,#489,.T.);
#2704=EDGE_CURVE('',#3142,#3140,#490,.T.);
#2705=EDGE_CURVE('',#3018,#3143,#491,.T.);
#2706=EDGE_CURVE('',#3017,#3144,#492,.T.);
#2707=EDGE_CURVE('',#3144,#3143,#493,.T.);
#2708=EDGE_CURVE('',#3065,#3144,#494,.T.);
#2709=EDGE_CURVE('',#3145,#3146,#495,.T.);
#2710=EDGE_CURVE('',#3146,#3147,#496,.T.);
#2711=EDGE_CURVE('',#3148,#3147,#497,.T.);
#2712=EDGE_CURVE('',#3145,#3148,#498,.T.);
#2713=EDGE_CURVE('',#3148,#3149,#499,.T.);
#2714=EDGE_CURVE('',#3149,#3150,#500,.T.);
#2715=EDGE_CURVE('',#3150,#3145,#501,.T.);
#2716=EDGE_CURVE('',#3151,#3152,#502,.T.);
#2717=EDGE_CURVE('',#3153,#3151,#503,.T.);
#2718=EDGE_CURVE('',#3153,#3154,#504,.T.);
#2719=EDGE_CURVE('',#3154,#3152,#505,.T.);
#2720=EDGE_CURVE('',#3150,#3155,#3263,.F.);
#2721=EDGE_CURVE('',#3155,#3156,#506,.T.);
#2722=EDGE_CURVE('',#3156,#3053,#3264,.T.);
#2723=EDGE_CURVE('',#3153,#3138,#507,.T.);
#2724=EDGE_CURVE('',#3146,#3151,#508,.T.);
#2725=EDGE_CURVE('',#2994,#3149,#3265,.F.);
#2726=EDGE_CURVE('',#3152,#3147,#509,.T.);
#2727=EDGE_CURVE('',#3137,#3154,#510,.T.);
#2728=EDGE_CURVE('',#3157,#3158,#511,.T.);
#2729=EDGE_CURVE('',#3158,#3159,#512,.T.);
#2730=EDGE_CURVE('',#3160,#3159,#513,.T.);
#2731=EDGE_CURVE('',#3157,#3160,#514,.T.);
#2732=EDGE_CURVE('',#3157,#3135,#515,.T.);
#2733=EDGE_CURVE('',#3160,#3136,#516,.T.);
#2734=EDGE_CURVE('',#3019,#3161,#517,.T.);
#2735=EDGE_CURVE('',#3023,#3161,#518,.T.);
#2736=EDGE_CURVE('',#2986,#3024,#3266,.F.);
#2737=EDGE_CURVE('',#3143,#3161,#519,.T.);
#2738=EDGE_CURVE('',#3162,#2982,#520,.T.);
#2739=EDGE_CURVE('',#3162,#3022,#521,.T.);
#2740=EDGE_CURVE('',#3021,#2985,#3267,.F.);
#2741=EDGE_CURVE('',#3163,#3164,#522,.T.);
#2742=EDGE_CURVE('',#3164,#3165,#523,.T.);
#2743=EDGE_CURVE('',#3166,#3165,#524,.T.);
#2744=EDGE_CURVE('',#3163,#3166,#525,.T.);
#2745=EDGE_CURVE('',#3064,#3166,#526,.T.);
#2746=EDGE_CURVE('',#3163,#3063,#527,.T.);
#2747=EDGE_CURVE('',#3167,#3168,#528,.T.);
#2748=EDGE_CURVE('',#3168,#2989,#3268,.T.);
#2749=EDGE_CURVE('',#3165,#3169,#529,.T.);
#2750=EDGE_CURVE('',#3167,#3169,#530,.T.);
#2751=EDGE_CURVE('',#3170,#3169,#531,.T.);
#2752=EDGE_CURVE('',#3171,#3170,#532,.T.);
#2753=EDGE_CURVE('',#3171,#3167,#533,.T.);
#2754=EDGE_CURVE('',#3057,#3172,#3269,.F.);
#2755=EDGE_CURVE('',#3173,#3172,#534,.T.);
#2756=EDGE_CURVE('',#3173,#3174,#3270,.T.);
#2757=EDGE_CURVE('',#3174,#3171,#535,.T.);
#2758=EDGE_CURVE('',#3170,#3164,#536,.T.);
#2759=EDGE_CURVE('',#3174,#3168,#537,.F.);
#2760=EDGE_CURVE('',#2974,#2998,#538,.T.);
#2761=EDGE_CURVE('',#2977,#3175,#539,.T.);
#2762=EDGE_CURVE('',#3175,#3158,#540,.T.);
#2763=EDGE_CURVE('',#2975,#2997,#3271,.F.);
#2764=EDGE_CURVE('',#3176,#3159,#541,.T.);
#2765=EDGE_CURVE('',#2976,#3176,#542,.T.);
#2766=EDGE_CURVE('',#3175,#3176,#543,.T.);
#2767=EDGE_CURVE('',#3155,#2993,#3272,.F.);
#2768=EDGE_CURVE('',#2990,#3173,#3273,.T.);
#2769=EDGE_CURVE('',#3177,#3011,#544,.T.);
#2770=EDGE_CURVE('',#3177,#3012,#3274,.T.);
#2771=EDGE_CURVE('',#3178,#3014,#545,.T.);
#2772=EDGE_CURVE('',#3177,#3178,#546,.T.);
#2773=EDGE_CURVE('',#3013,#3178,#3275,.F.);
#2774=EDGE_CURVE('',#3179,#2990,#547,.T.);
#2775=EDGE_CURVE('',#3179,#3173,#548,.T.);
#2776=EDGE_CURVE('',#3179,#3133,#549,.T.);
#2777=EDGE_CURVE('',#3172,#3134,#550,.T.);
#2778=EDGE_CURVE('',#3180,#3155,#551,.T.);
#2779=EDGE_CURVE('',#3180,#2993,#552,.T.);
#2780=EDGE_CURVE('',#3180,#3132,#553,.T.);
#2781=EDGE_CURVE('',#3131,#3156,#554,.F.);
#2782=EDGE_CURVE('',#3181,#3181,#3276,.T.);
#2783=EDGE_CURVE('',#3182,#3182,#3277,.T.);
#2784=EDGE_CURVE('',#3183,#3183,#3278,.T.);
#2785=EDGE_CURVE('',#3184,#3184,#3279,.F.);
#2786=EDGE_CURVE('',#2970,#2960,#3280,.T.);
#2787=EDGE_CURVE('',#3185,#3185,#3281,.F.);
#2788=EDGE_CURVE('',#2978,#2961,#3282,.T.);
#2789=EDGE_CURVE('',#3186,#3186,#3283,.F.);
#2790=EDGE_CURVE('',#3162,#2964,#3284,.T.);
#2791=EDGE_CURVE('',#3187,#3187,#3285,.T.);
#2792=EDGE_CURVE('',#2980,#2966,#3286,.T.);
#2793=EDGE_CURVE('',#3188,#3188,#3287,.T.);
#2794=VERTEX_POINT('',#5725);
#2795=VERTEX_POINT('',#5726);
#2796=VERTEX_POINT('',#5728);
#2797=VERTEX_POINT('',#5730);
#2798=VERTEX_POINT('',#5732);
#2799=VERTEX_POINT('',#5734);
#2800=VERTEX_POINT('',#5736);
#2801=VERTEX_POINT('',#5753);
#2802=VERTEX_POINT('',#5754);
#2803=VERTEX_POINT('',#5760);
#2804=VERTEX_POINT('',#5762);
#2805=VERTEX_POINT('',#5764);
#2806=VERTEX_POINT('',#5766);
#2807=VERTEX_POINT('',#5772);
#2808=VERTEX_POINT('',#5776);
#2809=VERTEX_POINT('',#5777);
#2810=VERTEX_POINT('',#5779);
#2811=VERTEX_POINT('',#5785);
#2812=VERTEX_POINT('',#5786);
#2813=VERTEX_POINT('',#5788);
#2814=VERTEX_POINT('',#5790);
#2815=VERTEX_POINT('',#5792);
#2816=VERTEX_POINT('',#5794);
#2817=VERTEX_POINT('',#5796);
#2818=VERTEX_POINT('',#5798);
#2819=VERTEX_POINT('',#5800);
#2820=VERTEX_POINT('',#5802);
#2821=VERTEX_POINT('',#5804);
#2822=VERTEX_POINT('',#5806);
#2823=VERTEX_POINT('',#5808);
#2824=VERTEX_POINT('',#5810);
#2825=VERTEX_POINT('',#5812);
#2826=VERTEX_POINT('',#5814);
#2827=VERTEX_POINT('',#5818);
#2828=VERTEX_POINT('',#5820);
#2829=VERTEX_POINT('',#5821);
#2830=VERTEX_POINT('',#5823);
#2831=VERTEX_POINT('',#5826);
#2832=VERTEX_POINT('',#5829);
#2833=VERTEX_POINT('',#5832);
#2834=VERTEX_POINT('',#5834);
#2835=VERTEX_POINT('',#5836);
#2836=VERTEX_POINT('',#5841);
#2837=VERTEX_POINT('',#5843);
#2838=VERTEX_POINT('',#5845);
#2839=VERTEX_POINT('',#5849);
#2840=VERTEX_POINT('',#5850);
#2841=VERTEX_POINT('',#5852);
#2842=VERTEX_POINT('',#5854);
#2843=VERTEX_POINT('',#5856);
#2844=VERTEX_POINT('',#5858);
#2845=VERTEX_POINT('',#5860);
#2846=VERTEX_POINT('',#5862);
#2847=VERTEX_POINT('',#5866);
#2848=VERTEX_POINT('',#5867);
#2849=VERTEX_POINT('',#5869);
#2850=VERTEX_POINT('',#5871);
#2851=VERTEX_POINT('',#5873);
#2852=VERTEX_POINT('',#5875);
#2853=VERTEX_POINT('',#5877);
#2854=VERTEX_POINT('',#5879);
#2855=VERTEX_POINT('',#5881);
#2856=VERTEX_POINT('',#5884);
#2857=VERTEX_POINT('',#5886);
#2858=VERTEX_POINT('',#5889);
#2859=VERTEX_POINT('',#5890);
#2860=VERTEX_POINT('',#5892);
#2861=VERTEX_POINT('',#5894);
#2862=VERTEX_POINT('',#5898);
#2863=VERTEX_POINT('',#5899);
#2864=VERTEX_POINT('',#5901);
#2865=VERTEX_POINT('',#5903);
#2866=VERTEX_POINT('',#5911);
#2867=VERTEX_POINT('',#5916);
#2868=VERTEX_POINT('',#5921);
#2869=VERTEX_POINT('',#5930);
#2870=VERTEX_POINT('',#5935);
#2871=VERTEX_POINT('',#5937);
#2872=VERTEX_POINT('',#5939);
#2873=VERTEX_POINT('',#5942);
#2874=VERTEX_POINT('',#5946);
#2875=VERTEX_POINT('',#5947);
#2876=VERTEX_POINT('',#5952);
#2877=VERTEX_POINT('',#5956);
#2878=VERTEX_POINT('',#5965);
#2879=VERTEX_POINT('',#5970);
#2880=VERTEX_POINT('',#5973);
#2881=VERTEX_POINT('',#5977);
#2882=VERTEX_POINT('',#5986);
#2883=VERTEX_POINT('',#5988);
#2884=VERTEX_POINT('',#5996);
#2885=VERTEX_POINT('',#5998);
#2886=VERTEX_POINT('',#6013);
#2887=VERTEX_POINT('',#6017);
#2888=VERTEX_POINT('',#6021);
#2889=VERTEX_POINT('',#6023);
#2890=VERTEX_POINT('',#6025);
#2891=VERTEX_POINT('',#6027);
#2892=VERTEX_POINT('',#6031);
#2893=VERTEX_POINT('',#6032);
#2894=VERTEX_POINT('',#6035);
#2895=VERTEX_POINT('',#6041);
#2896=VERTEX_POINT('',#6042);
#2897=VERTEX_POINT('',#6044);
#2898=VERTEX_POINT('',#6047);
#2899=VERTEX_POINT('',#6051);
#2900=VERTEX_POINT('',#6055);
#2901=VERTEX_POINT('',#6057);
#2902=VERTEX_POINT('',#6061);
#2903=VERTEX_POINT('',#6065);
#2904=VERTEX_POINT('',#6067);
#2905=VERTEX_POINT('',#6084);
#2906=VERTEX_POINT('',#6101);
#2907=VERTEX_POINT('',#6103);
#2908=VERTEX_POINT('',#6113);
#2909=VERTEX_POINT('',#6125);
#2910=VERTEX_POINT('',#6136);
#2911=VERTEX_POINT('',#6137);
#2912=VERTEX_POINT('',#6139);
#2913=VERTEX_POINT('',#6141);
#2914=VERTEX_POINT('',#6145);
#2915=VERTEX_POINT('',#6147);
#2916=VERTEX_POINT('',#6151);
#2917=VERTEX_POINT('',#6153);
#2918=VERTEX_POINT('',#6157);
#2919=VERTEX_POINT('',#6159);
#2920=VERTEX_POINT('',#6163);
#2921=VERTEX_POINT('',#6165);
#2922=VERTEX_POINT('',#6169);
#2923=VERTEX_POINT('',#6171);
#2924=VERTEX_POINT('',#6175);
#2925=VERTEX_POINT('',#6177);
#2926=VERTEX_POINT('',#6181);
#2927=VERTEX_POINT('',#6183);
#2928=VERTEX_POINT('',#6187);
#2929=VERTEX_POINT('',#6189);
#2930=VERTEX_POINT('',#6193);
#2931=VERTEX_POINT('',#6195);
#2932=VERTEX_POINT('',#6199);
#2933=VERTEX_POINT('',#6201);
#2934=VERTEX_POINT('',#6211);
#2935=VERTEX_POINT('',#6213);
#2936=VERTEX_POINT('',#6219);
#2937=VERTEX_POINT('',#6220);
#2938=VERTEX_POINT('',#6222);
#2939=VERTEX_POINT('',#6224);
#2940=VERTEX_POINT('',#6228);
#2941=VERTEX_POINT('',#6230);
#2942=VERTEX_POINT('',#6234);
#2943=VERTEX_POINT('',#6236);
#2944=VERTEX_POINT('',#6240);
#2945=VERTEX_POINT('',#6242);
#2946=VERTEX_POINT('',#6246);
#2947=VERTEX_POINT('',#6248);
#2948=VERTEX_POINT('',#6252);
#2949=VERTEX_POINT('',#6254);
#2950=VERTEX_POINT('',#6258);
#2951=VERTEX_POINT('',#6260);
#2952=VERTEX_POINT('',#6264);
#2953=VERTEX_POINT('',#6266);
#2954=VERTEX_POINT('',#6270);
#2955=VERTEX_POINT('',#6272);
#2956=VERTEX_POINT('',#6276);
#2957=VERTEX_POINT('',#6278);
#2958=VERTEX_POINT('',#6282);
#2959=VERTEX_POINT('',#6284);
#2960=VERTEX_POINT('',#6294);
#2961=VERTEX_POINT('',#6295);
#2962=VERTEX_POINT('',#6297);
#2963=VERTEX_POINT('',#6299);
#2964=VERTEX_POINT('',#6303);
#2965=VERTEX_POINT('',#6304);
#2966=VERTEX_POINT('',#6306);
#2967=VERTEX_POINT('',#6308);
#2968=VERTEX_POINT('',#6312);
#2969=VERTEX_POINT('',#6313);
#2970=VERTEX_POINT('',#6315);
#2971=VERTEX_POINT('',#6317);
#2972=VERTEX_POINT('',#6319);
#2973=VERTEX_POINT('',#6321);
#2974=VERTEX_POINT('',#6325);
#2975=VERTEX_POINT('',#6327);
#2976=VERTEX_POINT('',#6329);
#2977=VERTEX_POINT('',#6331);
#2978=VERTEX_POINT('',#6335);
#2979=VERTEX_POINT('',#6337);
#2980=VERTEX_POINT('',#6341);
#2981=VERTEX_POINT('',#6342);
#2982=VERTEX_POINT('',#6344);
#2983=VERTEX_POINT('',#6346);
#2984=VERTEX_POINT('',#6350);
#2985=VERTEX_POINT('',#6353);
#2986=VERTEX_POINT('',#6355);
#2987=VERTEX_POINT('',#6357);
#2988=VERTEX_POINT('',#6359);
#2989=VERTEX_POINT('',#6361);
#2990=VERTEX_POINT('',#6363);
#2991=VERTEX_POINT('',#6365);
#2992=VERTEX_POINT('',#6367);
#2993=VERTEX_POINT('',#6369);
#2994=VERTEX_POINT('',#6371);
#2995=VERTEX_POINT('',#6373);
#2996=VERTEX_POINT('',#6375);
#2997=VERTEX_POINT('',#6377);
#2998=VERTEX_POINT('',#6381);
#2999=VERTEX_POINT('',#6383);
#3000=VERTEX_POINT('',#6385);
#3001=VERTEX_POINT('',#6387);
#3002=VERTEX_POINT('',#6389);
#3003=VERTEX_POINT('',#6391);
#3004=VERTEX_POINT('',#6393);
#3005=VERTEX_POINT('',#6395);
#3006=VERTEX_POINT('',#6397);
#3007=VERTEX_POINT('',#6399);
#3008=VERTEX_POINT('',#6401);
#3009=VERTEX_POINT('',#6403);
#3010=VERTEX_POINT('',#6405);
#3011=VERTEX_POINT('',#6408);
#3012=VERTEX_POINT('',#6409);
#3013=VERTEX_POINT('',#6411);
#3014=VERTEX_POINT('',#6413);
#3015=VERTEX_POINT('',#6417);
#3016=VERTEX_POINT('',#6419);
#3017=VERTEX_POINT('',#6421);
#3018=VERTEX_POINT('',#6423);
#3019=VERTEX_POINT('',#6425);
#3020=VERTEX_POINT('',#6427);
#3021=VERTEX_POINT('',#6431);
#3022=VERTEX_POINT('',#6432);
#3023=VERTEX_POINT('',#6435);
#3024=VERTEX_POINT('',#6437);
#3025=VERTEX_POINT('',#6441);
#3026=VERTEX_POINT('',#6442);
#3027=VERTEX_POINT('',#6444);
#3028=VERTEX_POINT('',#6446);
#3029=VERTEX_POINT('',#6448);
#3030=VERTEX_POINT('',#6450);
#3031=VERTEX_POINT('',#6452);
#3032=VERTEX_POINT('',#6454);
#3033=VERTEX_POINT('',#6456);
#3034=VERTEX_POINT('',#6458);
#3035=VERTEX_POINT('',#6460);
#3036=VERTEX_POINT('',#6462);
#3037=VERTEX_POINT('',#6464);
#3038=VERTEX_POINT('',#6466);
#3039=VERTEX_POINT('',#6468);
#3040=VERTEX_POINT('',#6470);
#3041=VERTEX_POINT('',#6473);
#3042=VERTEX_POINT('',#6474);
#3043=VERTEX_POINT('',#6476);
#3044=VERTEX_POINT('',#6478);
#3045=VERTEX_POINT('',#6480);
#3046=VERTEX_POINT('',#6482);
#3047=VERTEX_POINT('',#6484);
#3048=VERTEX_POINT('',#6486);
#3049=VERTEX_POINT('',#6488);
#3050=VERTEX_POINT('',#6490);
#3051=VERTEX_POINT('',#6492);
#3052=VERTEX_POINT('',#6494);
#3053=VERTEX_POINT('',#6498);
#3054=VERTEX_POINT('',#6499);
#3055=VERTEX_POINT('',#6501);
#3056=VERTEX_POINT('',#6503);
#3057=VERTEX_POINT('',#6507);
#3058=VERTEX_POINT('',#6508);
#3059=VERTEX_POINT('',#6510);
#3060=VERTEX_POINT('',#6512);
#3061=VERTEX_POINT('',#6516);
#3062=VERTEX_POINT('',#6517);
#3063=VERTEX_POINT('',#6520);
#3064=VERTEX_POINT('',#6522);
#3065=VERTEX_POINT('',#6525);
#3066=VERTEX_POINT('',#6529);
#3067=VERTEX_POINT('',#6530);
#3068=VERTEX_POINT('',#6532);
#3069=VERTEX_POINT('',#6534);
#3070=VERTEX_POINT('',#6538);
#3071=VERTEX_POINT('',#6540);
#3072=VERTEX_POINT('',#6544);
#3073=VERTEX_POINT('',#6546);
#3074=VERTEX_POINT('',#6550);
#3075=VERTEX_POINT('',#6551);
#3076=VERTEX_POINT('',#6554);
#3077=VERTEX_POINT('',#6556);
#3078=VERTEX_POINT('',#6558);
#3079=VERTEX_POINT('',#6560);
#3080=VERTEX_POINT('',#6563);
#3081=VERTEX_POINT('',#6565);
#3082=VERTEX_POINT('',#6567);
#3083=VERTEX_POINT('',#6569);
#3084=VERTEX_POINT('',#6573);
#3085=VERTEX_POINT('',#6575);
#3086=VERTEX_POINT('',#6579);
#3087=VERTEX_POINT('',#6581);
#3088=VERTEX_POINT('',#6586);
#3089=VERTEX_POINT('',#6588);
#3090=VERTEX_POINT('',#6590);
#3091=VERTEX_POINT('',#6592);
#3092=VERTEX_POINT('',#6596);
#3093=VERTEX_POINT('',#6601);
#3094=VERTEX_POINT('',#6605);
#3095=VERTEX_POINT('',#6606);
#3096=VERTEX_POINT('',#6611);
#3097=VERTEX_POINT('',#6614);
#3098=VERTEX_POINT('',#6616);
#3099=VERTEX_POINT('',#6620);
#3100=VERTEX_POINT('',#6624);
#3101=VERTEX_POINT('',#6627);
#3102=VERTEX_POINT('',#6630);
#3103=VERTEX_POINT('',#6633);
#3104=VERTEX_POINT('',#6635);
#3105=VERTEX_POINT('',#6639);
#3106=VERTEX_POINT('',#6642);
#3107=VERTEX_POINT('',#6645);
#3108=VERTEX_POINT('',#6649);
#3109=VERTEX_POINT('',#6653);
#3110=VERTEX_POINT('',#6656);
#3111=VERTEX_POINT('',#6660);
#3112=VERTEX_POINT('',#6662);
#3113=VERTEX_POINT('',#6670);
#3114=VERTEX_POINT('',#6674);
#3115=VERTEX_POINT('',#6676);
#3116=VERTEX_POINT('',#6678);
#3117=VERTEX_POINT('',#6680);
#3118=VERTEX_POINT('',#6682);
#3119=VERTEX_POINT('',#6685);
#3120=VERTEX_POINT('',#6687);
#3121=VERTEX_POINT('',#6696);
#3122=VERTEX_POINT('',#6701);
#3123=VERTEX_POINT('',#6709);
#3124=VERTEX_POINT('',#6715);
#3125=VERTEX_POINT('',#6729);
#3126=VERTEX_POINT('',#6731);
#3127=VERTEX_POINT('',#6735);
#3128=VERTEX_POINT('',#6741);
#3129=VERTEX_POINT('',#6745);
#3130=VERTEX_POINT('',#6749);
#3131=VERTEX_POINT('',#6759);
#3132=VERTEX_POINT('',#6761);
#3133=VERTEX_POINT('',#6764);
#3134=VERTEX_POINT('',#6766);
#3135=VERTEX_POINT('',#6771);
#3136=VERTEX_POINT('',#6773);
#3137=VERTEX_POINT('',#6776);
#3138=VERTEX_POINT('',#6778);
#3139=VERTEX_POINT('',#6782);
#3140=VERTEX_POINT('',#6784);
#3141=VERTEX_POINT('',#6788);
#3142=VERTEX_POINT('',#6792);
#3143=VERTEX_POINT('',#6799);
#3144=VERTEX_POINT('',#6801);
#3145=VERTEX_POINT('',#6807);
#3146=VERTEX_POINT('',#6808);
#3147=VERTEX_POINT('',#6810);
#3148=VERTEX_POINT('',#6812);
#3149=VERTEX_POINT('',#6816);
#3150=VERTEX_POINT('',#6818);
#3151=VERTEX_POINT('',#6822);
#3152=VERTEX_POINT('',#6823);
#3153=VERTEX_POINT('',#6825);
#3154=VERTEX_POINT('',#6827);
#3155=VERTEX_POINT('',#6831);
#3156=VERTEX_POINT('',#6833);
#3157=VERTEX_POINT('',#6844);
#3158=VERTEX_POINT('',#6845);
#3159=VERTEX_POINT('',#6847);
#3160=VERTEX_POINT('',#6849);
#3161=VERTEX_POINT('',#6856);
#3162=VERTEX_POINT('',#6863);
#3163=VERTEX_POINT('',#6868);
#3164=VERTEX_POINT('',#6869);
#3165=VERTEX_POINT('',#6871);
#3166=VERTEX_POINT('',#6873);
#3167=VERTEX_POINT('',#6880);
#3168=VERTEX_POINT('',#6881);
#3169=VERTEX_POINT('',#6884);
#3170=VERTEX_POINT('',#6888);
#3171=VERTEX_POINT('',#6890);
#3172=VERTEX_POINT('',#6894);
#3173=VERTEX_POINT('',#6896);
#3174=VERTEX_POINT('',#6898);
#3175=VERTEX_POINT('',#6906);
#3176=VERTEX_POINT('',#6911);
#3177=VERTEX_POINT('',#6927);
#3178=VERTEX_POINT('',#6931);
#3179=VERTEX_POINT('',#6937);
#3180=VERTEX_POINT('',#6945);
#3181=VERTEX_POINT('',#6956);
#3182=VERTEX_POINT('',#6958);
#3183=VERTEX_POINT('',#6962);
#3184=VERTEX_POINT('',#6964);
#3185=VERTEX_POINT('',#6971);
#3186=VERTEX_POINT('',#6975);
#3187=VERTEX_POINT('',#6980);
#3188=VERTEX_POINT('',#6984);
#3189=CIRCLE('',#4265,0.001146875);
#3190=CIRCLE('',#4266,0.001146875);
#3191=CIRCLE('',#4269,0.001146875);
#3192=CIRCLE('',#4270,0.001146875);
#3193=CIRCLE('',#4272,0.00125);
#3194=CIRCLE('',#4273,0.00124999999999998);
#3195=CIRCLE('',#4275,0.001146875);
#3196=CIRCLE('',#4276,0.001146875);
#3197=CIRCLE('',#4281,0.00124999999999998);
#3198=CIRCLE('',#4282,0.00124999999999998);
#3199=CIRCLE('',#4283,0.00125);
#3200=CIRCLE('',#4284,0.00124999999999994);
#3201=CIRCLE('',#4300,0.001146875);
#3202=CIRCLE('',#4303,0.001146875);
#3203=CIRCLE('',#4305,0.001146875);
#3204=CIRCLE('',#4308,0.001146875);
#3205=CIRCLE('',#4315,0.01016);
#3206=CIRCLE('',#4316,0.01016);
#3207=CIRCLE('',#4327,0.001146875);
#3208=CIRCLE('',#4330,0.001146875);
#3209=CIRCLE('',#4333,0.005);
#3210=CIRCLE('',#4335,0.005);
#3211=CIRCLE('',#4338,0.005);
#3212=CIRCLE('',#4341,0.005);
#3213=CIRCLE('',#4345,0.001146875);
#3214=CIRCLE('',#4346,0.001146875);
#3215=CIRCLE('',#4351,0.001146875);
#3216=CIRCLE('',#4352,0.001146875);
#3217=CIRCLE('',#4377,0.022225);
#3218=CIRCLE('',#4378,0.022225);
#3219=CIRCLE('',#4400,0.012);
#3220=CIRCLE('',#4402,0.003146875);
#3221=CIRCLE('',#4406,0.003146875);
#3222=CIRCLE('',#4407,0.001271875);
#3223=CIRCLE('',#4408,0.001271875);
#3224=CIRCLE('',#4409,0.003146875);
#3225=CIRCLE('',#4410,0.022621875);
#3226=CIRCLE('',#4413,0.003146875);
#3227=CIRCLE('',#4415,0.003146875);
#3228=CIRCLE('',#4416,0.028971875);
#3229=CIRCLE('',#4417,0.028971875);
#3230=CIRCLE('',#4418,0.003146875);
#3231=CIRCLE('',#4419,0.0289718750000002);
#3232=CIRCLE('',#4420,0.0289718750000002);
#3233=CIRCLE('',#4428,0.0166554276999999);
#3234=CIRCLE('',#4429,0.0166554276999999);
#3235=CIRCLE('',#4433,0.014627225);
#3236=CIRCLE('',#4434,0.001);
#3237=CIRCLE('',#4437,0.0166554277);
#3238=CIRCLE('',#4439,0.014627225);
#3239=CIRCLE('',#4440,0.001);
#3240=CIRCLE('',#4442,0.002);
#3241=CIRCLE('',#4444,0.0289718750000002);
#3242=CIRCLE('',#4446,0.003146875);
#3243=CIRCLE('',#4447,0.003146875);
#3244=CIRCLE('',#4449,0.028971875);
#3245=CIRCLE('',#4450,0.028971875);
#3246=CIRCLE('',#4452,0.003146875);
#3247=CIRCLE('',#4453,0.003146875);
#3248=CIRCLE('',#4455,0.0289718750000002);
#3249=CIRCLE('',#4457,0.022621875);
#3250=CIRCLE('',#4458,0.022621875);
#3251=CIRCLE('',#4460,0.002);
#3252=CIRCLE('',#4463,0.005);
#3253=CIRCLE('',#4464,0.005);
#3254=CIRCLE('',#4468,0.005);
#3255=CIRCLE('',#4469,0.005);
#3256=CIRCLE('',#4475,0.0166554277);
#3257=CIRCLE('',#4477,0.014627225);
#3258=CIRCLE('',#4479,0.001);
#3259=CIRCLE('',#4481,0.014627225);
#3260=CIRCLE('',#4483,0.001);
#3261=CIRCLE('',#4502,0.003);
#3262=CIRCLE('',#4503,0.003);
#3263=CIRCLE('',#4516,0.012);
#3264=CIRCLE('',#4517,0.003);
#3265=CIRCLE('',#4519,0.012);
#3266=CIRCLE('',#4525,0.012);
#3267=CIRCLE('',#4527,0.012);
#3268=CIRCLE('',#4531,0.012);
#3269=CIRCLE('',#4534,0.003);
#3270=CIRCLE('',#4535,0.012);
#3271=CIRCLE('',#4539,0.012);
#3272=CIRCLE('',#4546,0.012);
#3273=CIRCLE('',#4550,0.012);
#3274=CIRCLE('',#4552,0.003);
#3275=CIRCLE('',#4555,0.003);
#3276=CIRCLE('',#4566,0.001271875);
#3277=CIRCLE('',#4567,0.001271875);
#3278=CIRCLE('',#4570,0.001271875);
#3279=CIRCLE('',#4571,0.001271875);
#3280=CIRCLE('',#4576,0.003146875);
#3281=CIRCLE('',#4577,0.003146875);
#3282=CIRCLE('',#4579,0.001271875);
#3283=CIRCLE('',#4580,0.001271875);
#3284=CIRCLE('',#4583,0.003146875);
#3285=CIRCLE('',#4584,0.003146875);
#3286=CIRCLE('',#4586,0.001271875);
#3287=CIRCLE('',#4587,0.001271875);
#3288=EDGE_LOOP('',(#1030,#1031,#1032,#1033,#1034,#1035,#1036));
#3289=EDGE_LOOP('',(#1037,#1038,#1039,#1040,#1041,#1042,#1043));
#3290=EDGE_LOOP('',(#1044,#1045,#1046,#1047,#1048,#1049,#1050));
#3291=EDGE_LOOP('',(#1051,#1052,#1053,#1054,#1055,#1056,#1057,#1058,#1059,
#1060,#1061,#1062,#1063,#1064,#1065,#1066));
#3292=EDGE_LOOP('',(#1067));
#3293=EDGE_LOOP('',(#1068,#1069,#1070,#1071,#1072,#1073));
#3294=EDGE_LOOP('',(#1074));
#3295=EDGE_LOOP('',(#1075,#1076,#1077,#1078,#1079,#1080));
#3296=EDGE_LOOP('',(#1081,#1082,#1083,#1084));
#3297=EDGE_LOOP('',(#1085,#1086,#1087,#1088,#1089,#1090,#1091,#1092));
#3298=EDGE_LOOP('',(#1093,#1094,#1095,#1096,#1097,#1098,#1099,#1100,#1101,
#1102,#1103,#1104,#1105,#1106));
#3299=EDGE_LOOP('',(#1107,#1108,#1109,#1110));
#3300=EDGE_LOOP('',(#1111,#1112,#1113,#1114));
#3301=EDGE_LOOP('',(#1115,#1116,#1117,#1118,#1119,#1120,#1121,#1122));
#3302=EDGE_LOOP('',(#1123,#1124,#1125,#1126));
#3303=EDGE_LOOP('',(#1127,#1128,#1129,#1130,#1131,#1132));
#3304=EDGE_LOOP('',(#1133,#1134,#1135,#1136));
#3305=EDGE_LOOP('',(#1137,#1138,#1139,#1140,#1141,#1142));
#3306=EDGE_LOOP('',(#1143,#1144,#1145,#1146));
#3307=EDGE_LOOP('',(#1147,#1148,#1149,#1150,#1151,#1152));
#3308=EDGE_LOOP('',(#1153,#1154,#1155,#1156));
#3309=EDGE_LOOP('',(#1157,#1158,#1159,#1160,#1161,#1162,#1163,#1164));
#3310=EDGE_LOOP('',(#1165,#1166,#1167,#1168));
#3311=EDGE_LOOP('',(#1169,#1170,#1171,#1172,#1173,#1174,#1175,#1176));
#3312=EDGE_LOOP('',(#1177,#1178,#1179,#1180,#1181,#1182,#1183,#1184));
#3313=EDGE_LOOP('',(#1185,#1186,#1187,#1188));
#3314=EDGE_LOOP('',(#1189,#1190,#1191,#1192));
#3315=EDGE_LOOP('',(#1193));
#3316=EDGE_LOOP('',(#1194,#1195,#1196,#1197));
#3317=EDGE_LOOP('',(#1198,#1199,#1200,#1201));
#3318=EDGE_LOOP('',(#1202));
#3319=EDGE_LOOP('',(#1203));
#3320=EDGE_LOOP('',(#1204));
#3321=EDGE_LOOP('',(#1205));
#3322=EDGE_LOOP('',(#1206));
#3323=EDGE_LOOP('',(#1207));
#3324=EDGE_LOOP('',(#1208));
#3325=EDGE_LOOP('',(#1209,#1210,#1211,#1212));
#3326=EDGE_LOOP('',(#1213,#1214,#1215,#1216));
#3327=EDGE_LOOP('',(#1217,#1218,#1219,#1220));
#3328=EDGE_LOOP('',(#1221,#1222,#1223,#1224));
#3329=EDGE_LOOP('',(#1225,#1226,#1227,#1228,#1229,#1230));
#3330=EDGE_LOOP('',(#1231,#1232));
#3331=EDGE_LOOP('',(#1233,#1234,#1235,#1236,#1237,#1238));
#3332=EDGE_LOOP('',(#1239,#1240,#1241,#1242));
#3333=EDGE_LOOP('',(#1243,#1244,#1245,#1246));
#3334=EDGE_LOOP('',(#1247,#1248,#1249,#1250));
#3335=EDGE_LOOP('',(#1251,#1252,#1253,#1254));
#3336=EDGE_LOOP('',(#1255,#1256,#1257));
#3337=EDGE_LOOP('',(#1258,#1259,#1260));
#3338=EDGE_LOOP('',(#1261,#1262,#1263,#1264));
#3339=EDGE_LOOP('',(#1265));
#3340=EDGE_LOOP('',(#1266));
#3341=EDGE_LOOP('',(#1267));
#3342=EDGE_LOOP('',(#1268));
#3343=EDGE_LOOP('',(#1269));
#3344=EDGE_LOOP('',(#1270));
#3345=EDGE_LOOP('',(#1271,#1272,#1273,#1274,#1275,#1276,#1277));
#3346=EDGE_LOOP('',(#1278,#1279,#1280,#1281,#1282,#1283,#1284));
#3347=EDGE_LOOP('',(#1285,#1286,#1287,#1288));
#3348=EDGE_LOOP('',(#1289,#1290,#1291,#1292,#1293,#1294,#1295));
#3349=EDGE_LOOP('',(#1296,#1297,#1298,#1299));
#3350=EDGE_LOOP('',(#1300,#1301,#1302,#1303,#1304,#1305,#1306));
#3351=EDGE_LOOP('',(#1307,#1308,#1309,#1310));
#3352=EDGE_LOOP('',(#1311));
#3353=EDGE_LOOP('',(#1312));
#3354=EDGE_LOOP('',(#1313,#1314,#1315,#1316));
#3355=EDGE_LOOP('',(#1317,#1318,#1319,#1320,#1321,#1322,#1323));
#3356=EDGE_LOOP('',(#1324,#1325,#1326,#1327));
#3357=EDGE_LOOP('',(#1328,#1329,#1330,#1331));
#3358=EDGE_LOOP('',(#1332));
#3359=EDGE_LOOP('',(#1333));
#3360=EDGE_LOOP('',(#1334,#1335,#1336,#1337));
#3361=EDGE_LOOP('',(#1338,#1339,#1340,#1341));
#3362=EDGE_LOOP('',(#1342));
#3363=EDGE_LOOP('',(#1343,#1344,#1345,#1346));
#3364=EDGE_LOOP('',(#1347));
#3365=EDGE_LOOP('',(#1348,#1349));
#3366=EDGE_LOOP('',(#1350));
#3367=EDGE_LOOP('',(#1351,#1352));
#3368=EDGE_LOOP('',(#1353));
#3369=EDGE_LOOP('',(#1354,#1355,#1356,#1357));
#3370=EDGE_LOOP('',(#1358,#1359,#1360,#1361,#1362,#1363,#1364,#1365));
#3371=EDGE_LOOP('',(#1366,#1367,#1368,#1369,#1370,#1371,#1372,#1373));
#3372=EDGE_LOOP('',(#1374,#1375,#1376,#1377));
#3373=EDGE_LOOP('',(#1378,#1379,#1380,#1381));
#3374=EDGE_LOOP('',(#1382,#1383,#1384,#1385));
#3375=EDGE_LOOP('',(#1386,#1387,#1388,#1389));
#3376=EDGE_LOOP('',(#1390,#1391,#1392,#1393));
#3377=EDGE_LOOP('',(#1394,#1395,#1396,#1397));
#3378=EDGE_LOOP('',(#1398,#1399,#1400,#1401));
#3379=EDGE_LOOP('',(#1402,#1403,#1404,#1405));
#3380=EDGE_LOOP('',(#1406,#1407,#1408,#1409));
#3381=EDGE_LOOP('',(#1410,#1411,#1412,#1413));
#3382=EDGE_LOOP('',(#1414,#1415,#1416,#1417));
#3383=EDGE_LOOP('',(#1418,#1419,#1420,#1421));
#3384=EDGE_LOOP('',(#1422,#1423,#1424,#1425,#1426,#1427,#1428,#1429,#1430,
#1431,#1432,#1433));
#3385=EDGE_LOOP('',(#1434,#1435,#1436,#1437,#1438,#1439,#1440,#1441,#1442,
#1443,#1444,#1445));
#3386=EDGE_LOOP('',(#1446));
#3387=EDGE_LOOP('',(#1447));
#3388=EDGE_LOOP('',(#1448));
#3389=EDGE_LOOP('',(#1449));
#3390=EDGE_LOOP('',(#1450,#1451,#1452,#1453));
#3391=EDGE_LOOP('',(#1454,#1455,#1456,#1457));
#3392=EDGE_LOOP('',(#1458,#1459,#1460,#1461));
#3393=EDGE_LOOP('',(#1462,#1463,#1464,#1465));
#3394=EDGE_LOOP('',(#1466,#1467,#1468,#1469));
#3395=EDGE_LOOP('',(#1470,#1471,#1472,#1473));
#3396=EDGE_LOOP('',(#1474,#1475,#1476,#1477));
#3397=EDGE_LOOP('',(#1478,#1479,#1480,#1481));
#3398=EDGE_LOOP('',(#1482,#1483,#1484,#1485));
#3399=EDGE_LOOP('',(#1486,#1487,#1488,#1489));
#3400=EDGE_LOOP('',(#1490,#1491,#1492,#1493));
#3401=EDGE_LOOP('',(#1494,#1495,#1496,#1497));
#3402=EDGE_LOOP('',(#1498,#1499,#1500,#1501,#1502,#1503,#1504,#1505,#1506,
#1507,#1508,#1509));
#3403=EDGE_LOOP('',(#1510,#1511,#1512,#1513,#1514,#1515,#1516,#1517,#1518,
#1519,#1520,#1521));
#3404=EDGE_LOOP('',(#1522,#1523,#1524,#1525));
#3405=EDGE_LOOP('',(#1526,#1527,#1528,#1529));
#3406=EDGE_LOOP('',(#1530,#1531,#1532,#1533,#1534,#1535));
#3407=EDGE_LOOP('',(#1536,#1537,#1538,#1539,#1540,#1541));
#3408=EDGE_LOOP('',(#1542,#1543,#1544,#1545));
#3409=EDGE_LOOP('',(#1546,#1547,#1548,#1549));
#3410=EDGE_LOOP('',(#1550,#1551,#1552,#1553,#1554,#1555,#1556,#1557,#1558,
#1559,#1560,#1561,#1562,#1563,#1564,#1565,#1566,#1567,#1568,#1569,#1570,
#1571,#1572,#1573,#1574,#1575,#1576,#1577,#1578,#1579,#1580,#1581,#1582,
#1583,#1584,#1585));
#3411=EDGE_LOOP('',(#1586,#1587,#1588,#1589));
#3412=EDGE_LOOP('',(#1590,#1591,#1592,#1593,#1594,#1595,#1596,#1597));
#3413=EDGE_LOOP('',(#1598,#1599,#1600,#1601,#1602,#1603));
#3414=EDGE_LOOP('',(#1604,#1605,#1606,#1607,#1608,#1609,#1610,#1611,#1612,
#1613,#1614,#1615,#1616,#1617,#1618,#1619));
#3415=EDGE_LOOP('',(#1620,#1621,#1622,#1623,#1624,#1625,#1626,#1627,#1628,
#1629,#1630,#1631));
#3416=EDGE_LOOP('',(#1632,#1633,#1634,#1635));
#3417=EDGE_LOOP('',(#1636,#1637,#1638,#1639));
#3418=EDGE_LOOP('',(#1640,#1641,#1642,#1643,#1644,#1645,#1646,#1647,#1648,
#1649,#1650,#1651));
#3419=EDGE_LOOP('',(#1652,#1653,#1654,#1655));
#3420=EDGE_LOOP('',(#1656,#1657,#1658,#1659));
#3421=EDGE_LOOP('',(#1660,#1661,#1662,#1663));
#3422=EDGE_LOOP('',(#1664,#1665,#1666,#1667,#1668,#1669,#1670,#1671,#1672,
#1673,#1674,#1675,#1676,#1677));
#3423=EDGE_LOOP('',(#1678,#1679,#1680,#1681));
#3424=EDGE_LOOP('',(#1682,#1683,#1684,#1685,#1686,#1687));
#3425=EDGE_LOOP('',(#1688,#1689,#1690,#1691,#1692,#1693));
#3426=EDGE_LOOP('',(#1694,#1695,#1696,#1697,#1698));
#3427=EDGE_LOOP('',(#1699,#1700,#1701,#1702));
#3428=EDGE_LOOP('',(#1703,#1704,#1705,#1706));
#3429=EDGE_LOOP('',(#1707,#1708,#1709,#1710,#1711));
#3430=EDGE_LOOP('',(#1712,#1713,#1714,#1715,#1716,#1717,#1718));
#3431=EDGE_LOOP('',(#1719,#1720,#1721,#1722));
#3432=EDGE_LOOP('',(#1723,#1724,#1725,#1726));
#3433=EDGE_LOOP('',(#1727));
#3434=EDGE_LOOP('',(#1728,#1729,#1730,#1731,#1732,#1733,#1734,#1735));
#3435=EDGE_LOOP('',(#1736,#1737,#1738,#1739));
#3436=EDGE_LOOP('',(#1740));
#3437=EDGE_LOOP('',(#1741,#1742,#1743,#1744));
#3438=EDGE_LOOP('',(#1745));
#3439=EDGE_LOOP('',(#1746,#1747));
#3440=EDGE_LOOP('',(#1748,#1749,#1750,#1751,#1752,#1753,#1754));
#3441=EDGE_LOOP('',(#1755));
#3442=EDGE_LOOP('',(#1756,#1757,#1758,#1759,#1760,#1761,#1762,#1763,#1764,
#1765,#1766,#1767));
#3443=EDGE_LOOP('',(#1768,#1769,#1770,#1771));
#3444=EDGE_LOOP('',(#1772,#1773,#1774,#1775));
#3445=EDGE_LOOP('',(#1776,#1777,#1778,#1779,#1780,#1781,#1782,#1783,#1784,
#1785,#1786,#1787,#1788,#1789));
#3446=EDGE_LOOP('',(#1790,#1791,#1792,#1793));
#3447=EDGE_LOOP('',(#1794,#1795,#1796,#1797));
#3448=EDGE_LOOP('',(#1798,#1799,#1800,#1801));
#3449=EDGE_LOOP('',(#1802,#1803,#1804,#1805,#1806,#1807));
#3450=EDGE_LOOP('',(#1808,#1809,#1810,#1811));
#3451=EDGE_LOOP('',(#1812,#1813,#1814,#1815));
#3452=EDGE_LOOP('',(#1816,#1817,#1818,#1819));
#3453=EDGE_LOOP('',(#1820,#1821,#1822,#1823,#1824));
#3454=EDGE_LOOP('',(#1825,#1826,#1827,#1828));
#3455=EDGE_LOOP('',(#1829,#1830,#1831,#1832,#1833));
#3456=EDGE_LOOP('',(#1834,#1835,#1836,#1837));
#3457=EDGE_LOOP('',(#1838,#1839,#1840,#1841));
#3458=EDGE_LOOP('',(#1842,#1843));
#3459=EDGE_LOOP('',(#1844,#1845));
#3460=EDGE_LOOP('',(#1846,#1847,#1848,#1849,#1850,#1851,#1852,#1853));
#3461=EDGE_LOOP('',(#1854,#1855));
#3462=EDGE_LOOP('',(#1856,#1857,#1858,#1859,#1860,#1861,#1862,#1863));
#3463=EDGE_LOOP('',(#1864,#1865,#1866,#1867));
#3464=EDGE_LOOP('',(#1868,#1869,#1870,#1871));
#3465=EDGE_LOOP('',(#1872,#1873,#1874,#1875));
#3466=EDGE_LOOP('',(#1876,#1877,#1878,#1879));
#3467=EDGE_LOOP('',(#1880,#1881,#1882,#1883));
#3468=EDGE_LOOP('',(#1884,#1885,#1886,#1887));
#3469=EDGE_LOOP('',(#1888,#1889,#1890,#1891));
#3470=EDGE_LOOP('',(#1892,#1893,#1894,#1895));
#3471=EDGE_LOOP('',(#1896,#1897,#1898,#1899,#1900,#1901,#1902,#1903));
#3472=EDGE_LOOP('',(#1904,#1905,#1906,#1907));
#3473=EDGE_LOOP('',(#1908,#1909,#1910,#1911));
#3474=EDGE_LOOP('',(#1912,#1913,#1914,#1915,#1916,#1917,#1918,#1919,#1920,
#1921,#1922,#1923));
#3475=EDGE_LOOP('',(#1924,#1925,#1926,#1927,#1928,#1929,#1930,#1931,#1932,
#1933,#1934,#1935));
#3476=EDGE_LOOP('',(#1936,#1937,#1938,#1939));
#3477=EDGE_LOOP('',(#1940,#1941,#1942,#1943));
#3478=EDGE_LOOP('',(#1944,#1945,#1946,#1947));
#3479=EDGE_LOOP('',(#1948,#1949,#1950,#1951));
#3480=EDGE_LOOP('',(#1952,#1953,#1954,#1955));
#3481=EDGE_LOOP('',(#1956,#1957,#1958,#1959));
#3482=EDGE_LOOP('',(#1960,#1961,#1962,#1963));
#3483=EDGE_LOOP('',(#1964,#1965,#1966,#1967));
#3484=EDGE_LOOP('',(#1968,#1969,#1970,#1971));
#3485=EDGE_LOOP('',(#1972,#1973,#1974,#1975));
#3486=EDGE_LOOP('',(#1976,#1977,#1978,#1979,#1980,#1981,#1982,#1983,#1984,
#1985));
#3487=EDGE_LOOP('',(#1986,#1987,#1988,#1989,#1990,#1991,#1992,#1993));
#3488=EDGE_LOOP('',(#1994,#1995,#1996,#1997));
#3489=EDGE_LOOP('',(#1998,#1999,#2000,#2001));
#3490=EDGE_LOOP('',(#2002,#2003,#2004,#2005));
#3491=EDGE_LOOP('',(#2006,#2007,#2008,#2009));
#3492=EDGE_LOOP('',(#2010,#2011,#2012,#2013,#2014,#2015,#2016,#2017));
#3493=EDGE_LOOP('',(#2018,#2019,#2020,#2021,#2022,#2023));
#3494=EDGE_LOOP('',(#2024,#2025,#2026,#2027));
#3495=EDGE_LOOP('',(#2028,#2029,#2030,#2031));
#3496=EDGE_LOOP('',(#2032,#2033,#2034,#2035,#2036,#2037,#2038,#2039));
#3497=EDGE_LOOP('',(#2040,#2041,#2042,#2043));
#3498=EDGE_LOOP('',(#2044,#2045,#2046,#2047,#2048,#2049,#2050,#2051,#2052,
#2053));
#3499=EDGE_LOOP('',(#2054,#2055,#2056,#2057));
#3500=EDGE_LOOP('',(#2058,#2059,#2060,#2061,#2062,#2063,#2064,#2065));
#3501=EDGE_LOOP('',(#2066,#2067,#2068,#2069,#2070,#2071,#2072,#2073));
#3502=EDGE_LOOP('',(#2074,#2075,#2076,#2077));
#3503=EDGE_LOOP('',(#2078,#2079,#2080,#2081));
#3504=EDGE_LOOP('',(#2082,#2083,#2084,#2085));
#3505=EDGE_LOOP('',(#2086,#2087,#2088,#2089));
#3506=EDGE_LOOP('',(#2090,#2091,#2092,#2093));
#3507=EDGE_LOOP('',(#2094,#2095,#2096,#2097,#2098));
#3508=EDGE_LOOP('',(#2099,#2100,#2101,#2102));
#3509=EDGE_LOOP('',(#2103,#2104,#2105,#2106));
#3510=EDGE_LOOP('',(#2107,#2108,#2109,#2110,#2111));
#3511=EDGE_LOOP('',(#2112,#2113,#2114));
#3512=EDGE_LOOP('',(#2115,#2116,#2117,#2118));
#3513=EDGE_LOOP('',(#2119,#2120,#2121));
#3514=EDGE_LOOP('',(#2122,#2123,#2124));
#3515=EDGE_LOOP('',(#2125,#2126,#2127,#2128));
#3516=EDGE_LOOP('',(#2129,#2130,#2131,#2132,#2133));
#3517=EDGE_LOOP('',(#2134,#2135,#2136));
#3518=EDGE_LOOP('',(#2137,#2138,#2139,#2140));
#3519=EDGE_LOOP('',(#2141,#2142,#2143,#2144,#2145));
#3520=EDGE_LOOP('',(#2146,#2147,#2148,#2149));
#3521=EDGE_LOOP('',(#2150,#2151,#2152,#2153));
#3522=EDGE_LOOP('',(#2154,#2155,#2156,#2157));
#3523=EDGE_LOOP('',(#2158));
#3524=EDGE_LOOP('',(#2159));
#3525=EDGE_LOOP('',(#2160));
#3526=EDGE_LOOP('',(#2161));
#3527=EDGE_LOOP('',(#2162));
#3528=EDGE_LOOP('',(#2163));
#3529=EDGE_LOOP('',(#2164));
#3530=EDGE_LOOP('',(#2165));
#3531=EDGE_LOOP('',(#2166));
#3532=EDGE_LOOP('',(#2167));
#3533=EDGE_LOOP('',(#2168,#2169,#2170,#2171,#2172,#2173));
#3534=EDGE_LOOP('',(#2174));
#3535=EDGE_LOOP('',(#2175,#2176,#2177,#2178));
#3536=EDGE_LOOP('',(#2179));
#3537=EDGE_LOOP('',(#2180));
#3538=EDGE_LOOP('',(#2181));
#3539=EDGE_LOOP('',(#2182,#2183,#2184,#2185,#2186,#2187));
#3540=EDGE_LOOP('',(#2188));
#3541=EDGE_LOOP('',(#2189,#2190,#2191,#2192));
#3542=EDGE_LOOP('',(#2193));
#3543=EDGE_LOOP('',(#2194));
#3544=EDGE_LOOP('',(#2195));
#3545=EDGE_LOOP('',(#2196,#2197,#2198,#2199,#2200));
#3546=EDGE_LOOP('',(#2201,#2202,#2203,#2204,#2205));
#3547=FACE_BOUND('',#3288,.T.);
#3548=FACE_BOUND('',#3289,.T.);
#3549=FACE_BOUND('',#3290,.T.);
#3550=FACE_BOUND('',#3291,.T.);
#3551=FACE_BOUND('',#3292,.T.);
#3552=FACE_BOUND('',#3293,.T.);
#3553=FACE_BOUND('',#3294,.T.);
#3554=FACE_BOUND('',#3295,.T.);
#3555=FACE_BOUND('',#3296,.T.);
#3556=FACE_BOUND('',#3297,.T.);
#3557=FACE_BOUND('',#3298,.T.);
#3558=FACE_BOUND('',#3299,.T.);
#3559=FACE_BOUND('',#3300,.T.);
#3560=FACE_BOUND('',#3301,.T.);
#3561=FACE_BOUND('',#3302,.T.);
#3562=FACE_BOUND('',#3303,.T.);
#3563=FACE_BOUND('',#3304,.T.);
#3564=FACE_BOUND('',#3305,.T.);
#3565=FACE_BOUND('',#3306,.T.);
#3566=FACE_BOUND('',#3307,.T.);
#3567=FACE_BOUND('',#3308,.T.);
#3568=FACE_BOUND('',#3309,.T.);
#3569=FACE_BOUND('',#3310,.T.);
#3570=FACE_BOUND('',#3311,.T.);
#3571=FACE_BOUND('',#3312,.T.);
#3572=FACE_BOUND('',#3313,.T.);
#3573=FACE_BOUND('',#3314,.T.);
#3574=FACE_BOUND('',#3315,.T.);
#3575=FACE_BOUND('',#3316,.T.);
#3576=FACE_BOUND('',#3317,.T.);
#3577=FACE_BOUND('',#3318,.T.);
#3578=FACE_BOUND('',#3319,.T.);
#3579=FACE_BOUND('',#3320,.T.);
#3580=FACE_BOUND('',#3321,.T.);
#3581=FACE_BOUND('',#3322,.T.);
#3582=FACE_BOUND('',#3323,.T.);
#3583=FACE_BOUND('',#3324,.T.);
#3584=FACE_BOUND('',#3325,.T.);
#3585=FACE_BOUND('',#3326,.T.);
#3586=FACE_BOUND('',#3327,.T.);
#3587=FACE_BOUND('',#3328,.T.);
#3588=FACE_BOUND('',#3329,.T.);
#3589=FACE_BOUND('',#3330,.T.);
#3590=FACE_BOUND('',#3331,.T.);
#3591=FACE_BOUND('',#3332,.T.);
#3592=FACE_BOUND('',#3333,.T.);
#3593=FACE_BOUND('',#3334,.T.);
#3594=FACE_BOUND('',#3335,.T.);
#3595=FACE_BOUND('',#3336,.T.);
#3596=FACE_BOUND('',#3337,.T.);
#3597=FACE_BOUND('',#3338,.T.);
#3598=FACE_BOUND('',#3339,.T.);
#3599=FACE_BOUND('',#3340,.T.);
#3600=FACE_BOUND('',#3341,.T.);
#3601=FACE_BOUND('',#3342,.T.);
#3602=FACE_BOUND('',#3343,.T.);
#3603=FACE_BOUND('',#3344,.T.);
#3604=FACE_BOUND('',#3345,.T.);
#3605=FACE_BOUND('',#3346,.T.);
#3606=FACE_BOUND('',#3347,.T.);
#3607=FACE_BOUND('',#3348,.T.);
#3608=FACE_BOUND('',#3349,.T.);
#3609=FACE_BOUND('',#3350,.T.);
#3610=FACE_BOUND('',#3351,.T.);
#3611=FACE_BOUND('',#3352,.T.);
#3612=FACE_BOUND('',#3353,.T.);
#3613=FACE_BOUND('',#3354,.T.);
#3614=FACE_BOUND('',#3355,.T.);
#3615=FACE_BOUND('',#3356,.T.);
#3616=FACE_BOUND('',#3357,.T.);
#3617=FACE_BOUND('',#3358,.T.);
#3618=FACE_BOUND('',#3359,.T.);
#3619=FACE_BOUND('',#3360,.T.);
#3620=FACE_BOUND('',#3361,.T.);
#3621=FACE_BOUND('',#3362,.T.);
#3622=FACE_BOUND('',#3363,.T.);
#3623=FACE_BOUND('',#3364,.T.);
#3624=FACE_BOUND('',#3365,.T.);
#3625=FACE_BOUND('',#3366,.T.);
#3626=FACE_BOUND('',#3367,.T.);
#3627=FACE_BOUND('',#3368,.T.);
#3628=FACE_BOUND('',#3369,.T.);
#3629=FACE_BOUND('',#3370,.T.);
#3630=FACE_BOUND('',#3371,.T.);
#3631=FACE_BOUND('',#3372,.T.);
#3632=FACE_BOUND('',#3373,.T.);
#3633=FACE_BOUND('',#3374,.T.);
#3634=FACE_BOUND('',#3375,.T.);
#3635=FACE_BOUND('',#3376,.T.);
#3636=FACE_BOUND('',#3377,.T.);
#3637=FACE_BOUND('',#3378,.T.);
#3638=FACE_BOUND('',#3379,.T.);
#3639=FACE_BOUND('',#3380,.T.);
#3640=FACE_BOUND('',#3381,.T.);
#3641=FACE_BOUND('',#3382,.T.);
#3642=FACE_BOUND('',#3383,.T.);
#3643=FACE_BOUND('',#3384,.T.);
#3644=FACE_BOUND('',#3385,.T.);
#3645=FACE_BOUND('',#3386,.T.);
#3646=FACE_BOUND('',#3387,.T.);
#3647=FACE_BOUND('',#3388,.T.);
#3648=FACE_BOUND('',#3389,.T.);
#3649=FACE_BOUND('',#3390,.T.);
#3650=FACE_BOUND('',#3391,.T.);
#3651=FACE_BOUND('',#3392,.T.);
#3652=FACE_BOUND('',#3393,.T.);
#3653=FACE_BOUND('',#3394,.T.);
#3654=FACE_BOUND('',#3395,.T.);
#3655=FACE_BOUND('',#3396,.T.);
#3656=FACE_BOUND('',#3397,.T.);
#3657=FACE_BOUND('',#3398,.T.);
#3658=FACE_BOUND('',#3399,.T.);
#3659=FACE_BOUND('',#3400,.T.);
#3660=FACE_BOUND('',#3401,.T.);
#3661=FACE_BOUND('',#3402,.T.);
#3662=FACE_BOUND('',#3403,.T.);
#3663=FACE_BOUND('',#3404,.T.);
#3664=FACE_BOUND('',#3405,.T.);
#3665=FACE_BOUND('',#3406,.T.);
#3666=FACE_BOUND('',#3407,.T.);
#3667=FACE_BOUND('',#3408,.T.);
#3668=FACE_BOUND('',#3409,.T.);
#3669=FACE_BOUND('',#3410,.T.);
#3670=FACE_BOUND('',#3411,.T.);
#3671=FACE_BOUND('',#3412,.T.);
#3672=FACE_BOUND('',#3413,.T.);
#3673=FACE_BOUND('',#3414,.T.);
#3674=FACE_BOUND('',#3415,.T.);
#3675=FACE_BOUND('',#3416,.T.);
#3676=FACE_BOUND('',#3417,.T.);
#3677=FACE_BOUND('',#3418,.T.);
#3678=FACE_BOUND('',#3419,.T.);
#3679=FACE_BOUND('',#3420,.T.);
#3680=FACE_BOUND('',#3421,.T.);
#3681=FACE_BOUND('',#3422,.T.);
#3682=FACE_BOUND('',#3423,.T.);
#3683=FACE_BOUND('',#3424,.T.);
#3684=FACE_BOUND('',#3425,.T.);
#3685=FACE_BOUND('',#3426,.T.);
#3686=FACE_BOUND('',#3427,.T.);
#3687=FACE_BOUND('',#3428,.T.);
#3688=FACE_BOUND('',#3429,.T.);
#3689=FACE_BOUND('',#3430,.T.);
#3690=FACE_BOUND('',#3431,.T.);
#3691=FACE_BOUND('',#3432,.T.);
#3692=FACE_BOUND('',#3433,.T.);
#3693=FACE_BOUND('',#3434,.T.);
#3694=FACE_BOUND('',#3435,.T.);
#3695=FACE_BOUND('',#3436,.T.);
#3696=FACE_BOUND('',#3437,.T.);
#3697=FACE_BOUND('',#3438,.T.);
#3698=FACE_BOUND('',#3439,.T.);
#3699=FACE_BOUND('',#3440,.T.);
#3700=FACE_BOUND('',#3441,.T.);
#3701=FACE_BOUND('',#3442,.T.);
#3702=FACE_BOUND('',#3443,.T.);
#3703=FACE_BOUND('',#3444,.T.);
#3704=FACE_BOUND('',#3445,.T.);
#3705=FACE_BOUND('',#3446,.T.);
#3706=FACE_BOUND('',#3447,.T.);
#3707=FACE_BOUND('',#3448,.T.);
#3708=FACE_BOUND('',#3449,.T.);
#3709=FACE_BOUND('',#3450,.T.);
#3710=FACE_BOUND('',#3451,.T.);
#3711=FACE_BOUND('',#3452,.T.);
#3712=FACE_BOUND('',#3453,.T.);
#3713=FACE_BOUND('',#3454,.T.);
#3714=FACE_BOUND('',#3455,.T.);
#3715=FACE_BOUND('',#3456,.T.);
#3716=FACE_BOUND('',#3457,.T.);
#3717=FACE_BOUND('',#3458,.T.);
#3718=FACE_BOUND('',#3459,.T.);
#3719=FACE_BOUND('',#3460,.T.);
#3720=FACE_BOUND('',#3461,.T.);
#3721=FACE_BOUND('',#3462,.T.);
#3722=FACE_BOUND('',#3463,.T.);
#3723=FACE_BOUND('',#3464,.T.);
#3724=FACE_BOUND('',#3465,.T.);
#3725=FACE_BOUND('',#3466,.T.);
#3726=FACE_BOUND('',#3467,.T.);
#3727=FACE_BOUND('',#3468,.T.);
#3728=FACE_BOUND('',#3469,.T.);
#3729=FACE_BOUND('',#3470,.T.);
#3730=FACE_BOUND('',#3471,.T.);
#3731=FACE_BOUND('',#3472,.T.);
#3732=FACE_BOUND('',#3473,.T.);
#3733=FACE_BOUND('',#3474,.T.);
#3734=FACE_BOUND('',#3475,.T.);
#3735=FACE_BOUND('',#3476,.T.);
#3736=FACE_BOUND('',#3477,.T.);
#3737=FACE_BOUND('',#3478,.T.);
#3738=FACE_BOUND('',#3479,.T.);
#3739=FACE_BOUND('',#3480,.T.);
#3740=FACE_BOUND('',#3481,.T.);
#3741=FACE_BOUND('',#3482,.T.);
#3742=FACE_BOUND('',#3483,.T.);
#3743=FACE_BOUND('',#3484,.T.);
#3744=FACE_BOUND('',#3485,.T.);
#3745=FACE_BOUND('',#3486,.T.);
#3746=FACE_BOUND('',#3487,.T.);
#3747=FACE_BOUND('',#3488,.T.);
#3748=FACE_BOUND('',#3489,.T.);
#3749=FACE_BOUND('',#3490,.T.);
#3750=FACE_BOUND('',#3491,.T.);
#3751=FACE_BOUND('',#3492,.T.);
#3752=FACE_BOUND('',#3493,.T.);
#3753=FACE_BOUND('',#3494,.T.);
#3754=FACE_BOUND('',#3495,.T.);
#3755=FACE_BOUND('',#3496,.T.);
#3756=FACE_BOUND('',#3497,.T.);
#3757=FACE_BOUND('',#3498,.T.);
#3758=FACE_BOUND('',#3499,.T.);
#3759=FACE_BOUND('',#3500,.T.);
#3760=FACE_BOUND('',#3501,.T.);
#3761=FACE_BOUND('',#3502,.T.);
#3762=FACE_BOUND('',#3503,.T.);
#3763=FACE_BOUND('',#3504,.T.);
#3764=FACE_BOUND('',#3505,.T.);
#3765=FACE_BOUND('',#3506,.T.);
#3766=FACE_BOUND('',#3507,.T.);
#3767=FACE_BOUND('',#3508,.T.);
#3768=FACE_BOUND('',#3509,.T.);
#3769=FACE_BOUND('',#3510,.T.);
#3770=FACE_BOUND('',#3511,.T.);
#3771=FACE_BOUND('',#3512,.T.);
#3772=FACE_BOUND('',#3513,.T.);
#3773=FACE_BOUND('',#3514,.T.);
#3774=FACE_BOUND('',#3515,.T.);
#3775=FACE_BOUND('',#3516,.T.);
#3776=FACE_BOUND('',#3517,.T.);
#3777=FACE_BOUND('',#3518,.T.);
#3778=FACE_BOUND('',#3519,.T.);
#3779=FACE_BOUND('',#3520,.T.);
#3780=FACE_BOUND('',#3521,.T.);
#3781=FACE_BOUND('',#3522,.T.);
#3782=FACE_BOUND('',#3523,.T.);
#3783=FACE_BOUND('',#3524,.T.);
#3784=FACE_BOUND('',#3525,.T.);
#3785=FACE_BOUND('',#3526,.T.);
#3786=FACE_BOUND('',#3527,.T.);
#3787=FACE_BOUND('',#3528,.T.);
#3788=FACE_BOUND('',#3529,.T.);
#3789=FACE_BOUND('',#3530,.T.);
#3790=FACE_BOUND('',#3531,.T.);
#3791=FACE_BOUND('',#3532,.T.);
#3792=FACE_BOUND('',#3533,.T.);
#3793=FACE_BOUND('',#3534,.T.);
#3794=FACE_BOUND('',#3535,.T.);
#3795=FACE_BOUND('',#3536,.T.);
#3796=FACE_BOUND('',#3537,.T.);
#3797=FACE_BOUND('',#3538,.T.);
#3798=FACE_BOUND('',#3539,.T.);
#3799=FACE_BOUND('',#3540,.T.);
#3800=FACE_BOUND('',#3541,.T.);
#3801=FACE_BOUND('',#3542,.T.);
#3802=FACE_BOUND('',#3543,.T.);
#3803=FACE_BOUND('',#3544,.T.);
#3804=FACE_BOUND('',#3545,.T.);
#3805=FACE_BOUND('',#3546,.T.);
#3806=PLANE('',#4264);
#3807=PLANE('',#4268);
#3808=PLANE('',#4271);
#3809=PLANE('',#4274);
#3810=PLANE('',#4277);
#3811=PLANE('',#4278);
#3812=PLANE('',#4279);
#3813=PLANE('',#4280);
#3814=PLANE('',#4285);
#3815=PLANE('',#4288);
#3816=PLANE('',#4290);
#3817=PLANE('',#4292);
#3818=PLANE('',#4294);
#3819=PLANE('',#4295);
#3820=PLANE('',#4296);
#3821=PLANE('',#4297);
#3822=PLANE('',#4298);
#3823=PLANE('',#4299);
#3824=PLANE('',#4301);
#3825=PLANE('',#4302);
#3826=PLANE('',#4306);
#3827=PLANE('',#4309);
#3828=PLANE('',#4310);
#3829=PLANE('',#4311);
#3830=PLANE('',#4312);
#3831=PLANE('',#4313);
#3832=PLANE('',#4317);
#3833=PLANE('',#4318);
#3834=PLANE('',#4319);
#3835=PLANE('',#4320);
#3836=PLANE('',#4321);
#3837=PLANE('',#4322);
#3838=PLANE('',#4323);
#3839=PLANE('',#4324);
#3840=PLANE('',#4325);
#3841=PLANE('',#4328);
#3842=PLANE('',#4331);
#3843=PLANE('',#4332);
#3844=PLANE('',#4334);
#3845=PLANE('',#4336);
#3846=PLANE('',#4337);
#3847=PLANE('',#4339);
#3848=PLANE('',#4340);
#3849=PLANE('',#4342);
#3850=PLANE('',#4344);
#3851=PLANE('',#4347);
#3852=PLANE('',#4348);
#3853=PLANE('',#4350);
#3854=PLANE('',#4353);
#3855=PLANE('',#4361);
#3856=PLANE('',#4362);
#3857=PLANE('',#4363);
#3858=PLANE('',#4364);
#3859=PLANE('',#4365);
#3860=PLANE('',#4366);
#3861=PLANE('',#4367);
#3862=PLANE('',#4368);
#3863=PLANE('',#4369);
#3864=PLANE('',#4370);
#3865=PLANE('',#4371);
#3866=PLANE('',#4372);
#3867=PLANE('',#4373);
#3868=PLANE('',#4374);
#3869=PLANE('',#4379);
#3870=PLANE('',#4380);
#3871=PLANE('',#4382);
#3872=PLANE('',#4383);
#3873=PLANE('',#4384);
#3874=PLANE('',#4385);
#3875=PLANE('',#4386);
#3876=PLANE('',#4387);
#3877=PLANE('',#4388);
#3878=PLANE('',#4389);
#3879=PLANE('',#4390);
#3880=PLANE('',#4391);
#3881=PLANE('',#4392);
#3882=PLANE('',#4393);
#3883=PLANE('',#4394);
#3884=PLANE('',#4395);
#3885=PLANE('',#4397);
#3886=PLANE('',#4398);
#3887=PLANE('',#4399);
#3888=PLANE('',#4401);
#3889=PLANE('',#4403);
#3890=PLANE('',#4404);
#3891=PLANE('',#4405);
#3892=PLANE('',#4411);
#3893=PLANE('',#4412);
#3894=PLANE('',#4414);
#3895=PLANE('',#4421);
#3896=PLANE('',#4422);
#3897=PLANE('',#4423);
#3898=PLANE('',#4424);
#3899=PLANE('',#4425);
#3900=PLANE('',#4426);
#3901=PLANE('',#4430);
#3902=PLANE('',#4431);
#3903=PLANE('',#4432);
#3904=PLANE('',#4435);
#3905=PLANE('',#4436);
#3906=PLANE('',#4438);
#3907=PLANE('',#4441);
#3908=PLANE('',#4459);
#3909=PLANE('',#4461);
#3910=PLANE('',#4465);
#3911=PLANE('',#4466);
#3912=PLANE('',#4470);
#3913=PLANE('',#4471);
#3914=PLANE('',#4472);
#3915=PLANE('',#4473);
#3916=PLANE('',#4478);
#3917=PLANE('',#4482);
#3918=PLANE('',#4486);
#3919=PLANE('',#4487);
#3920=PLANE('',#4488);
#3921=PLANE('',#4489);
#3922=PLANE('',#4491);
#3923=PLANE('',#4492);
#3924=PLANE('',#4493);
#3925=PLANE('',#4494);
#3926=PLANE('',#4495);
#3927=PLANE('',#4496);
#3928=PLANE('',#4497);
#3929=PLANE('',#4498);
#3930=PLANE('',#4499);
#3931=PLANE('',#4500);
#3932=PLANE('',#4501);
#3933=PLANE('',#4504);
#3934=PLANE('',#4505);
#3935=PLANE('',#4506);
#3936=PLANE('',#4507);
#3937=PLANE('',#4508);
#3938=PLANE('',#4509);
#3939=PLANE('',#4510);
#3940=PLANE('',#4511);
#3941=PLANE('',#4512);
#3942=PLANE('',#4513);
#3943=PLANE('',#4514);
#3944=PLANE('',#4515);
#3945=PLANE('',#4518);
#3946=PLANE('',#4520);
#3947=PLANE('',#4521);
#3948=PLANE('',#4522);
#3949=PLANE('',#4523);
#3950=PLANE('',#4524);
#3951=PLANE('',#4526);
#3952=PLANE('',#4528);
#3953=PLANE('',#4529);
#3954=PLANE('',#4530);
#3955=PLANE('',#4532);
#3956=PLANE('',#4533);
#3957=PLANE('',#4536);
#3958=PLANE('',#4537);
#3959=PLANE('',#4538);
#3960=PLANE('',#4540);
#3961=PLANE('',#4541);
#3962=PLANE('',#4542);
#3963=PLANE('',#4543);
#3964=PLANE('',#4544);
#3965=PLANE('',#4551);
#3966=PLANE('',#4553);
#3967=PLANE('',#4554);
#3968=PLANE('',#4556);
#3969=PLANE('',#4557);
#3970=PLANE('',#4558);
#3971=PLANE('',#4559);
#3972=PLANE('',#4560);
#3973=PLANE('',#4561);
#3974=PLANE('',#4568);
#3975=PLANE('',#4572);
#3976=PLANE('',#4573);
#3977=PLANE('',#4574);
#3978=PLANE('',#4581);
#3979=PLANE('',#4588);
#3980=PLANE('',#4589);
#3981=PLANE('',#4590);
#3982=ADVANCED_FACE('',(#3547),#3806,.T.);
#3983=ADVANCED_FACE('',(#3548),#78,.F.);
#3984=ADVANCED_FACE('',(#3549),#3807,.T.);
#3985=ADVANCED_FACE('',(#3550),#3808,.T.);
#3986=ADVANCED_FACE('',(#3551,#3552,#3553),#3809,.F.);
#3987=ADVANCED_FACE('',(#3554),#3810,.F.);
#3988=ADVANCED_FACE('',(#3555),#3811,.T.);
#3989=ADVANCED_FACE('',(#3556),#3812,.T.);
#3990=ADVANCED_FACE('',(#3557,#3558),#3813,.F.);
#3991=ADVANCED_FACE('',(#3559,#3560),#3814,.T.);
#3992=ADVANCED_FACE('',(#3561),#20,.T.);
#3993=ADVANCED_FACE('',(#3562),#3815,.T.);
#3994=ADVANCED_FACE('',(#3563),#21,.T.);
#3995=ADVANCED_FACE('',(#3564),#3816,.F.);
#3996=ADVANCED_FACE('',(#3565),#22,.T.);
#3997=ADVANCED_FACE('',(#3566),#3817,.F.);
#3998=ADVANCED_FACE('',(#3567),#23,.T.);
#3999=ADVANCED_FACE('',(#3568),#3818,.F.);
#4000=ADVANCED_FACE('',(#3569),#3819,.F.);
#4001=ADVANCED_FACE('',(#3570),#3820,.T.);
#4002=ADVANCED_FACE('',(#3571),#3821,.T.);
#4003=ADVANCED_FACE('',(#3572),#3822,.T.);
#4004=ADVANCED_FACE('',(#3573,#3574),#3823,.T.);
#4005=ADVANCED_FACE('',(#3575),#3824,.T.);
#4006=ADVANCED_FACE('',(#3576,#3577),#3825,.T.);
#4007=ADVANCED_FACE('',(#3578,#3579),#24,.F.);
#4008=ADVANCED_FACE('',(#3580),#3826,.T.);
#4009=ADVANCED_FACE('',(#3581,#3582),#25,.F.);
#4010=ADVANCED_FACE('',(#3583),#3827,.T.);
#4011=ADVANCED_FACE('',(#3584),#3828,.F.);
#4012=ADVANCED_FACE('',(#3585),#3829,.T.);
#4013=ADVANCED_FACE('',(#3586),#3830,.F.);
#4014=ADVANCED_FACE('',(#3587),#3831,.T.);
#4015=ADVANCED_FACE('',(#3588),#26,.T.);
#4016=ADVANCED_FACE('',(#3589),#3832,.T.);
#4017=ADVANCED_FACE('',(#3590),#3833,.F.);
#4018=ADVANCED_FACE('',(#3591),#3834,.F.);
#4019=ADVANCED_FACE('',(#3592),#3835,.F.);
#4020=ADVANCED_FACE('',(#3593),#3836,.T.);
#4021=ADVANCED_FACE('',(#3594),#3837,.F.);
#4022=ADVANCED_FACE('',(#3595),#3838,.T.);
#4023=ADVANCED_FACE('',(#3596),#3839,.T.);
#4024=ADVANCED_FACE('',(#3597),#3840,.T.);
#4025=ADVANCED_FACE('',(#3598,#3599),#27,.F.);
#4026=ADVANCED_FACE('',(#3600),#3841,.T.);
#4027=ADVANCED_FACE('',(#3601,#3602),#28,.F.);
#4028=ADVANCED_FACE('',(#3603),#3842,.T.);
#4029=ADVANCED_FACE('',(#3604),#3843,.T.);
#4030=ADVANCED_FACE('',(#3605),#3844,.F.);
#4031=ADVANCED_FACE('',(#3606),#3845,.T.);
#4032=ADVANCED_FACE('',(#3607),#3846,.F.);
#4033=ADVANCED_FACE('',(#3608),#3847,.F.);
#4034=ADVANCED_FACE('',(#3609),#3848,.T.);
#4035=ADVANCED_FACE('',(#3610),#3849,.T.);
#4036=ADVANCED_FACE('',(#3611,#3612,#3613),#3850,.F.);
#4037=ADVANCED_FACE('',(#3614),#79,.F.);
#4038=ADVANCED_FACE('',(#3615),#3851,.T.);
#4039=ADVANCED_FACE('',(#3616),#3852,.F.);
#4040=ADVANCED_FACE('',(#3617,#3618,#3619),#3853,.T.);
#4041=ADVANCED_FACE('',(#3620),#3854,.T.);
#4042=ADVANCED_FACE('',(#3621,#3622),#29,.F.);
#4043=ADVANCED_FACE('',(#3623,#3624),#30,.F.);
#4044=ADVANCED_FACE('',(#3625,#3626),#31,.F.);
#4045=ADVANCED_FACE('',(#3627,#3628),#32,.F.);
#4046=ADVANCED_FACE('',(#3629),#33,.T.);
#4047=ADVANCED_FACE('',(#3630),#34,.T.);
#4048=ADVANCED_FACE('',(#3631),#3855,.T.);
#4049=ADVANCED_FACE('',(#3632),#3856,.F.);
#4050=ADVANCED_FACE('',(#3633),#3857,.T.);
#4051=ADVANCED_FACE('',(#3634),#3858,.T.);
#4052=ADVANCED_FACE('',(#3635),#3859,.T.);
#4053=ADVANCED_FACE('',(#3636),#3860,.F.);
#4054=ADVANCED_FACE('',(#3637),#3861,.T.);
#4055=ADVANCED_FACE('',(#3638),#3862,.F.);
#4056=ADVANCED_FACE('',(#3639),#3863,.T.);
#4057=ADVANCED_FACE('',(#3640),#3864,.F.);
#4058=ADVANCED_FACE('',(#3641),#3865,.F.);
#4059=ADVANCED_FACE('',(#3642),#3866,.T.);
#4060=ADVANCED_FACE('',(#3643),#3867,.T.);
#4061=ADVANCED_FACE('',(#3644),#3868,.F.);
#4062=ADVANCED_FACE('',(#3645,#3646),#35,.T.);
#4063=ADVANCED_FACE('',(#3647),#3869,.F.);
#4064=ADVANCED_FACE('',(#3648),#3870,.T.);
#4065=ADVANCED_FACE('',(#3649),#3871,.F.);
#4066=ADVANCED_FACE('',(#3650),#3872,.T.);
#4067=ADVANCED_FACE('',(#3651),#3873,.T.);
#4068=ADVANCED_FACE('',(#3652),#3874,.F.);
#4069=ADVANCED_FACE('',(#3653),#3875,.F.);
#4070=ADVANCED_FACE('',(#3654),#3876,.T.);
#4071=ADVANCED_FACE('',(#3655),#3877,.T.);
#4072=ADVANCED_FACE('',(#3656),#3878,.F.);
#4073=ADVANCED_FACE('',(#3657),#3879,.T.);
#4074=ADVANCED_FACE('',(#3658),#3880,.T.);
#4075=ADVANCED_FACE('',(#3659),#3881,.T.);
#4076=ADVANCED_FACE('',(#3660),#3882,.F.);
#4077=ADVANCED_FACE('',(#3661),#3883,.T.);
#4078=ADVANCED_FACE('',(#3662),#3884,.F.);
#4079=ADVANCED_FACE('',(#3663),#3885,.F.);
#4080=ADVANCED_FACE('',(#3664),#3886,.T.);
#4081=ADVANCED_FACE('',(#3665),#3887,.T.);
#4082=ADVANCED_FACE('',(#3666),#3888,.T.);
#4083=ADVANCED_FACE('',(#3667),#3889,.F.);
#4084=ADVANCED_FACE('',(#3668),#3890,.T.);
#4085=ADVANCED_FACE('',(#3669,#3670),#3891,.T.);
#4086=ADVANCED_FACE('',(#3671),#3892,.F.);
#4087=ADVANCED_FACE('',(#3672),#3893,.T.);
#4088=ADVANCED_FACE('',(#3673,#3674),#3894,.T.);
#4089=ADVANCED_FACE('',(#3675),#3895,.T.);
#4090=ADVANCED_FACE('',(#3676),#3896,.T.);
#4091=ADVANCED_FACE('',(#3677,#3678),#3897,.T.);
#4092=ADVANCED_FACE('',(#3679),#3898,.F.);
#4093=ADVANCED_FACE('',(#3680),#3899,.F.);
#4094=ADVANCED_FACE('',(#3681),#3900,.T.);
#4095=ADVANCED_FACE('',(#3682),#36,.F.);
#4096=ADVANCED_FACE('',(#3683),#3901,.T.);
#4097=ADVANCED_FACE('',(#3684),#3902,.F.);
#4098=ADVANCED_FACE('',(#3685),#3903,.T.);
#4099=ADVANCED_FACE('',(#3686),#3904,.F.);
#4100=ADVANCED_FACE('',(#3687),#3905,.T.);
#4101=ADVANCED_FACE('',(#3688),#3906,.F.);
#4102=ADVANCED_FACE('',(#3689),#3907,.F.);
#4103=ADVANCED_FACE('',(#3690),#37,.T.);
#4104=ADVANCED_FACE('',(#3691,#3692),#38,.T.);
#4105=ADVANCED_FACE('',(#3693),#39,.T.);
#4106=ADVANCED_FACE('',(#3694,#3695),#40,.T.);
#4107=ADVANCED_FACE('',(#3696),#41,.T.);
#4108=ADVANCED_FACE('',(#3697,#3698),#42,.F.);
#4109=ADVANCED_FACE('',(#3699),#3908,.T.);
#4110=ADVANCED_FACE('',(#3700,#3701),#3909,.F.);
#4111=ADVANCED_FACE('',(#3702),#43,.F.);
#4112=ADVANCED_FACE('',(#3703),#3910,.F.);
#4113=ADVANCED_FACE('',(#3704),#3911,.F.);
#4114=ADVANCED_FACE('',(#3705),#44,.F.);
#4115=ADVANCED_FACE('',(#3706),#3912,.T.);
#4116=ADVANCED_FACE('',(#3707),#3913,.F.);
#4117=ADVANCED_FACE('',(#3708),#3914,.F.);
#4118=ADVANCED_FACE('',(#3709),#3915,.T.);
#4119=ADVANCED_FACE('',(#3710),#45,.F.);
#4120=ADVANCED_FACE('',(#3711),#46,.F.);
#4121=ADVANCED_FACE('',(#3712),#3916,.F.);
#4122=ADVANCED_FACE('',(#3713),#47,.F.);
#4123=ADVANCED_FACE('',(#3714),#3917,.T.);
#4124=ADVANCED_FACE('',(#3715),#48,.T.);
#4125=ADVANCED_FACE('',(#3716),#49,.T.);
#4126=ADVANCED_FACE('',(#3717),#3918,.F.);
#4127=ADVANCED_FACE('',(#3718),#3919,.F.);
#4128=ADVANCED_FACE('',(#3719,#3720),#3920,.F.);
#4129=ADVANCED_FACE('',(#3721),#3921,.T.);
#4130=ADVANCED_FACE('',(#3722),#50,.T.);
#4131=ADVANCED_FACE('',(#3723),#3922,.T.);
#4132=ADVANCED_FACE('',(#3724),#3923,.F.);
#4133=ADVANCED_FACE('',(#3725),#3924,.T.);
#4134=ADVANCED_FACE('',(#3726),#3925,.F.);
#4135=ADVANCED_FACE('',(#3727),#3926,.F.);
#4136=ADVANCED_FACE('',(#3728),#3927,.F.);
#4137=ADVANCED_FACE('',(#3729),#3928,.F.);
#4138=ADVANCED_FACE('',(#3730),#3929,.T.);
#4139=ADVANCED_FACE('',(#3731),#3930,.F.);
#4140=ADVANCED_FACE('',(#3732),#3931,.F.);
#4141=ADVANCED_FACE('',(#3733),#3932,.T.);
#4142=ADVANCED_FACE('',(#3734),#3933,.F.);
#4143=ADVANCED_FACE('',(#3735),#3934,.T.);
#4144=ADVANCED_FACE('',(#3736),#3935,.T.);
#4145=ADVANCED_FACE('',(#3737),#3936,.F.);
#4146=ADVANCED_FACE('',(#3738),#3937,.F.);
#4147=ADVANCED_FACE('',(#3739),#3938,.T.);
#4148=ADVANCED_FACE('',(#3740),#3939,.T.);
#4149=ADVANCED_FACE('',(#3741),#3940,.T.);
#4150=ADVANCED_FACE('',(#3742),#3941,.F.);
#4151=ADVANCED_FACE('',(#3743),#3942,.T.);
#4152=ADVANCED_FACE('',(#3744),#3943,.T.);
#4153=ADVANCED_FACE('',(#3745),#3944,.F.);
#4154=ADVANCED_FACE('',(#3746),#3945,.F.);
#4155=ADVANCED_FACE('',(#3747),#3946,.T.);
#4156=ADVANCED_FACE('',(#3748),#3947,.F.);
#4157=ADVANCED_FACE('',(#3749),#3948,.T.);
#4158=ADVANCED_FACE('',(#3750),#3949,.F.);
#4159=ADVANCED_FACE('',(#3751),#3950,.F.);
#4160=ADVANCED_FACE('',(#3752),#3951,.F.);
#4161=ADVANCED_FACE('',(#3753),#3952,.F.);
#4162=ADVANCED_FACE('',(#3754),#3953,.T.);
#4163=ADVANCED_FACE('',(#3755),#3954,.T.);
#4164=ADVANCED_FACE('',(#3756),#3955,.T.);
#4165=ADVANCED_FACE('',(#3757),#3956,.T.);
#4166=ADVANCED_FACE('',(#3758),#3957,.T.);
#4167=ADVANCED_FACE('',(#3759),#3958,.T.);
#4168=ADVANCED_FACE('',(#3760),#3959,.F.);
#4169=ADVANCED_FACE('',(#3761),#3960,.T.);
#4170=ADVANCED_FACE('',(#3762),#3961,.T.);
#4171=ADVANCED_FACE('',(#3763),#3962,.T.);
#4172=ADVANCED_FACE('',(#3764),#3963,.T.);
#4173=ADVANCED_FACE('',(#3765),#3964,.T.);
#4174=ADVANCED_FACE('',(#3766),#51,.T.);
#4175=ADVANCED_FACE('',(#3767),#52,.T.);
#4176=ADVANCED_FACE('',(#3768),#53,.T.);
#4177=ADVANCED_FACE('',(#3769),#54,.T.);
#4178=ADVANCED_FACE('',(#3770),#3965,.T.);
#4179=ADVANCED_FACE('',(#3771),#3966,.F.);
#4180=ADVANCED_FACE('',(#3772),#3967,.F.);
#4181=ADVANCED_FACE('',(#3773),#3968,.F.);
#4182=ADVANCED_FACE('',(#3774),#3969,.T.);
#4183=ADVANCED_FACE('',(#3775),#3970,.T.);
#4184=ADVANCED_FACE('',(#3776),#3971,.T.);
#4185=ADVANCED_FACE('',(#3777),#3972,.F.);
#4186=ADVANCED_FACE('',(#3778),#3973,.T.);
#4187=ADVANCED_FACE('',(#3779),#55,.T.);
#4188=ADVANCED_FACE('',(#3780),#56,.T.);
#4189=ADVANCED_FACE('',(#3781),#57,.T.);
#4190=ADVANCED_FACE('',(#3782,#3783),#58,.F.);
#4191=ADVANCED_FACE('',(#3784,#3785),#3974,.T.);
#4192=ADVANCED_FACE('',(#3786,#3787),#59,.F.);
#4193=ADVANCED_FACE('',(#3788,#3789),#3975,.T.);
#4194=ADVANCED_FACE('',(#3790),#3976,.T.);
#4195=ADVANCED_FACE('',(#3791),#3977,.T.);
#4196=ADVANCED_FACE('',(#3792,#3793),#60,.T.);
#4197=ADVANCED_FACE('',(#3794,#3795),#61,.F.);
#4198=ADVANCED_FACE('',(#3796,#3797),#3978,.T.);
#4199=ADVANCED_FACE('',(#3798,#3799),#62,.T.);
#4200=ADVANCED_FACE('',(#3800,#3801),#63,.F.);
#4201=ADVANCED_FACE('',(#3802,#3803),#3979,.T.);
#4202=ADVANCED_FACE('',(#3804),#3980,.F.);
#4203=ADVANCED_FACE('',(#3805),#3981,.F.);
#4204=CLOSED_SHELL('',(#3982,#3983,#3984,#3985,#3986,#3987,#3988,#3989,
#3990,#3991,#3992,#3993,#3994,#3995,#3996,#3997,#3998,#3999,#4000,#4001,
#4002,#4003,#4004,#4005,#4006,#4007,#4008,#4009,#4010,#4011,#4012,#4013,
#4014,#4015,#4016,#4017,#4018,#4019,#4020,#4021,#4022,#4023,#4024,#4025,
#4026,#4027,#4028,#4029,#4030,#4031,#4032,#4033,#4034,#4035,#4036,#4037,
#4038,#4039,#4040,#4041,#4042,#4043,#4044,#4045,#4046,#4047));
#4205=CLOSED_SHELL('',(#4048,#4049,#4050,#4051,#4052,#4053,#4054,#4055,
#4056,#4057,#4058,#4059,#4060,#4061));
#4206=CLOSED_SHELL('',(#4062,#4063,#4064));
#4207=CLOSED_SHELL('',(#4065,#4066,#4067,#4068,#4069,#4070,#4071,#4072,
#4073,#4074,#4075,#4076,#4077,#4078));
#4208=CLOSED_SHELL('',(#4079,#4080,#4081,#4082,#4083,#4084,#4085,#4086,
#4087,#4088,#4089,#4090,#4091,#4092,#4093,#4094,#4095,#4096,#4097,#4098,
#4099,#4100,#4101,#4102,#4103,#4104,#4105,#4106,#4107,#4108,#4109,#4110,
#4111,#4112,#4113,#4114,#4115,#4116,#4117,#4118,#4119,#4120,#4121,#4122,
#4123,#4124,#4125,#4126,#4127,#4128,#4129,#4130,#4131,#4132,#4133,#4134,
#4135,#4136,#4137,#4138,#4139,#4140,#4141,#4142,#4143,#4144,#4145,#4146,
#4147,#4148,#4149,#4150,#4151,#4152,#4153,#4154,#4155,#4156,#4157,#4158,
#4159,#4160,#4161,#4162,#4163,#4164,#4165,#4166,#4167,#4168,#4169,#4170,
#4171,#4172,#4173,#4174,#4175,#4176,#4177,#4178,#4179,#4180,#4181,#4182,
#4183,#4184,#4185,#4186,#4187,#4188,#4189,#4190,#4191,#4192,#4193,#4194,
#4195,#4196,#4197,#4198,#4199,#4200,#4201,#4202,#4203));
#4209=STYLED_ITEM('',(#4214),#4248);
#4210=STYLED_ITEM('',(#4215),#4249);
#4211=STYLED_ITEM('',(#4216),#4250);
#4212=STYLED_ITEM('',(#4217),#4251);
#4213=STYLED_ITEM('',(#4218),#4252);
#4214=PRESENTATION_STYLE_ASSIGNMENT((#4219));
#4215=PRESENTATION_STYLE_ASSIGNMENT((#4220));
#4216=PRESENTATION_STYLE_ASSIGNMENT((#4221));
#4217=PRESENTATION_STYLE_ASSIGNMENT((#4222));
#4218=PRESENTATION_STYLE_ASSIGNMENT((#4223));
#4219=SURFACE_STYLE_USAGE(.BOTH.,#4224);
#4220=SURFACE_STYLE_USAGE(.BOTH.,#4225);
#4221=SURFACE_STYLE_USAGE(.BOTH.,#4226);
#4222=SURFACE_STYLE_USAGE(.BOTH.,#4227);
#4223=SURFACE_STYLE_USAGE(.BOTH.,#4228);
#4224=SURFACE_SIDE_STYLE('',(#4229));
#4225=SURFACE_SIDE_STYLE('',(#4230));
#4226=SURFACE_SIDE_STYLE('',(#4231));
#4227=SURFACE_SIDE_STYLE('',(#4232));
#4228=SURFACE_SIDE_STYLE('',(#4233));
#4229=SURFACE_STYLE_FILL_AREA(#4234);
#4230=SURFACE_STYLE_FILL_AREA(#4235);
#4231=SURFACE_STYLE_FILL_AREA(#4236);
#4232=SURFACE_STYLE_FILL_AREA(#4237);
#4233=SURFACE_STYLE_FILL_AREA(#4238);
#4234=FILL_AREA_STYLE('',(#4239));
#4235=FILL_AREA_STYLE('',(#4240));
#4236=FILL_AREA_STYLE('',(#4241));
#4237=FILL_AREA_STYLE('',(#4242));
#4238=FILL_AREA_STYLE('',(#4243));
#4239=FILL_AREA_STYLE_COLOUR('',#4244);
#4240=FILL_AREA_STYLE_COLOUR('',#4245);
#4241=FILL_AREA_STYLE_COLOUR('',#4246);
#4242=FILL_AREA_STYLE_COLOUR('',#4244);
#4243=FILL_AREA_STYLE_COLOUR('',#4247);
#4244=COLOUR_RGB('',0.647058823529412,0.647058823529412,0.647058823529412);
#4245=COLOUR_RGB('',0.231372549019608,0.380392156862745,0.705882352941177);
#4246=COLOUR_RGB('',0.917647058823529,0.917647058823529,0.917647058823529);
#4247=COLOUR_RGB('',0.615686274509804,0.811764705882353,0.929411764705882);
#4248=MANIFOLD_SOLID_BREP('head',#4204);
#4249=MANIFOLD_SOLID_BREP('motor cap 2 (identical)',#4205);
#4250=MANIFOLD_SOLID_BREP('magnet_supplement',#4206);
#4251=MANIFOLD_SOLID_BREP('motor cap 1 (identical)',#4207);
#4252=MANIFOLD_SOLID_BREP('main_shell',#4208);
#4253=SHAPE_DEFINITION_REPRESENTATION(#7018,#4258);
#4254=SHAPE_DEFINITION_REPRESENTATION(#7019,#4259);
#4255=SHAPE_DEFINITION_REPRESENTATION(#7020,#4260);
#4256=SHAPE_DEFINITION_REPRESENTATION(#7021,#4261);
#4257=SHAPE_DEFINITION_REPRESENTATION(#7022,#4262);
#4258=SHAPE_REPRESENTATION('head',(#4263),#6993);
#4259=SHAPE_REPRESENTATION('motor cap 2 (identical)',(#4360),#6994);
#4260=SHAPE_REPRESENTATION('magnet_supplement',(#4375),#6995);
#4261=SHAPE_REPRESENTATION('motor cap 1 (identical)',(#4381),#6996);
#4262=SHAPE_REPRESENTATION('main_shell',(#4396),#6997);
#4263=AXIS2_PLACEMENT_3D('',#5722,#4591,#4592);
#4264=AXIS2_PLACEMENT_3D('',#5723,#4593,#4594);
#4265=AXIS2_PLACEMENT_3D('',#5724,#4595,#4596);
#4266=AXIS2_PLACEMENT_3D('',#5735,#4601,#4602);
#4267=AXIS2_PLACEMENT_3D('',#5763,#4605,#4606);
#4268=AXIS2_PLACEMENT_3D('',#5774,#4609,#4610);
#4269=AXIS2_PLACEMENT_3D('',#5780,#4613,#4614);
#4270=AXIS2_PLACEMENT_3D('',#5781,#4615,#4616);
#4271=AXIS2_PLACEMENT_3D('',#5783,#4618,#4619);
#4272=AXIS2_PLACEMENT_3D('',#5795,#4625,#4626);
#4273=AXIS2_PLACEMENT_3D('',#5807,#4632,#4633);
#4274=AXIS2_PLACEMENT_3D('',#5816,#4638,#4639);
#4275=AXIS2_PLACEMENT_3D('',#5817,#4640,#4641);
#4276=AXIS2_PLACEMENT_3D('',#5828,#4647,#4648);
#4277=AXIS2_PLACEMENT_3D('',#5830,#4649,#4650);
#4278=AXIS2_PLACEMENT_3D('',#5839,#4656,#4657);
#4279=AXIS2_PLACEMENT_3D('',#5847,#4662,#4663);
#4280=AXIS2_PLACEMENT_3D('',#5864,#4672,#4673);
#4281=AXIS2_PLACEMENT_3D('',#5868,#4675,#4676);
#4282=AXIS2_PLACEMENT_3D('',#5872,#4678,#4679);
#4283=AXIS2_PLACEMENT_3D('',#5883,#4685,#4686);
#4284=AXIS2_PLACEMENT_3D('',#5887,#4688,#4689);
#4285=AXIS2_PLACEMENT_3D('',#5896,#4694,#4695);
#4286=AXIS2_PLACEMENT_3D('',#5909,#4704,#4705);
#4287=AXIS2_PLACEMENT_3D('',#5912,#4707,#4708);
#4288=AXIS2_PLACEMENT_3D('',#5913,#4709,#4710);
#4289=AXIS2_PLACEMENT_3D('',#5918,#4714,#4715);
#4290=AXIS2_PLACEMENT_3D('',#5919,#4716,#4717);
#4291=AXIS2_PLACEMENT_3D('',#5925,#4722,#4723);
#4292=AXIS2_PLACEMENT_3D('',#5927,#4725,#4726);
#4293=AXIS2_PLACEMENT_3D('',#5932,#4730,#4731);
#4294=AXIS2_PLACEMENT_3D('',#5933,#4732,#4733);
#4295=AXIS2_PLACEMENT_3D('',#5944,#4740,#4741);
#4296=AXIS2_PLACEMENT_3D('',#5950,#4745,#4746);
#4297=AXIS2_PLACEMENT_3D('',#5958,#4752,#4753);
#4298=AXIS2_PLACEMENT_3D('',#5961,#4756,#4757);
#4299=AXIS2_PLACEMENT_3D('',#5963,#4759,#4760);
#4300=AXIS2_PLACEMENT_3D('',#5964,#4761,#4762);
#4301=AXIS2_PLACEMENT_3D('',#5966,#4763,#4764);
#4302=AXIS2_PLACEMENT_3D('',#5968,#4766,#4767);
#4303=AXIS2_PLACEMENT_3D('',#5969,#4768,#4769);
#4304=AXIS2_PLACEMENT_3D('',#5971,#4770,#4771);
#4305=AXIS2_PLACEMENT_3D('',#5972,#4772,#4773);
#4306=AXIS2_PLACEMENT_3D('',#5974,#4774,#4775);
#4307=AXIS2_PLACEMENT_3D('',#5975,#4776,#4777);
#4308=AXIS2_PLACEMENT_3D('',#5976,#4778,#4779);
#4309=AXIS2_PLACEMENT_3D('',#5978,#4780,#4781);
#4310=AXIS2_PLACEMENT_3D('',#5979,#4782,#4783);
#4311=AXIS2_PLACEMENT_3D('',#5982,#4786,#4787);
#4312=AXIS2_PLACEMENT_3D('',#5983,#4788,#4789);
#4313=AXIS2_PLACEMENT_3D('',#5984,#4790,#4791);
#4314=AXIS2_PLACEMENT_3D('',#5990,#4795,#4796);
#4315=AXIS2_PLACEMENT_3D('',#5991,#4797,#4798);
#4316=AXIS2_PLACEMENT_3D('',#5992,#4799,#4800);
#4317=AXIS2_PLACEMENT_3D('',#5993,#4801,#4802);
#4318=AXIS2_PLACEMENT_3D('',#5994,#4803,#4804);
#4319=AXIS2_PLACEMENT_3D('',#6000,#4808,#4809);
#4320=AXIS2_PLACEMENT_3D('',#6003,#4812,#4813);
#4321=AXIS2_PLACEMENT_3D('',#6004,#4814,#4815);
#4322=AXIS2_PLACEMENT_3D('',#6005,#4816,#4817);
#4323=AXIS2_PLACEMENT_3D('',#6007,#4819,#4820);
#4324=AXIS2_PLACEMENT_3D('',#6008,#4821,#4822);
#4325=AXIS2_PLACEMENT_3D('',#6010,#4824,#4825);
#4326=AXIS2_PLACEMENT_3D('',#6011,#4826,#4827);
#4327=AXIS2_PLACEMENT_3D('',#6012,#4828,#4829);
#4328=AXIS2_PLACEMENT_3D('',#6014,#4830,#4831);
#4329=AXIS2_PLACEMENT_3D('',#6015,#4832,#4833);
#4330=AXIS2_PLACEMENT_3D('',#6016,#4834,#4835);
#4331=AXIS2_PLACEMENT_3D('',#6018,#4836,#4837);
#4332=AXIS2_PLACEMENT_3D('',#6019,#4838,#4839);
#4333=AXIS2_PLACEMENT_3D('',#6022,#4841,#4842);
#4334=AXIS2_PLACEMENT_3D('',#6029,#4846,#4847);
#4335=AXIS2_PLACEMENT_3D('',#6033,#4849,#4850);
#4336=AXIS2_PLACEMENT_3D('',#6037,#4853,#4854);
#4337=AXIS2_PLACEMENT_3D('',#6039,#4856,#4857);
#4338=AXIS2_PLACEMENT_3D('',#6043,#4859,#4860);
#4339=AXIS2_PLACEMENT_3D('',#6049,#4864,#4865);
#4340=AXIS2_PLACEMENT_3D('',#6053,#4868,#4869);
#4341=AXIS2_PLACEMENT_3D('',#6054,#4870,#4871);
#4342=AXIS2_PLACEMENT_3D('',#6059,#4874,#4875);
#4343=AXIS2_PLACEMENT_3D('',#6060,#4876,#4877);
#4344=AXIS2_PLACEMENT_3D('',#6063,#4879,#4880);
#4345=AXIS2_PLACEMENT_3D('',#6064,#4881,#4882);
#4346=AXIS2_PLACEMENT_3D('',#6066,#4883,#4884);
#4347=AXIS2_PLACEMENT_3D('',#6095,#4886,#4887);
#4348=AXIS2_PLACEMENT_3D('',#6097,#4889,#4890);
#4349=AXIS2_PLACEMENT_3D('',#6098,#4891,#4892);
#4350=AXIS2_PLACEMENT_3D('',#6099,#4893,#4894);
#4351=AXIS2_PLACEMENT_3D('',#6100,#4895,#4896);
#4352=AXIS2_PLACEMENT_3D('',#6102,#4897,#4898);
#4353=AXIS2_PLACEMENT_3D('',#6105,#4900,#4901);
#4354=AXIS2_PLACEMENT_3D('',#6107,#4903,#4904);
#4355=AXIS2_PLACEMENT_3D('',#6118,#4905,#4906);
#4356=AXIS2_PLACEMENT_3D('',#6119,#4907,#4908);
#4357=AXIS2_PLACEMENT_3D('',#6120,#4909,#4910);
#4358=AXIS2_PLACEMENT_3D('',#6131,#4911,#4912);
#4359=AXIS2_PLACEMENT_3D('',#6132,#4913,#4914);
#4360=AXIS2_PLACEMENT_3D('',#6133,#4915,#4916);
#4361=AXIS2_PLACEMENT_3D('',#6134,#4917,#4918);
#4362=AXIS2_PLACEMENT_3D('',#6143,#4923,#4924);
#4363=AXIS2_PLACEMENT_3D('',#6149,#4928,#4929);
#4364=AXIS2_PLACEMENT_3D('',#6155,#4933,#4934);
#4365=AXIS2_PLACEMENT_3D('',#6161,#4938,#4939);
#4366=AXIS2_PLACEMENT_3D('',#6167,#4943,#4944);
#4367=AXIS2_PLACEMENT_3D('',#6173,#4948,#4949);
#4368=AXIS2_PLACEMENT_3D('',#6179,#4953,#4954);
#4369=AXIS2_PLACEMENT_3D('',#6185,#4958,#4959);
#4370=AXIS2_PLACEMENT_3D('',#6191,#4963,#4964);
#4371=AXIS2_PLACEMENT_3D('',#6197,#4968,#4969);
#4372=AXIS2_PLACEMENT_3D('',#6203,#4973,#4974);
#4373=AXIS2_PLACEMENT_3D('',#6206,#4977,#4978);
#4374=AXIS2_PLACEMENT_3D('',#6207,#4979,#4980);
#4375=AXIS2_PLACEMENT_3D('',#6208,#4981,#4982);
#4376=AXIS2_PLACEMENT_3D('',#6209,#4983,#4984);
#4377=AXIS2_PLACEMENT_3D('',#6210,#4985,#4986);
#4378=AXIS2_PLACEMENT_3D('',#6212,#4987,#4988);
#4379=AXIS2_PLACEMENT_3D('',#6214,#4989,#4990);
#4380=AXIS2_PLACEMENT_3D('',#6215,#4991,#4992);
#4381=AXIS2_PLACEMENT_3D('',#6216,#4993,#4994);
#4382=AXIS2_PLACEMENT_3D('',#6217,#4995,#4996);
#4383=AXIS2_PLACEMENT_3D('',#6226,#5001,#5002);
#4384=AXIS2_PLACEMENT_3D('',#6232,#5006,#5007);
#4385=AXIS2_PLACEMENT_3D('',#6238,#5011,#5012);
#4386=AXIS2_PLACEMENT_3D('',#6244,#5016,#5017);
#4387=AXIS2_PLACEMENT_3D('',#6250,#5021,#5022);
#4388=AXIS2_PLACEMENT_3D('',#6256,#5026,#5027);
#4389=AXIS2_PLACEMENT_3D('',#6262,#5031,#5032);
#4390=AXIS2_PLACEMENT_3D('',#6268,#5036,#5037);
#4391=AXIS2_PLACEMENT_3D('',#6274,#5041,#5042);
#4392=AXIS2_PLACEMENT_3D('',#6280,#5046,#5047);
#4393=AXIS2_PLACEMENT_3D('',#6286,#5051,#5052);
#4394=AXIS2_PLACEMENT_3D('',#6289,#5055,#5056);
#4395=AXIS2_PLACEMENT_3D('',#6290,#5057,#5058);
#4396=AXIS2_PLACEMENT_3D('',#6291,#5059,#5060);
#4397=AXIS2_PLACEMENT_3D('',#6292,#5061,#5062);
#4398=AXIS2_PLACEMENT_3D('',#6301,#5067,#5068);
#4399=AXIS2_PLACEMENT_3D('',#6310,#5073,#5074);
#4400=AXIS2_PLACEMENT_3D('',#6322,#5080,#5081);
#4401=AXIS2_PLACEMENT_3D('',#6323,#5082,#5083);
#4402=AXIS2_PLACEMENT_3D('',#6324,#5084,#5085);
#4403=AXIS2_PLACEMENT_3D('',#6333,#5090,#5091);
#4404=AXIS2_PLACEMENT_3D('',#6339,#5095,#5096);
#4405=AXIS2_PLACEMENT_3D('',#6348,#5101,#5102);
#4406=AXIS2_PLACEMENT_3D('',#6349,#5103,#5104);
#4407=AXIS2_PLACEMENT_3D('',#6351,#5105,#5106);
#4408=AXIS2_PLACEMENT_3D('',#6379,#5121,#5122);
#4409=AXIS2_PLACEMENT_3D('',#6380,#5123,#5124);
#4410=AXIS2_PLACEMENT_3D('',#6394,#5131,#5132);
#4411=AXIS2_PLACEMENT_3D('',#6415,#5143,#5144);
#4412=AXIS2_PLACEMENT_3D('',#6429,#5152,#5153);
#4413=AXIS2_PLACEMENT_3D('',#6433,#5155,#5156);
#4414=AXIS2_PLACEMENT_3D('',#6439,#5160,#5161);
#4415=AXIS2_PLACEMENT_3D('',#6440,#5162,#5163);
#4416=AXIS2_PLACEMENT_3D('',#6443,#5164,#5165);
#4417=AXIS2_PLACEMENT_3D('',#6459,#5173,#5174);
#4418=AXIS2_PLACEMENT_3D('',#6461,#5175,#5176);
#4419=AXIS2_PLACEMENT_3D('',#6463,#5177,#5178);
#4420=AXIS2_PLACEMENT_3D('',#6471,#5182,#5183);
#4421=AXIS2_PLACEMENT_3D('',#6496,#5196,#5197);
#4422=AXIS2_PLACEMENT_3D('',#6505,#5202,#5203);
#4423=AXIS2_PLACEMENT_3D('',#6514,#5208,#5209);
#4424=AXIS2_PLACEMENT_3D('',#6536,#5222,#5223);
#4425=AXIS2_PLACEMENT_3D('',#6542,#5227,#5228);
#4426=AXIS2_PLACEMENT_3D('',#6548,#5232,#5233);
#4427=AXIS2_PLACEMENT_3D('',#6571,#5246,#5247);
#4428=AXIS2_PLACEMENT_3D('',#6572,#5248,#5249);
#4429=AXIS2_PLACEMENT_3D('',#6574,#5250,#5251);
#4430=AXIS2_PLACEMENT_3D('',#6577,#5253,#5254);
#4431=AXIS2_PLACEMENT_3D('',#6584,#5259,#5260);
#4432=AXIS2_PLACEMENT_3D('',#6594,#5266,#5267);
#4433=AXIS2_PLACEMENT_3D('',#6595,#5268,#5269);
#4434=AXIS2_PLACEMENT_3D('',#6597,#5270,#5271);
#4435=AXIS2_PLACEMENT_3D('',#6598,#5272,#5273);
#4436=AXIS2_PLACEMENT_3D('',#6599,#5274,#5275);
#4437=AXIS2_PLACEMENT_3D('',#6600,#5276,#5277);
#4438=AXIS2_PLACEMENT_3D('',#6603,#5279,#5280);
#4439=AXIS2_PLACEMENT_3D('',#6604,#5281,#5282);
#4440=AXIS2_PLACEMENT_3D('',#6607,#5283,#5284);
#4441=AXIS2_PLACEMENT_3D('',#6609,#5286,#5287);
#4442=AXIS2_PLACEMENT_3D('',#6610,#5288,#5289);
#4443=AXIS2_PLACEMENT_3D('',#6618,#5294,#5295);
#4444=AXIS2_PLACEMENT_3D('',#6619,#5296,#5297);
#4445=AXIS2_PLACEMENT_3D('',#6622,#5299,#5300);
#4446=AXIS2_PLACEMENT_3D('',#6623,#5301,#5302);
#4447=AXIS2_PLACEMENT_3D('',#6626,#5304,#5305);
#4448=AXIS2_PLACEMENT_3D('',#6628,#5306,#5307);
#4449=AXIS2_PLACEMENT_3D('',#6629,#5308,#5309);
#4450=AXIS2_PLACEMENT_3D('',#6634,#5312,#5313);
#4451=AXIS2_PLACEMENT_3D('',#6637,#5315,#5316);
#4452=AXIS2_PLACEMENT_3D('',#6638,#5317,#5318);
#4453=AXIS2_PLACEMENT_3D('',#6641,#5320,#5321);
#4454=AXIS2_PLACEMENT_3D('',#6643,#5322,#5323);
#4455=AXIS2_PLACEMENT_3D('',#6644,#5324,#5325);
#4456=AXIS2_PLACEMENT_3D('',#6647,#5327,#5328);
#4457=AXIS2_PLACEMENT_3D('',#6648,#5329,#5330);
#4458=AXIS2_PLACEMENT_3D('',#6650,#5331,#5332);
#4459=AXIS2_PLACEMENT_3D('',#6651,#5333,#5334);
#4460=AXIS2_PLACEMENT_3D('',#6654,#5336,#5337);
#4461=AXIS2_PLACEMENT_3D('',#6658,#5340,#5341);
#4462=AXIS2_PLACEMENT_3D('',#6665,#5346,#5347);
#4463=AXIS2_PLACEMENT_3D('',#6666,#5348,#5349);
#4464=AXIS2_PLACEMENT_3D('',#6667,#5350,#5351);
#4465=AXIS2_PLACEMENT_3D('',#6668,#5352,#5353);
#4466=AXIS2_PLACEMENT_3D('',#6672,#5356,#5357);
#4467=AXIS2_PLACEMENT_3D('',#6689,#5367,#5368);
#4468=AXIS2_PLACEMENT_3D('',#6690,#5369,#5370);
#4469=AXIS2_PLACEMENT_3D('',#6691,#5371,#5372);
#4470=AXIS2_PLACEMENT_3D('',#6692,#5373,#5374);
#4471=AXIS2_PLACEMENT_3D('',#6694,#5376,#5377);
#4472=AXIS2_PLACEMENT_3D('',#6698,#5380,#5381);
#4473=AXIS2_PLACEMENT_3D('',#6703,#5385,#5386);
#4474=AXIS2_PLACEMENT_3D('',#6705,#5388,#5389);
#4475=AXIS2_PLACEMENT_3D('',#6706,#5390,#5391);
#4476=AXIS2_PLACEMENT_3D('',#6707,#5392,#5393);
#4477=AXIS2_PLACEMENT_3D('',#6708,#5394,#5395);
#4478=AXIS2_PLACEMENT_3D('',#6711,#5397,#5398);
#4479=AXIS2_PLACEMENT_3D('',#6712,#5399,#5400);
#4480=AXIS2_PLACEMENT_3D('',#6713,#5401,#5402);
#4481=AXIS2_PLACEMENT_3D('',#6714,#5403,#5404);
#4482=AXIS2_PLACEMENT_3D('',#6717,#5406,#5407);
#4483=AXIS2_PLACEMENT_3D('',#6718,#5408,#5409);
#4484=AXIS2_PLACEMENT_3D('',#6719,#5410,#5411);
#4485=AXIS2_PLACEMENT_3D('',#6720,#5412,#5413);
#4486=AXIS2_PLACEMENT_3D('',#6721,#5414,#5415);
#4487=AXIS2_PLACEMENT_3D('',#6722,#5416,#5417);
#4488=AXIS2_PLACEMENT_3D('',#6723,#5418,#5419);
#4489=AXIS2_PLACEMENT_3D('',#6724,#5420,#5421);
#4490=AXIS2_PLACEMENT_3D('',#6726,#5423,#5424);
#4491=AXIS2_PLACEMENT_3D('',#6727,#5425,#5426);
#4492=AXIS2_PLACEMENT_3D('',#6733,#5430,#5431);
#4493=AXIS2_PLACEMENT_3D('',#6737,#5434,#5435);
#4494=AXIS2_PLACEMENT_3D('',#6739,#5437,#5438);
#4495=AXIS2_PLACEMENT_3D('',#6743,#5441,#5442);
#4496=AXIS2_PLACEMENT_3D('',#6747,#5445,#5446);
#4497=AXIS2_PLACEMENT_3D('',#6751,#5449,#5450);
#4498=AXIS2_PLACEMENT_3D('',#6753,#5452,#5453);
#4499=AXIS2_PLACEMENT_3D('',#6754,#5454,#5455);
#4500=AXIS2_PLACEMENT_3D('',#6755,#5456,#5457);
#4501=AXIS2_PLACEMENT_3D('',#6757,#5459,#5460);
#4502=AXIS2_PLACEMENT_3D('',#6758,#5461,#5462);
#4503=AXIS2_PLACEMENT_3D('',#6767,#5467,#5468);
#4504=AXIS2_PLACEMENT_3D('',#6769,#5470,#5471);
#4505=AXIS2_PLACEMENT_3D('',#6780,#5478,#5479);
#4506=AXIS2_PLACEMENT_3D('',#6786,#5483,#5484);
#4507=AXIS2_PLACEMENT_3D('',#6790,#5487,#5488);
#4508=AXIS2_PLACEMENT_3D('',#6794,#5491,#5492);
#4509=AXIS2_PLACEMENT_3D('',#6796,#5494,#5495);
#4510=AXIS2_PLACEMENT_3D('',#6797,#5496,#5497);
#4511=AXIS2_PLACEMENT_3D('',#6803,#5501,#5502);
#4512=AXIS2_PLACEMENT_3D('',#6805,#5504,#5505);
#4513=AXIS2_PLACEMENT_3D('',#6814,#5510,#5511);
#4514=AXIS2_PLACEMENT_3D('',#6820,#5515,#5516);
#4515=AXIS2_PLACEMENT_3D('',#6829,#5521,#5522);
#4516=AXIS2_PLACEMENT_3D('',#6830,#5523,#5524);
#4517=AXIS2_PLACEMENT_3D('',#6834,#5526,#5527);
#4518=AXIS2_PLACEMENT_3D('',#6837,#5530,#5531);
#4519=AXIS2_PLACEMENT_3D('',#6838,#5532,#5533);
#4520=AXIS2_PLACEMENT_3D('',#6841,#5536,#5537);
#4521=AXIS2_PLACEMENT_3D('',#6842,#5538,#5539);
#4522=AXIS2_PLACEMENT_3D('',#6851,#5544,#5545);
#4523=AXIS2_PLACEMENT_3D('',#6854,#5548,#5549);
#4524=AXIS2_PLACEMENT_3D('',#6858,#5552,#5553);
#4525=AXIS2_PLACEMENT_3D('',#6859,#5554,#5555);
#4526=AXIS2_PLACEMENT_3D('',#6861,#5557,#5558);
#4527=AXIS2_PLACEMENT_3D('',#6865,#5561,#5562);
#4528=AXIS2_PLACEMENT_3D('',#6866,#5563,#5564);
#4529=AXIS2_PLACEMENT_3D('',#6875,#5569,#5570);
#4530=AXIS2_PLACEMENT_3D('',#6878,#5573,#5574);
#4531=AXIS2_PLACEMENT_3D('',#6882,#5576,#5577);
#4532=AXIS2_PLACEMENT_3D('',#6886,#5580,#5581);
#4533=AXIS2_PLACEMENT_3D('',#6892,#5585,#5586);
#4534=AXIS2_PLACEMENT_3D('',#6893,#5587,#5588);
#4535=AXIS2_PLACEMENT_3D('',#6897,#5590,#5591);
#4536=AXIS2_PLACEMENT_3D('',#6901,#5594,#5595);
#4537=AXIS2_PLACEMENT_3D('',#6903,#5597,#5598);
#4538=AXIS2_PLACEMENT_3D('',#6908,#5602,#5603);
#4539=AXIS2_PLACEMENT_3D('',#6909,#5604,#5605);
#4540=AXIS2_PLACEMENT_3D('',#6913,#5608,#5609);
#4541=AXIS2_PLACEMENT_3D('',#6915,#5611,#5612);
#4542=AXIS2_PLACEMENT_3D('',#6916,#5613,#5614);
#4543=AXIS2_PLACEMENT_3D('',#6917,#5615,#5616);
#4544=AXIS2_PLACEMENT_3D('',#6918,#5617,#5618);
#4545=AXIS2_PLACEMENT_3D('',#6919,#5619,#5620);
#4546=AXIS2_PLACEMENT_3D('',#6920,#5621,#5622);
#4547=AXIS2_PLACEMENT_3D('',#6921,#5623,#5624);
#4548=AXIS2_PLACEMENT_3D('',#6922,#5625,#5626);
#4549=AXIS2_PLACEMENT_3D('',#6923,#5627,#5628);
#4550=AXIS2_PLACEMENT_3D('',#6924,#5629,#5630);
#4551=AXIS2_PLACEMENT_3D('',#6925,#5631,#5632);
#4552=AXIS2_PLACEMENT_3D('',#6928,#5634,#5635);
#4553=AXIS2_PLACEMENT_3D('',#6929,#5636,#5637);
#4554=AXIS2_PLACEMENT_3D('',#6933,#5640,#5641);
#4555=AXIS2_PLACEMENT_3D('',#6934,#5642,#5643);
#4556=AXIS2_PLACEMENT_3D('',#6935,#5644,#5645);
#4557=AXIS2_PLACEMENT_3D('',#6939,#5648,#5649);
#4558=AXIS2_PLACEMENT_3D('',#6941,#5651,#5652);
#4559=AXIS2_PLACEMENT_3D('',#6943,#5654,#5655);
#4560=AXIS2_PLACEMENT_3D('',#6947,#5658,#5659);
#4561=AXIS2_PLACEMENT_3D('',#6949,#5661,#5662);
#4562=AXIS2_PLACEMENT_3D('',#6951,#5664,#5665);
#4563=AXIS2_PLACEMENT_3D('',#6952,#5666,#5667);
#4564=AXIS2_PLACEMENT_3D('',#6953,#5668,#5669);
#4565=AXIS2_PLACEMENT_3D('',#6954,#5670,#5671);
#4566=AXIS2_PLACEMENT_3D('',#6955,#5672,#5673);
#4567=AXIS2_PLACEMENT_3D('',#6957,#5674,#5675);
#4568=AXIS2_PLACEMENT_3D('',#6959,#5676,#5677);
#4569=AXIS2_PLACEMENT_3D('',#6960,#5678,#5679);
#4570=AXIS2_PLACEMENT_3D('',#6961,#5680,#5681);
#4571=AXIS2_PLACEMENT_3D('',#6963,#5682,#5683);
#4572=AXIS2_PLACEMENT_3D('',#6965,#5684,#5685);
#4573=AXIS2_PLACEMENT_3D('',#6966,#5686,#5687);
#4574=AXIS2_PLACEMENT_3D('',#6967,#5688,#5689);
#4575=AXIS2_PLACEMENT_3D('',#6968,#5690,#5691);
#4576=AXIS2_PLACEMENT_3D('',#6969,#5692,#5693);
#4577=AXIS2_PLACEMENT_3D('',#6970,#5694,#5695);
#4578=AXIS2_PLACEMENT_3D('',#6972,#5696,#5697);
#4579=AXIS2_PLACEMENT_3D('',#6973,#5698,#5699);
#4580=AXIS2_PLACEMENT_3D('',#6974,#5700,#5701);
#4581=AXIS2_PLACEMENT_3D('',#6976,#5702,#5703);
#4582=AXIS2_PLACEMENT_3D('',#6977,#5704,#5705);
#4583=AXIS2_PLACEMENT_3D('',#6978,#5706,#5707);
#4584=AXIS2_PLACEMENT_3D('',#6979,#5708,#5709);
#4585=AXIS2_PLACEMENT_3D('',#6981,#5710,#5711);
#4586=AXIS2_PLACEMENT_3D('',#6982,#5712,#5713);
#4587=AXIS2_PLACEMENT_3D('',#6983,#5714,#5715);
#4588=AXIS2_PLACEMENT_3D('',#6985,#5716,#5717);
#4589=AXIS2_PLACEMENT_3D('',#6986,#5718,#5719);
#4590=AXIS2_PLACEMENT_3D('',#6987,#5720,#5721);
#4591=DIRECTION('',(0.,0.,1.));
#4592=DIRECTION('',(1.,0.,0.));
#4593=DIRECTION('',(0.935444030829867,-0.353474843779257,0.));
#4594=DIRECTION('',(-0.353474843779257,-0.935444030829867,0.));
#4595=DIRECTION('',(0.935444030829867,-0.353474843779257,0.));
#4596=DIRECTION('',(-0.353474843779257,-0.935444030829867,0.));
#4597=DIRECTION('',(0.,0.,1.));
#4598=DIRECTION('',(-0.353474843779257,-0.935444030829867,0.));
#4599=DIRECTION('',(0.,0.,1.));
#4600=DIRECTION('',(-0.353474843779257,-0.935444030829867,0.));
#4601=DIRECTION('',(0.935444030829867,-0.353474843779257,0.));
#4602=DIRECTION('',(-0.353474843779257,-0.935444030829867,0.));
#4603=DIRECTION('',(-0.353474843779257,-0.935444030829867,0.));
#4604=DIRECTION('',(-0.353474843779257,-0.935444030829867,0.));
#4605=DIRECTION('',(0.353474843779257,0.935444030829867,0.));
#4606=DIRECTION('',(0.935444030829867,-0.353474843779257,0.));
#4607=DIRECTION('',(-0.353474843779257,-0.935444030829867,0.));
#4608=DIRECTION('',(-0.353474843779257,-0.935444030829867,0.));
#4609=DIRECTION('',(0.935444030829867,-0.353474843779257,0.));
#4610=DIRECTION('',(-0.353474843779257,-0.935444030829867,0.));
#4611=DIRECTION('',(-0.353474843779257,-0.935444030829867,0.));
#4612=DIRECTION('',(0.,0.,1.));
#4613=DIRECTION('',(0.935444030829867,-0.353474843779257,0.));
#4614=DIRECTION('',(-0.353474843779257,-0.935444030829867,0.));
#4615=DIRECTION('',(0.935444030829867,-0.353474843779257,0.));
#4616=DIRECTION('',(-0.353474843779257,-0.935444030829867,0.));
#4617=DIRECTION('',(0.,0.,1.));
#4618=DIRECTION('',(0.,1.,0.));
#4619=DIRECTION('',(1.,0.,0.));
#4620=DIRECTION('',(0.,0.,1.));
#4621=DIRECTION('',(-1.,0.,0.));
#4622=DIRECTION('',(0.,0.,1.));
#4623=DIRECTION('',(-1.,0.,0.));
#4624=DIRECTION('',(0.976311073368158,0.,0.216371643286997));
#4625=DIRECTION('',(0.,1.,0.));
#4626=DIRECTION('',(1.,0.,0.));
#4627=DIRECTION('',(-0.781112554834099,0.,0.624390243902439));
#4628=DIRECTION('',(-1.,0.,0.));
#4629=DIRECTION('',(0.,0.,1.));
#4630=DIRECTION('',(-1.,0.,0.));
#4631=DIRECTION('',(0.781112554834099,0.,0.624390243902439));
#4632=DIRECTION('',(0.,1.,0.));
#4633=DIRECTION('',(1.,0.,0.));
#4634=DIRECTION('',(0.976311073368158,0.,-0.216371643286997));
#4635=DIRECTION('',(-1.,0.,0.));
#4636=DIRECTION('',(0.,0.,-1.));
#4637=DIRECTION('',(-1.,0.,0.));
#4638=DIRECTION('',(1.,0.,0.));
#4639=DIRECTION('',(0.,-1.,0.));
#4640=DIRECTION('',(-1.,0.,0.));
#4641=DIRECTION('',(0.,1.,0.));
#4642=DIRECTION('',(0.,0.,1.));
#4643=DIRECTION('',(0.,0.,1.));
#4644=DIRECTION('',(0.,-1.,0.));
#4645=DIRECTION('',(0.,-1.,0.));
#4646=DIRECTION('',(0.,0.,1.));
#4647=DIRECTION('',(1.,0.,0.));
#4648=DIRECTION('',(0.,1.,0.));
#4649=DIRECTION('',(0.624390243902439,0.,0.781112554834099));
#4650=DIRECTION('',(0.781112554834099,0.,-0.624390243902439));
#4651=DIRECTION('',(0.,-1.,0.));
#4652=DIRECTION('',(0.,-1.,0.));
#4653=DIRECTION('',(-0.781112554834099,0.,0.624390243902439));
#4654=DIRECTION('',(0.,-1.,0.));
#4655=DIRECTION('',(-0.781112554834099,0.,0.624390243902439));
#4656=DIRECTION('',(1.,0.,0.));
#4657=DIRECTION('',(0.,-1.,0.));
#4658=DIRECTION('',(0.,0.,1.));
#4659=DIRECTION('',(0.,-1.,0.));
#4660=DIRECTION('',(0.,0.,1.));
#4661=DIRECTION('',(0.,-1.,0.));
#4662=DIRECTION('',(-1.,0.,0.));
#4663=DIRECTION('',(0.,1.,0.));
#4664=DIRECTION('',(0.,0.,1.));
#4665=DIRECTION('',(0.,1.,0.));
#4666=DIRECTION('',(0.,0.,-1.));
#4667=DIRECTION('',(0.,-1.,0.));
#4668=DIRECTION('',(0.,0.,-1.));
#4669=DIRECTION('',(0.,-1.,0.));
#4670=DIRECTION('',(0.,0.,-1.));
#4671=DIRECTION('',(0.,1.,0.));
#4672=DIRECTION('',(0.,1.,0.));
#4673=DIRECTION('',(1.,0.,0.));
#4674=DIRECTION('',(0.,0.,1.));
#4675=DIRECTION('',(0.,1.,0.));
#4676=DIRECTION('',(1.,0.,0.));
#4677=DIRECTION('',(0.976311073368158,0.,-0.216371643286997));
#4678=DIRECTION('',(0.,1.,0.));
#4679=DIRECTION('',(1.,0.,0.));
#4680=DIRECTION('',(0.781112554834099,0.,0.624390243902439));
#4681=DIRECTION('',(0.,0.,1.));
#4682=DIRECTION('',(0.706741447286762,0.,0.70747192643031));
#4683=DIRECTION('',(0.,0.,-1.));
#4684=DIRECTION('',(0.707106781186548,0.,-0.707106781186547));
#4685=DIRECTION('',(0.,1.,0.));
#4686=DIRECTION('',(1.,0.,0.));
#4687=DIRECTION('',(0.976311073368158,0.,0.216371643286997));
#4688=DIRECTION('',(0.,1.,0.));
#4689=DIRECTION('',(1.,0.,0.));
#4690=DIRECTION('',(0.,0.,1.));
#4691=DIRECTION('',(-1.,0.,2.16953431075786E-16));
#4692=DIRECTION('',(0.,0.,-1.));
#4693=DIRECTION('',(-1.,0.,2.53112336255084E-16));
#4694=DIRECTION('',(1.,0.,0.));
#4695=DIRECTION('',(0.,-1.,0.));
#4696=DIRECTION('',(0.,0.,-1.));
#4697=DIRECTION('',(0.,-1.,0.));
#4698=DIRECTION('',(0.,0.,1.));
#4699=DIRECTION('',(0.,-1.,0.));
#4700=DIRECTION('',(0.,-1.,0.));
#4701=DIRECTION('',(0.,-1.,0.));
#4702=DIRECTION('',(0.,-1.,0.));
#4703=DIRECTION('',(0.,-1.,0.));
#4704=DIRECTION('',(0.,-1.,0.));
#4705=DIRECTION('',(-1.,0.,0.));
#4706=DIRECTION('',(0.,-1.,0.));
#4707=DIRECTION('',(0.353474843779257,0.935444030829867,0.));
#4708=DIRECTION('',(0.935444030829867,-0.353474843779257,0.));
#4709=DIRECTION('',(0.216371643286997,0.,-0.976311073368158));
#4710=DIRECTION('',(-0.976311073368158,0.,-0.216371643286997));
#4711=DIRECTION('',(0.,-1.,0.));
#4712=DIRECTION('',(0.,1.,0.));
#4713=DIRECTION('',(0.915967263827544,-0.346115186817885,0.20299815036178));
#4714=DIRECTION('',(0.,-1.,0.));
#4715=DIRECTION('',(-1.,0.,0.));
#4716=DIRECTION('',(0.624390243902439,0.,-0.781112554834099));
#4717=DIRECTION('',(-0.781112554834099,0.,-0.624390243902439));
#4718=DIRECTION('',(0.,-1.,0.));
#4719=DIRECTION('',(0.781112554834099,0.,0.624390243902439));
#4720=DIRECTION('',(0.,-1.,0.));
#4721=DIRECTION('',(0.,-1.,0.));
#4722=DIRECTION('',(0.,-1.,0.));
#4723=DIRECTION('',(-1.,0.,0.));
#4724=DIRECTION('',(0.,-1.,0.));
#4725=DIRECTION('',(-0.216371643286997,0.,-0.976311073368158));
#4726=DIRECTION('',(-0.976311073368158,0.,0.216371643286998));
#4727=DIRECTION('',(0.,-1.,0.));
#4728=DIRECTION('',(0.915967263827544,-0.346115186817885,-0.20299815036178));
#4729=DIRECTION('',(0.,1.,0.));
#4730=DIRECTION('',(0.,-1.,0.));
#4731=DIRECTION('',(-1.,0.,0.));
#4732=DIRECTION('',(2.16953431075786E-16,0.,1.));
#4733=DIRECTION('',(1.,0.,-2.16953431075786E-16));
#4734=DIRECTION('',(0.,-1.,0.));
#4735=DIRECTION('',(-1.,0.,3.69090101271662E-16));
#4736=DIRECTION('',(0.,-1.,0.));
#4737=DIRECTION('',(-1.,0.,2.16953431075786E-16));
#4738=DIRECTION('',(-1.,0.,3.69090101271661E-16));
#4739=DIRECTION('',(0.,-1.,0.));
#4740=DIRECTION('',(-1.,0.,0.));
#4741=DIRECTION('',(0.,1.,0.));
#4742=DIRECTION('',(0.,-1.,0.));
#4743=DIRECTION('',(0.,0.,-1.));
#4744=DIRECTION('',(0.,0.,-1.));
#4745=DIRECTION('',(2.53112336255084E-16,0.,1.));
#4746=DIRECTION('',(1.,0.,-2.53112336255084E-16));
#4747=DIRECTION('',(0.,-1.,0.));
#4748=DIRECTION('',(-1.,0.,1.8454505063583E-16));
#4749=DIRECTION('',(-1.,0.,2.53112336255084E-16));
#4750=DIRECTION('',(-1.,0.,1.84545050635831E-16));
#4751=DIRECTION('',(0.,-1.,0.));
#4752=DIRECTION('',(0.,-1.,0.));
#4753=DIRECTION('',(1.,0.,0.));
#4754=DIRECTION('',(-1.,0.,0.));
#4755=DIRECTION('',(-1.,0.,0.));
#4756=DIRECTION('',(-1.,0.,0.));
#4757=DIRECTION('',(0.,1.,0.));
#4758=DIRECTION('',(0.,0.,-1.));
#4759=DIRECTION('',(0.,-1.,0.));
#4760=DIRECTION('',(1.,0.,0.));
#4761=DIRECTION('',(0.,-1.,0.));
#4762=DIRECTION('',(-1.,0.,0.));
#4763=DIRECTION('',(1.,0.,0.));
#4764=DIRECTION('',(0.,-1.,0.));
#4765=DIRECTION('',(0.,0.,1.));
#4766=DIRECTION('',(0.,-1.,0.));
#4767=DIRECTION('',(1.,0.,0.));
#4768=DIRECTION('',(0.,-1.,0.));
#4769=DIRECTION('',(-1.,0.,0.));
#4770=DIRECTION('',(0.,-1.,0.));
#4771=DIRECTION('',(-1.,0.,0.));
#4772=DIRECTION('',(0.,-1.,0.));
#4773=DIRECTION('',(-1.,0.,0.));
#4774=DIRECTION('',(0.,-1.,0.));
#4775=DIRECTION('',(1.,0.,0.));
#4776=DIRECTION('',(0.,-1.,0.));
#4777=DIRECTION('',(-1.,0.,0.));
#4778=DIRECTION('',(0.,-1.,0.));
#4779=DIRECTION('',(-1.,0.,0.));
#4780=DIRECTION('',(0.,-1.,0.));
#4781=DIRECTION('',(1.,0.,0.));
#4782=DIRECTION('',(0.,-1.,0.));
#4783=DIRECTION('',(-1.,0.,0.));
#4784=DIRECTION('',(-1.,0.,0.));
#4785=DIRECTION('',(-1.,0.,0.));
#4786=DIRECTION('',(0.,0.,1.));
#4787=DIRECTION('',(0.,-1.,0.));
#4788=DIRECTION('',(0.,0.,1.));
#4789=DIRECTION('',(0.,-1.,0.));
#4790=DIRECTION('',(1.,0.,0.));
#4791=DIRECTION('',(0.,-1.,0.));
#4792=DIRECTION('',(0.,-1.,0.));
#4793=DIRECTION('',(0.,-1.,0.));
#4794=DIRECTION('',(0.,0.,1.));
#4795=DIRECTION('',(0.,-1.,0.));
#4796=DIRECTION('',(-1.,0.,0.));
#4797=DIRECTION('',(0.,1.,0.));
#4798=DIRECTION('',(1.,0.,0.));
#4799=DIRECTION('',(0.,1.,0.));
#4800=DIRECTION('',(1.,0.,0.));
#4801=DIRECTION('',(0.,1.,0.));
#4802=DIRECTION('',(1.,0.,0.));
#4803=DIRECTION('',(0.,1.,0.));
#4804=DIRECTION('',(1.,0.,0.));
#4805=DIRECTION('',(0.707106781186548,0.,-0.707106781186547));
#4806=DIRECTION('',(0.,0.,-1.));
#4807=DIRECTION('',(0.706741447286762,0.,0.70747192643031));
#4808=DIRECTION('',(-1.,0.,0.));
#4809=DIRECTION('',(0.,1.,0.));
#4810=DIRECTION('',(0.,-1.,0.));
#4811=DIRECTION('',(0.,-1.,0.));
#4812=DIRECTION('',(0.70747192643031,0.,-0.706741447286762));
#4813=DIRECTION('',(-0.706741447286762,0.,-0.70747192643031));
#4814=DIRECTION('',(-0.707106781186547,0.,-0.707106781186548));
#4815=DIRECTION('',(-0.707106781186548,0.,0.707106781186548));
#4816=DIRECTION('',(0.,0.,-1.));
#4817=DIRECTION('',(0.,1.,0.));
#4818=DIRECTION('',(-1.,0.,0.));
#4819=DIRECTION('',(0.,-1.,0.));
#4820=DIRECTION('',(-1.,0.,0.));
#4821=DIRECTION('',(0.,-1.,0.));
#4822=DIRECTION('',(-1.,0.,0.));
#4823=DIRECTION('',(-1.,0.,0.));
#4824=DIRECTION('',(0.,0.,-1.));
#4825=DIRECTION('',(0.,1.,0.));
#4826=DIRECTION('',(-1.,0.,0.));
#4827=DIRECTION('',(0.,1.,0.));
#4828=DIRECTION('',(-1.,0.,0.));
#4829=DIRECTION('',(0.,1.,0.));
#4830=DIRECTION('',(-1.,0.,0.));
#4831=DIRECTION('',(0.,0.,1.));
#4832=DIRECTION('',(-1.,0.,0.));
#4833=DIRECTION('',(0.,1.,0.));
#4834=DIRECTION('',(1.,0.,0.));
#4835=DIRECTION('',(0.,1.,0.));
#4836=DIRECTION('',(-1.,0.,0.));
#4837=DIRECTION('',(0.,0.,1.));
#4838=DIRECTION('',(0.,0.,1.));
#4839=DIRECTION('',(0.,-1.,0.));
#4840=DIRECTION('',(-0.353474843779257,-0.935444030829867,0.));
#4841=DIRECTION('',(0.,0.,1.));
#4842=DIRECTION('',(0.,-1.,0.));
#4843=DIRECTION('',(-0.935444030829867,0.353474843779257,0.));
#4844=DIRECTION('',(-0.353474843779257,-0.935444030829867,0.));
#4845=DIRECTION('',(0.,-1.,0.));
#4846=DIRECTION('',(0.,0.,1.));
#4847=DIRECTION('',(0.,-1.,0.));
#4848=DIRECTION('',(-0.935444030829867,0.353474843779257,0.));
#4849=DIRECTION('',(0.,0.,1.));
#4850=DIRECTION('',(0.,-1.,0.));
#4851=DIRECTION('',(0.,-1.,0.));
#4852=DIRECTION('',(-0.353474843779257,-0.935444030829867,0.));
#4853=DIRECTION('',(-1.,0.,0.));
#4854=DIRECTION('',(0.,1.,0.));
#4855=DIRECTION('',(0.,0.,-1.));
#4856=DIRECTION('',(0.,0.,1.));
#4857=DIRECTION('',(0.,-1.,0.));
#4858=DIRECTION('',(-0.935444030829867,0.353474843779257,0.));
#4859=DIRECTION('',(0.,0.,1.));
#4860=DIRECTION('',(0.,-1.,0.));
#4861=DIRECTION('',(-0.353474843779257,-0.935444030829867,0.));
#4862=DIRECTION('',(0.,-1.,0.));
#4863=DIRECTION('',(-0.353474843779257,-0.935444030829867,0.));
#4864=DIRECTION('',(1.,0.,0.));
#4865=DIRECTION('',(0.,-1.,0.));
#4866=DIRECTION('',(0.,-1.,0.));
#4867=DIRECTION('',(0.,0.,1.));
#4868=DIRECTION('',(0.,0.,1.));
#4869=DIRECTION('',(0.,-1.,0.));
#4870=DIRECTION('',(0.,0.,1.));
#4871=DIRECTION('',(0.,-1.,0.));
#4872=DIRECTION('',(-0.935444030829867,0.353474843779257,0.));
#4873=DIRECTION('',(-0.353474843779257,-0.935444030829867,0.));
#4874=DIRECTION('',(0.189893408025431,-0.0717547394866083,-0.979179120973122));
#4875=DIRECTION('',(-0.981709667672531,0.,-0.190384160050904));
#4876=DIRECTION('',(0.189893408025431,-0.0717547394866083,-0.979179120973122));
#4877=DIRECTION('',(0.915967263827544,-0.346115186817885,0.20299815036178));
#4878=DIRECTION('',(-0.353474843779257,-0.935444030829867,0.));
#4879=DIRECTION('',(0.935444030829867,-0.353474843779257,0.));
#4880=DIRECTION('',(-0.353474843779257,-0.935444030829867,0.));
#4881=DIRECTION('',(-0.935444030829867,0.353474843779257,0.));
#4882=DIRECTION('',(0.353474843779257,0.935444030829867,0.));
#4883=DIRECTION('',(-0.935444030829867,0.353474843779257,0.));
#4884=DIRECTION('',(0.353474843779257,0.935444030829867,0.));
#4885=DIRECTION('',(0.,0.,1.));
#4886=DIRECTION('',(0.353474843779257,0.935444030829867,0.));
#4887=DIRECTION('',(0.935444030829867,-0.353474843779257,0.));
#4888=DIRECTION('',(0.,0.,1.));
#4889=DIRECTION('',(-0.189893408025431,0.0717547394866084,-0.979179120973122));
#4890=DIRECTION('',(-0.981709667672531,0.,0.190384160050904));
#4891=DIRECTION('',(-0.189893408025431,0.0717547394866084,-0.979179120973122));
#4892=DIRECTION('',(-0.915967263827544,0.346115186817885,0.20299815036178));
#4893=DIRECTION('',(-0.935444030829867,0.353474843779257,0.));
#4894=DIRECTION('',(0.353474843779257,0.935444030829867,0.));
#4895=DIRECTION('',(0.935444030829867,-0.353474843779257,0.));
#4896=DIRECTION('',(0.353474843779257,0.935444030829867,0.));
#4897=DIRECTION('',(0.935444030829867,-0.353474843779257,0.));
#4898=DIRECTION('',(0.353474843779257,0.935444030829867,0.));
#4899=DIRECTION('',(0.,0.,-1.));
#4900=DIRECTION('',(0.353474843779257,0.935444030829867,0.));
#4901=DIRECTION('',(0.935444030829867,-0.353474843779257,0.));
#4902=DIRECTION('',(0.,0.,1.));
#4903=DIRECTION('',(-0.935444030829867,0.353474843779257,0.));
#4904=DIRECTION('',(0.353474843779257,0.935444030829867,0.));
#4905=DIRECTION('',(-0.935444030829867,0.353474843779257,0.));
#4906=DIRECTION('',(0.353474843779257,0.935444030829867,0.));
#4907=DIRECTION('',(-0.935444030829867,0.353474843779257,0.));
#4908=DIRECTION('',(0.353474843779257,0.935444030829867,0.));
#4909=DIRECTION('',(-0.935444030829867,0.353474843779257,0.));
#4910=DIRECTION('',(0.353474843779257,0.935444030829867,0.));
#4911=DIRECTION('',(0.,0.,1.));
#4912=DIRECTION('',(0.,-1.,0.));
#4913=DIRECTION('',(0.,0.,1.));
#4914=DIRECTION('',(0.,-1.,0.));
#4915=DIRECTION('',(0.,0.,1.));
#4916=DIRECTION('',(1.,0.,0.));
#4917=DIRECTION('',(-1.,0.,0.));
#4918=DIRECTION('',(0.,1.,0.));
#4919=DIRECTION('',(0.,0.,-1.));
#4920=DIRECTION('',(0.,-1.,0.));
#4921=DIRECTION('',(0.,0.,-1.));
#4922=DIRECTION('',(0.,-1.,0.));
#4923=DIRECTION('',(0.,0.,-1.));
#4924=DIRECTION('',(0.,1.,0.));
#4925=DIRECTION('',(1.,0.,0.));
#4926=DIRECTION('',(0.,-1.,0.));
#4927=DIRECTION('',(1.,0.,0.));
#4928=DIRECTION('',(1.,0.,0.));
#4929=DIRECTION('',(0.,-1.,0.));
#4930=DIRECTION('',(0.,0.,1.));
#4931=DIRECTION('',(0.,-1.,0.));
#4932=DIRECTION('',(0.,0.,1.));
#4933=DIRECTION('',(0.,0.,1.));
#4934=DIRECTION('',(0.,-1.,0.));
#4935=DIRECTION('',(-1.,0.,0.));
#4936=DIRECTION('',(0.,-1.,0.));
#4937=DIRECTION('',(-1.,0.,0.));
#4938=DIRECTION('',(1.,0.,0.));
#4939=DIRECTION('',(0.,-1.,0.));
#4940=DIRECTION('',(0.,0.,1.));
#4941=DIRECTION('',(0.,-1.,0.));
#4942=DIRECTION('',(0.,0.,1.));
#4943=DIRECTION('',(0.,0.,1.));
#4944=DIRECTION('',(0.,-1.,0.));
#4945=DIRECTION('',(-1.,0.,0.));
#4946=DIRECTION('',(0.,-1.,0.));
#4947=DIRECTION('',(-1.,0.,0.));
#4948=DIRECTION('',(1.,0.,0.));
#4949=DIRECTION('',(0.,-1.,0.));
#4950=DIRECTION('',(0.,0.,1.));
#4951=DIRECTION('',(0.,-1.,0.));
#4952=DIRECTION('',(0.,0.,1.));
#4953=DIRECTION('',(0.,0.,1.));
#4954=DIRECTION('',(0.,-1.,0.));
#4955=DIRECTION('',(-1.,0.,0.));
#4956=DIRECTION('',(0.,-1.,0.));
#4957=DIRECTION('',(-1.,0.,0.));
#4958=DIRECTION('',(-1.,0.,0.));
#4959=DIRECTION('',(0.,1.,0.));
#4960=DIRECTION('',(0.,0.,-1.));
#4961=DIRECTION('',(0.,-1.,0.));
#4962=DIRECTION('',(0.,0.,-1.));
#4963=DIRECTION('',(0.,0.,1.));
#4964=DIRECTION('',(0.,-1.,0.));
#4965=DIRECTION('',(-1.,0.,0.));
#4966=DIRECTION('',(0.,-1.,0.));
#4967=DIRECTION('',(-1.,0.,0.));
#4968=DIRECTION('',(1.,0.,0.));
#4969=DIRECTION('',(0.,-1.,0.));
#4970=DIRECTION('',(0.,0.,1.));
#4971=DIRECTION('',(0.,-1.,0.));
#4972=DIRECTION('',(0.,0.,1.));
#4973=DIRECTION('',(0.,0.,1.));
#4974=DIRECTION('',(0.,-1.,0.));
#4975=DIRECTION('',(-1.,0.,0.));
#4976=DIRECTION('',(-1.,0.,0.));
#4977=DIRECTION('',(0.,1.,0.));
#4978=DIRECTION('',(1.,0.,0.));
#4979=DIRECTION('',(0.,1.,0.));
#4980=DIRECTION('',(1.,0.,0.));
#4981=DIRECTION('',(0.,0.,1.));
#4982=DIRECTION('',(1.,0.,0.));
#4983=DIRECTION('',(0.,-1.,0.));
#4984=DIRECTION('',(-1.,0.,0.));
#4985=DIRECTION('',(0.,-1.,0.));
#4986=DIRECTION('',(-1.,0.,0.));
#4987=DIRECTION('',(0.,-1.,0.));
#4988=DIRECTION('',(-1.,0.,0.));
#4989=DIRECTION('',(0.,-1.,0.));
#4990=DIRECTION('',(1.,0.,0.));
#4991=DIRECTION('',(0.,-1.,0.));
#4992=DIRECTION('',(1.,0.,0.));
#4993=DIRECTION('',(0.,0.,1.));
#4994=DIRECTION('',(1.,0.,0.));
#4995=DIRECTION('',(0.,0.,1.));
#4996=DIRECTION('',(0.,-1.,0.));
#4997=DIRECTION('',(-1.,0.,0.));
#4998=DIRECTION('',(0.,-1.,0.));
#4999=DIRECTION('',(-1.,0.,0.));
#5000=DIRECTION('',(0.,-1.,0.));
#5001=DIRECTION('',(1.,0.,0.));
#5002=DIRECTION('',(0.,-1.,0.));
#5003=DIRECTION('',(0.,0.,1.));
#5004=DIRECTION('',(0.,-1.,0.));
#5005=DIRECTION('',(0.,0.,1.));
#5006=DIRECTION('',(0.,0.,-1.));
#5007=DIRECTION('',(0.,1.,0.));
#5008=DIRECTION('',(1.,0.,0.));
#5009=DIRECTION('',(0.,-1.,0.));
#5010=DIRECTION('',(1.,0.,0.));
#5011=DIRECTION('',(1.,0.,0.));
#5012=DIRECTION('',(0.,-1.,0.));
#5013=DIRECTION('',(0.,0.,1.));
#5014=DIRECTION('',(0.,-1.,0.));
#5015=DIRECTION('',(0.,0.,1.));
#5016=DIRECTION('',(0.,0.,1.));
#5017=DIRECTION('',(0.,-1.,0.));
#5018=DIRECTION('',(-1.,0.,0.));
#5019=DIRECTION('',(0.,-1.,0.));
#5020=DIRECTION('',(-1.,0.,0.));
#5021=DIRECTION('',(-1.,0.,0.));
#5022=DIRECTION('',(0.,1.,0.));
#5023=DIRECTION('',(0.,0.,-1.));
#5024=DIRECTION('',(0.,-1.,0.));
#5025=DIRECTION('',(0.,0.,-1.));
#5026=DIRECTION('',(0.,0.,1.));
#5027=DIRECTION('',(0.,-1.,0.));
#5028=DIRECTION('',(-1.,0.,0.));
#5029=DIRECTION('',(0.,-1.,0.));
#5030=DIRECTION('',(-1.,0.,0.));
#5031=DIRECTION('',(1.,0.,0.));
#5032=DIRECTION('',(0.,-1.,0.));
#5033=DIRECTION('',(0.,0.,1.));
#5034=DIRECTION('',(0.,-1.,0.));
#5035=DIRECTION('',(0.,0.,1.));
#5036=DIRECTION('',(0.,0.,1.));
#5037=DIRECTION('',(0.,-1.,0.));
#5038=DIRECTION('',(-1.,0.,0.));
#5039=DIRECTION('',(0.,-1.,0.));
#5040=DIRECTION('',(-1.,0.,0.));
#5041=DIRECTION('',(1.,0.,0.));
#5042=DIRECTION('',(0.,-1.,0.));
#5043=DIRECTION('',(0.,0.,1.));
#5044=DIRECTION('',(0.,-1.,0.));
#5045=DIRECTION('',(0.,0.,1.));
#5046=DIRECTION('',(0.,0.,1.));
#5047=DIRECTION('',(0.,-1.,0.));
#5048=DIRECTION('',(-1.,0.,0.));
#5049=DIRECTION('',(0.,-1.,0.));
#5050=DIRECTION('',(-1.,0.,0.));
#5051=DIRECTION('',(-1.,0.,0.));
#5052=DIRECTION('',(0.,1.,0.));
#5053=DIRECTION('',(0.,0.,-1.));
#5054=DIRECTION('',(0.,0.,-1.));
#5055=DIRECTION('',(0.,1.,0.));
#5056=DIRECTION('',(1.,0.,0.));
#5057=DIRECTION('',(0.,1.,0.));
#5058=DIRECTION('',(1.,0.,0.));
#5059=DIRECTION('',(0.,0.,1.));
#5060=DIRECTION('',(1.,0.,0.));
#5061=DIRECTION('',(0.,0.,1.));
#5062=DIRECTION('',(0.,-1.,0.));
#5063=DIRECTION('',(-1.,0.,0.));
#5064=DIRECTION('',(0.,-1.,0.));
#5065=DIRECTION('',(-1.,0.,0.));
#5066=DIRECTION('',(0.,-1.,0.));
#5067=DIRECTION('',(0.,0.,1.));
#5068=DIRECTION('',(0.,-1.,0.));
#5069=DIRECTION('',(0.,-1.,0.));
#5070=DIRECTION('',(-1.,0.,0.));
#5071=DIRECTION('',(0.,-1.,0.));
#5072=DIRECTION('',(-1.,0.,0.));
#5073=DIRECTION('',(1.,0.,0.));
#5074=DIRECTION('',(0.,-1.,0.));
#5075=DIRECTION('',(0.,0.,1.));
#5076=DIRECTION('',(0.,1.,0.));
#5077=DIRECTION('',(0.,0.,1.));
#5078=DIRECTION('',(0.,-1.,0.));
#5079=DIRECTION('',(0.,0.,1.));
#5080=DIRECTION('',(1.,0.,0.));
#5081=DIRECTION('',(0.,-1.,0.));
#5082=DIRECTION('',(0.,1.,0.));
#5083=DIRECTION('',(1.,0.,0.));
#5084=DIRECTION('',(0.,1.,0.));
#5085=DIRECTION('',(1.,0.,0.));
#5086=DIRECTION('',(-1.,0.,-8.67361737988415E-16));
#5087=DIRECTION('',(0.,0.,1.));
#5088=DIRECTION('',(-1.,0.,0.));
#5089=DIRECTION('',(0.,0.,1.));
#5090=DIRECTION('',(0.,0.,1.));
#5091=DIRECTION('',(0.,-1.,0.));
#5092=DIRECTION('',(-1.,0.,0.));
#5093=DIRECTION('',(0.,-1.,0.));
#5094=DIRECTION('',(-1.,0.,0.));
#5095=DIRECTION('',(0.,0.,1.));
#5096=DIRECTION('',(0.,-1.,0.));
#5097=DIRECTION('',(0.,-1.,0.));
#5098=DIRECTION('',(-1.,0.,0.));
#5099=DIRECTION('',(0.,1.,0.));
#5100=DIRECTION('',(-1.,0.,0.));
#5101=DIRECTION('',(0.,1.,0.));
#5102=DIRECTION('',(1.,0.,0.));
#5103=DIRECTION('',(0.,1.,0.));
#5104=DIRECTION('',(1.,0.,0.));
#5105=DIRECTION('',(0.,1.,0.));
#5106=DIRECTION('',(1.,0.,0.));
#5107=DIRECTION('',(0.,0.,-1.));
#5108=DIRECTION('',(-1.,0.,8.67361737988415E-16));
#5109=DIRECTION('',(0.,0.,1.));
#5110=DIRECTION('',(1.,0.,0.));
#5111=DIRECTION('',(0.,0.,1.));
#5112=DIRECTION('',(-1.,0.,8.67361737988391E-16));
#5113=DIRECTION('',(-1.,0.,0.));
#5114=DIRECTION('',(0.,0.,-1.));
#5115=DIRECTION('',(-1.,0.,0.));
#5116=DIRECTION('',(-1.,0.,-8.67361737988397E-16));
#5117=DIRECTION('',(0.,0.,-1.));
#5118=DIRECTION('',(1.,0.,0.));
#5119=DIRECTION('',(0.,0.,1.));
#5120=DIRECTION('',(-1.,0.,-8.67361737988415E-16));
#5121=DIRECTION('',(0.,-1.,0.));
#5122=DIRECTION('',(1.,0.,0.));
#5123=DIRECTION('',(0.,-1.,0.));
#5124=DIRECTION('',(1.,0.,0.));
#5125=DIRECTION('',(0.,0.,1.));
#5126=DIRECTION('',(1.,0.,0.));
#5127=DIRECTION('',(-1.42208662050103E-16,0.,-1.));
#5128=DIRECTION('',(-1.42208662050103E-16,0.,-1.));
#5129=DIRECTION('',(1.,0.,0.));
#5130=DIRECTION('',(0.,0.,1.));
#5131=DIRECTION('',(0.,1.,0.));
#5132=DIRECTION('',(1.,0.,0.));
#5133=DIRECTION('',(0.,0.,1.));
#5134=DIRECTION('',(1.,0.,0.));
#5135=DIRECTION('',(-1.42208662050103E-16,0.,-1.));
#5136=DIRECTION('',(-1.42208662050103E-16,0.,-1.));
#5137=DIRECTION('',(1.,0.,0.));
#5138=DIRECTION('',(0.,0.,-1.));
#5139=DIRECTION('',(1.,0.,0.));
#5140=DIRECTION('',(0.,0.,1.));
#5141=DIRECTION('',(1.,0.,0.));
#5142=DIRECTION('',(0.,0.,1.));
#5143=DIRECTION('',(-1.,0.,0.));
#5144=DIRECTION('',(0.,1.,0.));
#5145=DIRECTION('',(0.,-1.,0.));
#5146=DIRECTION('',(0.,-1.,0.));
#5147=DIRECTION('',(0.,0.,-1.));
#5148=DIRECTION('',(0.,-1.,0.));
#5149=DIRECTION('',(0.,0.,-1.));
#5150=DIRECTION('',(0.,-1.,0.));
#5151=DIRECTION('',(0.,0.,-1.));
#5152=DIRECTION('',(0.,1.,0.));
#5153=DIRECTION('',(1.,0.,0.));
#5154=DIRECTION('',(0.,0.,-1.));
#5155=DIRECTION('',(0.,1.,0.));
#5156=DIRECTION('',(1.,0.,0.));
#5157=DIRECTION('',(-1.,0.,0.));
#5158=DIRECTION('',(0.,0.,1.));
#5159=DIRECTION('',(-1.,0.,8.67361737988415E-16));
#5160=DIRECTION('',(0.,1.,0.));
#5161=DIRECTION('',(1.,0.,0.));
#5162=DIRECTION('',(0.,1.,0.));
#5163=DIRECTION('',(1.,0.,0.));
#5164=DIRECTION('',(0.,1.,0.));
#5165=DIRECTION('',(1.,0.,0.));
#5166=DIRECTION('',(-0.781112554834099,0.,-0.624390243902439));
#5167=DIRECTION('',(0.,0.,1.));
#5168=DIRECTION('',(0.728052501006716,0.,0.685521375142939));
#5169=DIRECTION('',(0.,0.,1.));
#5170=DIRECTION('',(0.728052501006716,0.,-0.685521375142938));
#5171=DIRECTION('',(0.,0.,1.));
#5172=DIRECTION('',(-0.781112554834099,0.,0.624390243902439));
#5173=DIRECTION('',(0.,1.,0.));
#5174=DIRECTION('',(1.,0.,0.));
#5175=DIRECTION('',(0.,-1.,0.));
#5176=DIRECTION('',(1.,0.,0.));
#5177=DIRECTION('',(0.,-1.,0.));
#5178=DIRECTION('',(1.,0.,0.));
#5179=DIRECTION('',(1.,0.,0.));
#5180=DIRECTION('',(0.,0.,-1.));
#5181=DIRECTION('',(1.,0.,0.));
#5182=DIRECTION('',(0.,1.,0.));
#5183=DIRECTION('',(1.,0.,0.));
#5184=DIRECTION('',(-1.,0.,0.));
#5185=DIRECTION('',(1.2708596893603E-16,0.,1.));
#5186=DIRECTION('',(1.,0.,0.));
#5187=DIRECTION('',(0.,0.,-1.));
#5188=DIRECTION('',(1.,0.,0.));
#5189=DIRECTION('',(1.2708596893603E-16,0.,1.));
#5190=DIRECTION('',(-1.,0.,0.));
#5191=DIRECTION('',(1.2708596893603E-16,0.,1.));
#5192=DIRECTION('',(1.,0.,0.));
#5193=DIRECTION('',(0.,0.,-1.));
#5194=DIRECTION('',(1.,0.,0.));
#5195=DIRECTION('',(1.2708596893603E-16,0.,1.));
#5196=DIRECTION('',(0.,1.,0.));
#5197=DIRECTION('',(1.,0.,0.));
#5198=DIRECTION('',(0.,0.,1.));
#5199=DIRECTION('',(-1.,0.,9.05860822964392E-17));
#5200=DIRECTION('',(0.,0.,-1.));
#5201=DIRECTION('',(1.,0.,0.));
#5202=DIRECTION('',(0.,1.,0.));
#5203=DIRECTION('',(1.,0.,0.));
#5204=DIRECTION('',(-1.,0.,1.81172164592878E-16));
#5205=DIRECTION('',(0.,0.,-1.));
#5206=DIRECTION('',(1.,0.,0.));
#5207=DIRECTION('',(0.,0.,-1.));
#5208=DIRECTION('',(0.,0.,-1.));
#5209=DIRECTION('',(0.,1.,0.));
#5210=DIRECTION('',(1.,0.,0.));
#5211=DIRECTION('',(0.,-1.,0.));
#5212=DIRECTION('',(0.,-1.,0.));
#5213=DIRECTION('',(1.,0.,0.));
#5214=DIRECTION('',(0.,-1.,0.));
#5215=DIRECTION('',(0.,-1.,0.));
#5216=DIRECTION('',(1.,0.,0.));
#5217=DIRECTION('',(0.,-1.,0.));
#5218=DIRECTION('',(0.,-1.,0.));
#5219=DIRECTION('',(1.,-1.21667574911625E-16,0.));
#5220=DIRECTION('',(-4.95635278850516E-16,-1.,0.));
#5221=DIRECTION('',(1.,-1.02456905188737E-16,0.));
#5222=DIRECTION('',(1.,0.,7.58349060536309E-16));
#5223=DIRECTION('',(7.58349060536309E-16,0.,-1.));
#5224=DIRECTION('',(0.,-1.,0.));
#5225=DIRECTION('',(-7.58349060536309E-16,0.,1.));
#5226=DIRECTION('',(0.,-1.,0.));
#5227=DIRECTION('',(1.,0.,7.58349060536309E-16));
#5228=DIRECTION('',(7.58349060536309E-16,0.,-1.));
#5229=DIRECTION('',(0.,-1.,0.));
#5230=DIRECTION('',(-7.58349060536309E-16,0.,-1.));
#5231=DIRECTION('',(0.,-1.,0.));
#5232=DIRECTION('',(0.,0.,-1.));
#5233=DIRECTION('',(0.,1.,0.));
#5234=DIRECTION('',(1.,0.,0.));
#5235=DIRECTION('',(0.,-1.,0.));
#5236=DIRECTION('',(0.,-1.,0.));
#5237=DIRECTION('',(-1.,0.,1.2708596893603E-16));
#5238=DIRECTION('',(0.,-1.,0.));
#5239=DIRECTION('',(1.,0.,-1.2708596893603E-16));
#5240=DIRECTION('',(0.,-1.,0.));
#5241=DIRECTION('',(0.,-1.,0.));
#5242=DIRECTION('',(1.,0.,0.));
#5243=DIRECTION('',(0.,-1.,0.));
#5244=DIRECTION('',(1.,0.,0.));
#5245=DIRECTION('',(0.,-1.,0.));
#5246=DIRECTION('',(-1.,0.,1.2708596893603E-16));
#5247=DIRECTION('',(1.2708596893603E-16,0.,1.));
#5248=DIRECTION('',(-1.,0.,1.2708596893603E-16));
#5249=DIRECTION('',(1.2708596893603E-16,0.,1.));
#5250=DIRECTION('',(-1.,0.,1.2708596893603E-16));
#5251=DIRECTION('',(1.2708596893603E-16,0.,1.));
#5252=DIRECTION('',(-1.,0.,1.2708596893603E-16));
#5253=DIRECTION('',(0.,0.,1.));
#5254=DIRECTION('',(0.,-1.,0.));
#5255=DIRECTION('',(0.,-1.,0.));
#5256=DIRECTION('',(1.,0.,0.));
#5257=DIRECTION('',(0.,1.,0.));
#5258=DIRECTION('',(0.,-1.,0.));
#5259=DIRECTION('',(0.,0.,1.));
#5260=DIRECTION('',(0.,-1.,0.));
#5261=DIRECTION('',(0.,-1.,0.));
#5262=DIRECTION('',(-1.,0.,0.));
#5263=DIRECTION('',(0.,-1.,0.));
#5264=DIRECTION('',(-1.,0.,1.2708596893603E-16));
#5265=DIRECTION('',(0.,-1.,0.));
#5266=DIRECTION('',(1.,0.,-1.2708596893603E-16));
#5267=DIRECTION('',(-1.2708596893603E-16,0.,-1.));
#5268=DIRECTION('',(-1.,0.,1.2708596893603E-16));
#5269=DIRECTION('',(1.2708596893603E-16,0.,1.));
#5270=DIRECTION('',(1.,0.,-1.2708596893603E-16));
#5271=DIRECTION('',(-1.2708596893603E-16,0.,-1.));
#5272=DIRECTION('',(1.,0.,-1.2708596893603E-16));
#5273=DIRECTION('',(-1.2708596893603E-16,0.,-1.));
#5274=DIRECTION('',(1.,0.,-1.2708596893603E-16));
#5275=DIRECTION('',(-1.2708596893603E-16,0.,-1.));
#5276=DIRECTION('',(1.,0.,-1.2708596893603E-16));
#5277=DIRECTION('',(-1.2708596893603E-16,0.,-1.));
#5278=DIRECTION('',(0.,-1.,0.));
#5279=DIRECTION('',(1.,0.,-1.2708596893603E-16));
#5280=DIRECTION('',(-1.2708596893603E-16,0.,-1.));
#5281=DIRECTION('',(-1.,0.,1.2708596893603E-16));
#5282=DIRECTION('',(1.2708596893603E-16,0.,1.));
#5283=DIRECTION('',(1.,0.,-1.2708596893603E-16));
#5284=DIRECTION('',(-1.2708596893603E-16,0.,-1.));
#5285=DIRECTION('',(0.,-1.,0.));
#5286=DIRECTION('',(0.,0.,-1.));
#5287=DIRECTION('',(0.,1.,0.));
#5288=DIRECTION('',(0.,0.,-1.));
#5289=DIRECTION('',(0.,1.,0.));
#5290=DIRECTION('',(1.,0.,0.));
#5291=DIRECTION('',(0.,-1.,0.));
#5292=DIRECTION('',(1.,0.,0.));
#5293=DIRECTION('',(0.,-1.,0.));
#5294=DIRECTION('',(0.,-1.,0.));
#5295=DIRECTION('',(-1.,0.,0.));
#5296=DIRECTION('',(0.,1.,0.));
#5297=DIRECTION('',(1.,0.,0.));
#5298=DIRECTION('',(0.,-1.,0.));
#5299=DIRECTION('',(0.,-1.,0.));
#5300=DIRECTION('',(-1.,0.,0.));
#5301=DIRECTION('',(0.,1.,0.));
#5302=DIRECTION('',(1.,0.,0.));
#5303=DIRECTION('',(0.,-1.,0.));
#5304=DIRECTION('',(0.,1.,0.));
#5305=DIRECTION('',(1.,0.,0.));
#5306=DIRECTION('',(0.,-1.,0.));
#5307=DIRECTION('',(-1.,0.,0.));
#5308=DIRECTION('',(0.,1.,0.));
#5309=DIRECTION('',(1.,0.,0.));
#5310=DIRECTION('',(0.,-1.,0.));
#5311=DIRECTION('',(0.,-1.,0.));
#5312=DIRECTION('',(0.,1.,0.));
#5313=DIRECTION('',(1.,0.,0.));
#5314=DIRECTION('',(0.,-1.,0.));
#5315=DIRECTION('',(0.,-1.,0.));
#5316=DIRECTION('',(-1.,0.,0.));
#5317=DIRECTION('',(0.,-1.,0.));
#5318=DIRECTION('',(1.,0.,0.));
#5319=DIRECTION('',(0.,-1.,0.));
#5320=DIRECTION('',(0.,-1.,0.));
#5321=DIRECTION('',(1.,0.,0.));
#5322=DIRECTION('',(0.,-1.,0.));
#5323=DIRECTION('',(-1.,0.,0.));
#5324=DIRECTION('',(0.,-1.,0.));
#5325=DIRECTION('',(1.,0.,0.));
#5326=DIRECTION('',(0.,-1.,0.));
#5327=DIRECTION('',(0.,-1.,0.));
#5328=DIRECTION('',(-1.,0.,0.));
#5329=DIRECTION('',(0.,1.,0.));
#5330=DIRECTION('',(1.,0.,0.));
#5331=DIRECTION('',(0.,1.,0.));
#5332=DIRECTION('',(1.,0.,0.));
#5333=DIRECTION('',(0.,0.,-1.));
#5334=DIRECTION('',(0.,1.,0.));
#5335=DIRECTION('',(1.,0.,0.));
#5336=DIRECTION('',(0.,0.,-1.));
#5337=DIRECTION('',(0.,1.,0.));
#5338=DIRECTION('',(1.,0.,0.));
#5339=DIRECTION('',(0.,-1.,0.));
#5340=DIRECTION('',(0.,1.,0.));
#5341=DIRECTION('',(1.,0.,0.));
#5342=DIRECTION('',(-1.42208662050103E-16,0.,-1.));
#5343=DIRECTION('',(1.,0.,0.));
#5344=DIRECTION('',(0.,0.,-1.));
#5345=DIRECTION('',(-1.42208662050103E-16,0.,-1.));
#5346=DIRECTION('',(0.,-1.,0.));
#5347=DIRECTION('',(-1.,0.,0.));
#5348=DIRECTION('',(0.,1.,0.));
#5349=DIRECTION('',(1.,0.,0.));
#5350=DIRECTION('',(0.,1.,0.));
#5351=DIRECTION('',(1.,0.,0.));
#5352=DIRECTION('',(-1.,0.,0.));
#5353=DIRECTION('',(0.,1.,0.));
#5354=DIRECTION('',(0.,0.,-1.));
#5355=DIRECTION('',(0.,-1.,0.));
#5356=DIRECTION('',(0.,0.,-1.));
#5357=DIRECTION('',(0.,1.,0.));
#5358=DIRECTION('',(1.,0.,0.));
#5359=DIRECTION('',(0.,-1.,0.));
#5360=DIRECTION('',(1.,0.,0.));
#5361=DIRECTION('',(0.,-1.,0.));
#5362=DIRECTION('',(1.,0.,0.));
#5363=DIRECTION('',(0.,-1.,0.));
#5364=DIRECTION('',(-1.,0.,1.2708596893603E-16));
#5365=DIRECTION('',(0.,-1.,0.));
#5366=DIRECTION('',(-1.,0.,1.2708596893603E-16));
#5367=DIRECTION('',(0.,-1.,0.));
#5368=DIRECTION('',(-1.,0.,0.));
#5369=DIRECTION('',(0.,1.,0.));
#5370=DIRECTION('',(1.,0.,0.));
#5371=DIRECTION('',(0.,1.,0.));
#5372=DIRECTION('',(1.,0.,0.));
#5373=DIRECTION('',(-1.,0.,0.));
#5374=DIRECTION('',(0.,1.,0.));
#5375=DIRECTION('',(0.,0.,-1.));
#5376=DIRECTION('',(0.,0.,-1.));
#5377=DIRECTION('',(0.,1.,0.));
#5378=DIRECTION('',(0.,-1.,0.));
#5379=DIRECTION('',(1.,0.,0.));
#5380=DIRECTION('',(1.,0.,0.));
#5381=DIRECTION('',(0.,-1.,0.));
#5382=DIRECTION('',(0.,0.,1.));
#5383=DIRECTION('',(0.,-1.,0.));
#5384=DIRECTION('',(0.,0.,1.));
#5385=DIRECTION('',(0.,0.,-1.));
#5386=DIRECTION('',(0.,1.,0.));
#5387=DIRECTION('',(1.,0.,0.));
#5388=DIRECTION('',(-1.,0.,1.2708596893603E-16));
#5389=DIRECTION('',(1.2708596893603E-16,0.,1.));
#5390=DIRECTION('',(-1.,0.,1.2708596893603E-16));
#5391=DIRECTION('',(1.2708596893603E-16,0.,1.));
#5392=DIRECTION('',(-1.,0.,1.2708596893603E-16));
#5393=DIRECTION('',(1.2708596893603E-16,0.,1.));
#5394=DIRECTION('',(-1.,0.,1.2708596893603E-16));
#5395=DIRECTION('',(1.2708596893603E-16,0.,1.));
#5396=DIRECTION('',(-1.,0.,1.2708596893603E-16));
#5397=DIRECTION('',(-1.,0.,1.2708596893603E-16));
#5398=DIRECTION('',(1.2708596893603E-16,0.,1.));
#5399=DIRECTION('',(-1.,0.,1.2708596893603E-16));
#5400=DIRECTION('',(1.2708596893603E-16,0.,1.));
#5401=DIRECTION('',(1.,0.,-1.2708596893603E-16));
#5402=DIRECTION('',(-1.2708596893603E-16,0.,-1.));
#5403=DIRECTION('',(-1.,0.,1.2708596893603E-16));
#5404=DIRECTION('',(1.2708596893603E-16,0.,1.));
#5405=DIRECTION('',(1.,0.,-1.2708596893603E-16));
#5406=DIRECTION('',(-1.,0.,1.2708596893603E-16));
#5407=DIRECTION('',(1.2708596893603E-16,0.,1.));
#5408=DIRECTION('',(-1.,0.,1.2708596893603E-16));
#5409=DIRECTION('',(1.2708596893603E-16,0.,1.));
#5410=DIRECTION('',(1.,0.,-1.2708596893603E-16));
#5411=DIRECTION('',(-1.2708596893603E-16,0.,-1.));
#5412=DIRECTION('',(-1.,0.,1.2708596893603E-16));
#5413=DIRECTION('',(1.2708596893603E-16,0.,1.));
#5414=DIRECTION('',(0.,1.,0.));
#5415=DIRECTION('',(1.,0.,0.));
#5416=DIRECTION('',(0.,1.,0.));
#5417=DIRECTION('',(1.,0.,0.));
#5418=DIRECTION('',(0.,1.,0.));
#5419=DIRECTION('',(1.,0.,0.));
#5420=DIRECTION('',(0.,1.,0.));
#5421=DIRECTION('',(1.,0.,0.));
#5422=DIRECTION('',(0.,0.,-1.));
#5423=DIRECTION('',(0.,0.,1.));
#5424=DIRECTION('',(0.,-1.,0.));
#5425=DIRECTION('',(0.685521375142939,0.,-0.728052501006716));
#5426=DIRECTION('',(-0.728052501006716,0.,-0.685521375142939));
#5427=DIRECTION('',(0.,-1.,0.));
#5428=DIRECTION('',(0.728052501006716,0.,0.685521375142939));
#5429=DIRECTION('',(0.,-1.,0.));
#5430=DIRECTION('',(1.,0.,0.));
#5431=DIRECTION('',(0.,-1.,0.));
#5432=DIRECTION('',(0.,0.,1.));
#5433=DIRECTION('',(0.,-1.,0.));
#5434=DIRECTION('',(-0.624390243902439,0.,0.781112554834099));
#5435=DIRECTION('',(0.781112554834098,0.,0.624390243902439));
#5436=DIRECTION('',(-0.781112554834098,0.,-0.624390243902439));
#5437=DIRECTION('',(0.624390243902439,0.,0.781112554834099));
#5438=DIRECTION('',(0.781112554834099,0.,-0.624390243902439));
#5439=DIRECTION('',(-0.781112554834099,0.,0.624390243902439));
#5440=DIRECTION('',(0.,-1.,0.));
#5441=DIRECTION('',(1.,0.,0.));
#5442=DIRECTION('',(0.,-1.,0.));
#5443=DIRECTION('',(0.,0.,1.));
#5444=DIRECTION('',(0.,-1.,0.));
#5445=DIRECTION('',(-0.685521375142938,0.,-0.728052501006716));
#5446=DIRECTION('',(-0.728052501006716,0.,0.685521375142938));
#5447=DIRECTION('',(0.728052501006716,0.,-0.685521375142938));
#5448=DIRECTION('',(0.,-1.,0.));
#5449=DIRECTION('',(1.,0.,0.));
#5450=DIRECTION('',(0.,-1.,0.));
#5451=DIRECTION('',(0.,0.,1.));
#5452=DIRECTION('',(0.,1.,0.));
#5453=DIRECTION('',(1.,0.,0.));
#5454=DIRECTION('',(-1.,0.,1.42208662050103E-16));
#5455=DIRECTION('',(1.42208662050103E-16,0.,1.));
#5456=DIRECTION('',(-1.,0.,1.42208662050103E-16));
#5457=DIRECTION('',(1.42208662050103E-16,0.,1.));
#5458=DIRECTION('',(0.,-1.,0.));
#5459=DIRECTION('',(-1.,0.,0.));
#5460=DIRECTION('',(0.,1.,0.));
#5461=DIRECTION('',(-1.,0.,0.));
#5462=DIRECTION('',(0.,1.,0.));
#5463=DIRECTION('',(0.,0.,-1.));
#5464=DIRECTION('',(0.,-1.,0.));
#5465=DIRECTION('',(0.,-1.,0.));
#5466=DIRECTION('',(0.,0.,-1.));
#5467=DIRECTION('',(-1.,0.,0.));
#5468=DIRECTION('',(0.,1.,0.));
#5469=DIRECTION('',(0.,-1.,0.));
#5470=DIRECTION('',(0.,0.,-1.));
#5471=DIRECTION('',(0.,1.,0.));
#5472=DIRECTION('',(0.,-1.,0.));
#5473=DIRECTION('',(1.,0.,0.));
#5474=DIRECTION('',(0.,-1.,0.));
#5475=DIRECTION('',(0.,-1.,0.));
#5476=DIRECTION('',(1.,0.,0.));
#5477=DIRECTION('',(0.,-1.,0.));
#5478=DIRECTION('',(1.21667574911625E-16,1.,0.));
#5479=DIRECTION('',(1.,-1.21667574911625E-16,0.));
#5480=DIRECTION('',(0.,0.,-1.));
#5481=DIRECTION('',(1.,-1.21667574911625E-16,0.));
#5482=DIRECTION('',(0.,0.,-1.));
#5483=DIRECTION('',(1.,0.,0.));
#5484=DIRECTION('',(0.,-1.,0.));
#5485=DIRECTION('',(0.,0.,-1.));
#5486=DIRECTION('',(0.,-1.,0.));
#5487=DIRECTION('',(1.02456905188737E-16,1.,0.));
#5488=DIRECTION('',(1.,-1.02456905188737E-16,0.));
#5489=DIRECTION('',(0.,0.,-1.));
#5490=DIRECTION('',(1.,-1.02456905188737E-16,0.));
#5491=DIRECTION('',(1.,-4.95635278850516E-16,0.));
#5492=DIRECTION('',(-4.95635278850516E-16,-1.,0.));
#5493=DIRECTION('',(-4.95635278850516E-16,-1.,0.));
#5494=DIRECTION('',(0.,0.,-1.));
#5495=DIRECTION('',(-1.,0.,0.));
#5496=DIRECTION('',(0.,0.,1.));
#5497=DIRECTION('',(0.,-1.,0.));
#5498=DIRECTION('',(-1.,0.,0.));
#5499=DIRECTION('',(-1.,0.,0.));
#5500=DIRECTION('',(0.,-1.,0.));
#5501=DIRECTION('',(0.,1.,0.));
#5502=DIRECTION('',(1.,0.,0.));
#5503=DIRECTION('',(0.,0.,1.));
#5504=DIRECTION('',(0.,0.,-1.));
#5505=DIRECTION('',(0.,1.,0.));
#5506=DIRECTION('',(0.,-1.,0.));
#5507=DIRECTION('',(1.,0.,0.));
#5508=DIRECTION('',(0.,-1.,0.));
#5509=DIRECTION('',(1.,0.,0.));
#5510=DIRECTION('',(0.,1.,0.));
#5511=DIRECTION('',(1.,0.,0.));
#5512=DIRECTION('',(0.,0.,-1.));
#5513=DIRECTION('',(-1.,0.,-8.67361737988397E-16));
#5514=DIRECTION('',(0.,0.,1.));
#5515=DIRECTION('',(0.,0.,-1.));
#5516=DIRECTION('',(0.,1.,0.));
#5517=DIRECTION('',(1.,0.,0.));
#5518=DIRECTION('',(0.,-1.,0.));
#5519=DIRECTION('',(1.,0.,0.));
#5520=DIRECTION('',(0.,-1.,0.));
#5521=DIRECTION('',(1.,0.,0.));
#5522=DIRECTION('',(0.,-1.,0.));
#5523=DIRECTION('',(1.,0.,0.));
#5524=DIRECTION('',(0.,-1.,0.));
#5525=DIRECTION('',(0.,0.,1.));
#5526=DIRECTION('',(1.,0.,0.));
#5527=DIRECTION('',(0.,-1.,0.));
#5528=DIRECTION('',(0.,0.,1.));
#5529=DIRECTION('',(0.,0.,1.));
#5530=DIRECTION('',(-1.,0.,0.));
#5531=DIRECTION('',(0.,1.,0.));
#5532=DIRECTION('',(-1.,0.,0.));
#5533=DIRECTION('',(0.,1.,0.));
#5534=DIRECTION('',(0.,0.,-1.));
#5535=DIRECTION('',(0.,0.,-1.));
#5536=DIRECTION('',(0.,1.,0.));
#5537=DIRECTION('',(1.,0.,0.));
#5538=DIRECTION('',(0.,0.,1.));
#5539=DIRECTION('',(0.,-1.,0.));
#5540=DIRECTION('',(0.,-1.,0.));
#5541=DIRECTION('',(-1.,0.,0.));
#5542=DIRECTION('',(0.,-1.,0.));
#5543=DIRECTION('',(-1.,0.,0.));
#5544=DIRECTION('',(0.,1.,0.));
#5545=DIRECTION('',(1.,0.,0.));
#5546=DIRECTION('',(0.,0.,1.));
#5547=DIRECTION('',(0.,0.,1.));
#5548=DIRECTION('',(0.,0.,1.));
#5549=DIRECTION('',(0.,-1.,0.));
#5550=DIRECTION('',(-1.,0.,0.));
#5551=DIRECTION('',(0.,-1.,0.));
#5552=DIRECTION('',(1.,0.,0.));
#5553=DIRECTION('',(0.,-1.,0.));
#5554=DIRECTION('',(1.,0.,0.));
#5555=DIRECTION('',(0.,-1.,0.));
#5556=DIRECTION('',(0.,0.,1.));
#5557=DIRECTION('',(-1.,0.,0.));
#5558=DIRECTION('',(0.,1.,0.));
#5559=DIRECTION('',(0.,0.,-1.));
#5560=DIRECTION('',(0.,1.,0.));
#5561=DIRECTION('',(-1.,0.,0.));
#5562=DIRECTION('',(0.,1.,0.));
#5563=DIRECTION('',(0.,0.,-1.));
#5564=DIRECTION('',(0.,1.,0.));
#5565=DIRECTION('',(0.,-1.,0.));
#5566=DIRECTION('',(1.,0.,0.));
#5567=DIRECTION('',(0.,-1.,0.));
#5568=DIRECTION('',(1.,0.,0.));
#5569=DIRECTION('',(0.,1.,0.));
#5570=DIRECTION('',(1.,0.,0.));
#5571=DIRECTION('',(0.,0.,1.));
#5572=DIRECTION('',(0.,0.,-1.));
#5573=DIRECTION('',(1.,0.,0.));
#5574=DIRECTION('',(0.,-1.,0.));
#5575=DIRECTION('',(0.,0.,1.));
#5576=DIRECTION('',(1.,0.,0.));
#5577=DIRECTION('',(0.,-1.,0.));
#5578=DIRECTION('',(0.,0.,1.));
#5579=DIRECTION('',(0.,-1.,0.));
#5580=DIRECTION('',(0.,0.,-1.));
#5581=DIRECTION('',(0.,1.,0.));
#5582=DIRECTION('',(1.,0.,0.));
#5583=DIRECTION('',(0.,-1.,0.));
#5584=DIRECTION('',(1.,0.,0.));
#5585=DIRECTION('',(-1.,0.,0.));
#5586=DIRECTION('',(0.,1.,0.));
#5587=DIRECTION('',(-1.,0.,0.));
#5588=DIRECTION('',(0.,1.,0.));
#5589=DIRECTION('',(0.,0.,-1.));
#5590=DIRECTION('',(-1.,0.,0.));
#5591=DIRECTION('',(0.,1.,0.));
#5592=DIRECTION('',(0.,0.,-1.));
#5593=DIRECTION('',(0.,0.,-1.));
#5594=DIRECTION('',(0.,1.,0.));
#5595=DIRECTION('',(1.,0.,0.));
#5596=DIRECTION('',(-1.,0.,8.67361737988391E-16));
#5597=DIRECTION('',(1.,0.,0.));
#5598=DIRECTION('',(0.,-1.,0.));
#5599=DIRECTION('',(0.,-1.,0.));
#5600=DIRECTION('',(0.,-1.,0.));
#5601=DIRECTION('',(0.,0.,1.));
#5602=DIRECTION('',(1.,0.,0.));
#5603=DIRECTION('',(0.,-1.,0.));
#5604=DIRECTION('',(1.,0.,0.));
#5605=DIRECTION('',(0.,-1.,0.));
#5606=DIRECTION('',(0.,0.,1.));
#5607=DIRECTION('',(0.,-1.,0.));
#5608=DIRECTION('',(0.,0.,1.));
#5609=DIRECTION('',(0.,-1.,0.));
#5610=DIRECTION('',(-1.,0.,0.));
#5611=DIRECTION('',(0.,1.,0.));
#5612=DIRECTION('',(1.,0.,0.));
#5613=DIRECTION('',(0.,1.,0.));
#5614=DIRECTION('',(1.,0.,0.));
#5615=DIRECTION('',(0.,1.,0.));
#5616=DIRECTION('',(1.,0.,0.));
#5617=DIRECTION('',(0.,1.,0.));
#5618=DIRECTION('',(1.,0.,0.));
#5619=DIRECTION('',(1.,0.,8.67361737988397E-16));
#5620=DIRECTION('',(8.67361737988397E-16,0.,-1.));
#5621=DIRECTION('',(1.,0.,0.));
#5622=DIRECTION('',(0.,-1.,0.));
#5623=DIRECTION('',(1.,0.,8.67361737988415E-16));
#5624=DIRECTION('',(8.67361737988415E-16,0.,-1.));
#5625=DIRECTION('',(-1.,0.,8.67361737988415E-16));
#5626=DIRECTION('',(8.67361737988415E-16,0.,1.));
#5627=DIRECTION('',(-1.,0.,8.67361737988391E-16));
#5628=DIRECTION('',(8.67361737988391E-16,0.,1.));
#5629=DIRECTION('',(-1.,0.,0.));
#5630=DIRECTION('',(0.,1.,0.));
#5631=DIRECTION('',(0.,0.,-1.));
#5632=DIRECTION('',(0.,1.,0.));
#5633=DIRECTION('',(0.,-1.,0.));
#5634=DIRECTION('',(0.,0.,-1.));
#5635=DIRECTION('',(0.,1.,0.));
#5636=DIRECTION('',(1.,0.,0.));
#5637=DIRECTION('',(0.,-1.,0.));
#5638=DIRECTION('',(0.,-1.,0.));
#5639=DIRECTION('',(0.,0.,1.));
#5640=DIRECTION('',(0.,0.,-1.));
#5641=DIRECTION('',(0.,1.,0.));
#5642=DIRECTION('',(0.,0.,-1.));
#5643=DIRECTION('',(0.,1.,0.));
#5644=DIRECTION('',(-1.,0.,0.));
#5645=DIRECTION('',(0.,1.,0.));
#5646=DIRECTION('',(0.,-1.,0.));
#5647=DIRECTION('',(0.,0.,-1.));
#5648=DIRECTION('',(0.,0.,1.));
#5649=DIRECTION('',(0.,-1.,0.));
#5650=DIRECTION('',(-1.,0.,0.));
#5651=DIRECTION('',(0.,1.,0.));
#5652=DIRECTION('',(1.,0.,0.));
#5653=DIRECTION('',(-1.,0.,1.81172164592878E-16));
#5654=DIRECTION('',(1.,0.,0.));
#5655=DIRECTION('',(0.,-1.,0.));
#5656=DIRECTION('',(0.,0.,1.));
#5657=DIRECTION('',(0.,-1.,0.));
#5658=DIRECTION('',(0.,0.,1.));
#5659=DIRECTION('',(0.,-1.,0.));
#5660=DIRECTION('',(-1.,0.,0.));
#5661=DIRECTION('',(0.,1.,0.));
#5662=DIRECTION('',(1.,0.,0.));
#5663=DIRECTION('',(-1.,0.,9.05860822964392E-17));
#5664=DIRECTION('',(-1.,0.,9.05860822964392E-17));
#5665=DIRECTION('',(9.05860822964392E-17,0.,1.));
#5666=DIRECTION('',(0.,0.,1.));
#5667=DIRECTION('',(0.,-1.,0.));
#5668=DIRECTION('',(1.,0.,-1.81172164592878E-16));
#5669=DIRECTION('',(-1.81172164592878E-16,0.,-1.));
#5670=DIRECTION('',(0.,-1.,0.));
#5671=DIRECTION('',(-1.,0.,0.));
#5672=DIRECTION('',(0.,-1.,0.));
#5673=DIRECTION('',(1.,0.,0.));
#5674=DIRECTION('',(0.,-1.,0.));
#5675=DIRECTION('',(1.,0.,0.));
#5676=DIRECTION('',(0.,1.,0.));
#5677=DIRECTION('',(1.,0.,0.));
#5678=DIRECTION('',(0.,-1.,0.));
#5679=DIRECTION('',(-1.,0.,0.));
#5680=DIRECTION('',(0.,1.,0.));
#5681=DIRECTION('',(1.,0.,0.));
#5682=DIRECTION('',(0.,1.,0.));
#5683=DIRECTION('',(1.,0.,0.));
#5684=DIRECTION('',(0.,1.,0.));
#5685=DIRECTION('',(1.,0.,0.));
#5686=DIRECTION('',(0.,1.,0.));
#5687=DIRECTION('',(1.,0.,0.));
#5688=DIRECTION('',(0.,1.,0.));
#5689=DIRECTION('',(1.,0.,0.));
#5690=DIRECTION('',(0.,-1.,0.));
#5691=DIRECTION('',(-1.,0.,0.));
#5692=DIRECTION('',(0.,-1.,0.));
#5693=DIRECTION('',(1.,0.,0.));
#5694=DIRECTION('',(0.,1.,0.));
#5695=DIRECTION('',(1.,0.,0.));
#5696=DIRECTION('',(0.,-1.,0.));
#5697=DIRECTION('',(-1.,0.,0.));
#5698=DIRECTION('',(0.,-1.,0.));
#5699=DIRECTION('',(1.,0.,0.));
#5700=DIRECTION('',(0.,1.,0.));
#5701=DIRECTION('',(1.,0.,0.));
#5702=DIRECTION('',(0.,1.,0.));
#5703=DIRECTION('',(1.,0.,0.));
#5704=DIRECTION('',(0.,-1.,0.));
#5705=DIRECTION('',(-1.,0.,0.));
#5706=DIRECTION('',(0.,1.,0.));
#5707=DIRECTION('',(1.,0.,0.));
#5708=DIRECTION('',(0.,1.,0.));
#5709=DIRECTION('',(1.,0.,0.));
#5710=DIRECTION('',(0.,-1.,0.));
#5711=DIRECTION('',(-1.,0.,0.));
#5712=DIRECTION('',(0.,1.,0.));
#5713=DIRECTION('',(1.,0.,0.));
#5714=DIRECTION('',(0.,1.,0.));
#5715=DIRECTION('',(1.,0.,0.));
#5716=DIRECTION('',(0.,1.,0.));
#5717=DIRECTION('',(1.,0.,0.));
#5718=DIRECTION('',(0.,1.,0.));
#5719=DIRECTION('',(1.,0.,0.));
#5720=DIRECTION('',(0.,1.,0.));
#5721=DIRECTION('',(1.,0.,0.));
#5722=CARTESIAN_POINT('',(0.,0.,0.));
#5723=CARTESIAN_POINT('',(0.0804913718755851,0.0762089060165974,-1.7347234759768E-18));
#5724=CARTESIAN_POINT('',(0.0784743560482698,0.0708710285156744,-0.01079375));
#5725=CARTESIAN_POINT('',(0.0782244095216064,0.0702095642261821,-0.0116966973922441));
#5726=CARTESIAN_POINT('',(0.0787239976566889,0.071531685862448,-0.00989012773205558));
#5727=CARTESIAN_POINT('',(0.0787239976566889,0.071531685862448,-1.7347234759768E-18));
#5728=CARTESIAN_POINT('',(0.0787239976566889,0.071531685862448,-0.00829375));
#5729=CARTESIAN_POINT('',(0.0804913718755851,0.0762089060165974,-0.00829375));
#5730=CARTESIAN_POINT('',(0.073421875,0.0575000254,-0.00829375));
#5731=CARTESIAN_POINT('',(0.073421875,0.0575000254,-1.7347234759768E-18));
#5732=CARTESIAN_POINT('',(0.073421875,0.0575000254,-0.0116966973922441));
#5733=CARTESIAN_POINT('',(0.0804913718755851,0.0762089060165974,-0.0116966973922441));
#5734=CARTESIAN_POINT('',(0.0738788781608952,0.0587094491721675,-0.0116966973922441));
#5735=CARTESIAN_POINT('',(0.0741288246875585,0.0593709134616598,-0.01079375));
#5736=CARTESIAN_POINT('',(0.0743787712142218,0.0600323777511521,-0.0116966973922441));
#5737=CARTESIAN_POINT('',(0.0804913718755851,0.0762089060165974,-0.0116966973922441));
#5738=CARTESIAN_POINT('',(0.0788650513578267,0.0748673745915117,0.0129170862339543));
#5739=CARTESIAN_POINT('',(0.0724423395541088,0.0578701610011706,0.0129170862339543));
#5740=CARTESIAN_POINT('',(0.0791401879796198,0.0747634091256997,0.012856110009665));
#5741=CARTESIAN_POINT('',(0.0727174761759019,0.0577661955353586,0.012856110009665));
#5742=CARTESIAN_POINT('',(0.0796464429510084,0.074572111313082,0.0125409614046925));
#5743=CARTESIAN_POINT('',(0.0732237311472904,0.0575748977227409,0.0125409614046925));
#5744=CARTESIAN_POINT('',(0.079844586803718,0.0744972389903411,0.0119785098486407));
#5745=CARTESIAN_POINT('',(0.0734218750000001,0.0575000254,0.0119785098486407));
#5746=CARTESIAN_POINT('',(0.079844586803718,0.0744972389903411,0.0116966973922441));
#5747=CARTESIAN_POINT('',(0.0734218750000001,0.0575000254,0.0116966973922441));
#5748=CARTESIAN_POINT('',(0.0787241861124491,0.0715321846765847,0.0116969552565987));
#5749=CARTESIAN_POINT('',(0.0786527226074841,0.0713431606563499,0.0118550899956601));
#5750=CARTESIAN_POINT('',(0.0784263802010927,0.07088936990456,0.0120262496679559));
#5751=CARTESIAN_POINT('',(0.0782958221944324,0.0703985523810572,0.0118549106683957));
#5752=CARTESIAN_POINT('',(0.0782244095216065,0.0702095642261821,0.0116966973922441));
#5753=CARTESIAN_POINT('',(0.078724186112449,0.0715321846765847,0.0116969552565987));
#5754=CARTESIAN_POINT('',(0.0782244095216065,0.0702095642261821,0.0116966973922441));
#5755=CARTESIAN_POINT('',(0.0787241861125456,0.0715321846768404,0.0116969552560336));
#5756=CARTESIAN_POINT('',(0.0789100820185929,0.0720243026322401,0.0119513521740838));
#5757=CARTESIAN_POINT('',(0.0791297359932917,0.0730741082311827,0.0124629503867838));
#5758=CARTESIAN_POINT('',(0.079000569360804,0.0741995991396787,0.0128418701397398));
#5759=CARTESIAN_POINT('',(0.0788267449255978,0.0747659995601578,0.0129170862339543));
#5760=CARTESIAN_POINT('',(0.0788267449255978,0.0747659995601578,0.0129170862339543));
#5761=CARTESIAN_POINT('',(0.0795118364296939,0.0765790416177679,0.0129170862339543));
#5762=CARTESIAN_POINT('',(0.0724423395541087,0.0578701610011706,0.0129170862339543));
#5763=CARTESIAN_POINT('',(0.072171875,0.0579723610397198,0.0116966973922441));
#5764=CARTESIAN_POINT('',(0.073421875,0.0575000254,0.0116966973922441));
#5765=CARTESIAN_POINT('',(0.0804913718755851,0.0762089060165974,0.0116966973922441));
#5766=CARTESIAN_POINT('',(0.0738788781608952,0.0587094491721674,0.0116966973922441));
#5767=CARTESIAN_POINT('',(0.0743787712142218,0.0600323777511521,0.0116966973922441));
#5768=CARTESIAN_POINT('',(0.0743073365453456,0.0598433313854191,0.0118549594001829));
#5769=CARTESIAN_POINT('',(0.0740809141453791,0.0593894770205912,0.0120262934324493));
#5770=CARTESIAN_POINT('',(0.0739503102368761,0.0588984886760021,0.0118549536556778));
#5771=CARTESIAN_POINT('',(0.0738788781608952,0.0587094491721674,0.0116966973922441));
#5772=CARTESIAN_POINT('',(0.0743787712142218,0.0600323777511521,0.0116966973922441));
#5773=CARTESIAN_POINT('',(0.0804913718755851,0.0762089060165974,0.0116966973922441));
#5774=CARTESIAN_POINT('',(0.0804913718755851,0.0762089060165974,-1.7347234759768E-18));
#5775=CARTESIAN_POINT('',(0.0804913718755851,0.0762089060165974,0.00829375));
#5776=CARTESIAN_POINT('',(0.0787239976566889,0.071531685862448,0.00829375));
#5777=CARTESIAN_POINT('',(0.073421875,0.0575000254,0.00829375));
#5778=CARTESIAN_POINT('',(0.0787239976566889,0.071531685862448,-1.7347234759768E-18));
#5779=CARTESIAN_POINT('',(0.0787239976566889,0.071531685862448,0.00989012773205558));
#5780=CARTESIAN_POINT('',(0.0784743560482698,0.0708710285156744,0.01079375));
#5781=CARTESIAN_POINT('',(0.0741288246875585,0.0593709134616598,0.01079375));
#5782=CARTESIAN_POINT('',(0.073421875,0.0575000254,-1.7347234759768E-18));
#5783=CARTESIAN_POINT('',(0.0367109375,0.0575,0.00429613104821889));
#5784=CARTESIAN_POINT('',(0.073421875,0.0575,-1.7347234759768E-18));
#5785=CARTESIAN_POINT('',(0.073421875,0.0575,-0.00829375));
#5786=CARTESIAN_POINT('',(0.073421875,0.0575,0.00829375));
#5787=CARTESIAN_POINT('',(0.069275,0.0575,-0.00829375));
#5788=CARTESIAN_POINT('',(0.065128125,0.0575,-0.00829375));
#5789=CARTESIAN_POINT('',(0.065128125,0.0575,-0.01079375));
#5790=CARTESIAN_POINT('',(0.065128125,0.0575,-0.01329375));
#5791=CARTESIAN_POINT('',(0.069275,0.0575,-0.01329375));
#5792=CARTESIAN_POINT('',(0.0707427591463414,0.0575,-0.01329375));
#5793=CARTESIAN_POINT('',(0.0556729569980861,0.0575,-0.0166335439896133));
#5794=CARTESIAN_POINT('',(0.0389035744420635,0.0575,-0.0203500017452724));
#5795=CARTESIAN_POINT('',(0.0386331098879548,0.0575,-0.0191296129035622));
#5796=CARTESIAN_POINT('',(0.0378526220830767,0.0575,-0.0201060035971049));
#5797=CARTESIAN_POINT('',(0.0302403461025139,0.0575,-0.0140210535771096));
#5798=CARTESIAN_POINT('',(0.0252100057610148,0.0575,-0.01));
#5799=CARTESIAN_POINT('',(0.073423875,0.0575,-0.01));
#5800=CARTESIAN_POINT('',(0.0226280701219513,0.0575,-0.01));
#5801=CARTESIAN_POINT('',(0.0226280701219513,0.0575,-0.00547114933953283));
#5802=CARTESIAN_POINT('',(0.0226280701219513,0.0575,0.01));
#5803=CARTESIAN_POINT('',(0.073423875,0.0575,0.01));
#5804=CARTESIAN_POINT('',(0.0252100057610148,0.0575,0.01));
#5805=CARTESIAN_POINT('',(0.0302403461025139,0.0575,0.0140210535771096));
#5806=CARTESIAN_POINT('',(0.0378526220830767,0.0575,0.0201060035971049));
#5807=CARTESIAN_POINT('',(0.0386331098879548,0.0575,0.0191296129035622));
#5808=CARTESIAN_POINT('',(0.0389035744420635,0.0575,0.0203500017452724));
#5809=CARTESIAN_POINT('',(0.0556729569980861,0.0575,0.0166335439896133));
#5810=CARTESIAN_POINT('',(0.0707427591463414,0.0575,0.01329375));
#5811=CARTESIAN_POINT('',(0.069275,0.0575,0.01329375));
#5812=CARTESIAN_POINT('',(0.065128125,0.0575,0.01329375));
#5813=CARTESIAN_POINT('',(0.065128125,0.0575,0.01079375));
#5814=CARTESIAN_POINT('',(0.065128125,0.0575,0.00829375));
#5815=CARTESIAN_POINT('',(0.069275,0.0575,0.00829375));
#5816=CARTESIAN_POINT('',(0.0226280701219513,0.0575,0.00546960215984522));
#5817=CARTESIAN_POINT('',(0.0226280701219513,0.054975,0.0075));
#5818=CARTESIAN_POINT('',(0.0226280701219513,0.056121875,0.0075));
#5819=CARTESIAN_POINT('',(0.0226280701219513,0.05245,-1.54717968761089E-6));
#5820=CARTESIAN_POINT('',(0.0226280701219513,0.05245,-0.00793610355711445));
#5821=CARTESIAN_POINT('',(0.0226280701219513,0.05245,0.00793610355711444));
#5822=CARTESIAN_POINT('',(0.0226280701219513,0.05245,0.));
#5823=CARTESIAN_POINT('',(0.0226280701219513,0.05245,0.01));
#5824=CARTESIAN_POINT('',(0.0226280701219513,0.054975,0.01));
#5825=CARTESIAN_POINT('',(0.0226280701219513,0.054975,-0.01));
#5826=CARTESIAN_POINT('',(0.0226280701219513,0.05245,-0.01));
#5827=CARTESIAN_POINT('',(0.0226280701219513,0.05245,0.));
#5828=CARTESIAN_POINT('',(0.0226280701219513,0.054975,-0.0075));
#5829=CARTESIAN_POINT('',(0.0226280701219513,0.056121875,-0.0075));
#5830=CARTESIAN_POINT('',(0.0302403461025139,0.0575,-0.0140210535771096));
#5831=CARTESIAN_POINT('',(0.0252100057610148,0.054975,-0.01));
#5832=CARTESIAN_POINT('',(0.0252100057610148,0.05245,-0.01));
#5833=CARTESIAN_POINT('',(0.0378526220830767,0.0575,-0.0201060035971049));
#5834=CARTESIAN_POINT('',(0.0378526220830767,0.035,-0.0201060035971049));
#5835=CARTESIAN_POINT('',(0.0302403461025139,0.035,-0.0140210535771096));
#5836=CARTESIAN_POINT('',(0.0226280701219513,0.035,-0.00793610355711445));
#5837=CARTESIAN_POINT('',(0.0226280701219513,0.05245,-0.00793610355711445));
#5838=CARTESIAN_POINT('',(0.0497498721921475,0.05245,-0.0296161911512517));
#5839=CARTESIAN_POINT('',(0.0226280701219513,0.05245,-1.54717968761089E-6));
#5840=CARTESIAN_POINT('',(0.0226280701219513,0.035,-0.00547114933953283));
#5841=CARTESIAN_POINT('',(0.0226280701219513,0.035,-0.00300619512195121));
#5842=CARTESIAN_POINT('',(0.0226280701219513,0.057502,-0.00300619512195121));
#5843=CARTESIAN_POINT('',(0.0226280701219513,0.01635,-0.00300619512195121));
#5844=CARTESIAN_POINT('',(0.0226280701219513,0.01635,-1.54717968761089E-6));
#5845=CARTESIAN_POINT('',(0.0226280701219513,0.01635,-0.00793610355711445));
#5846=CARTESIAN_POINT('',(0.0226280701219513,0.05245,-0.00793610355711445));
#5847=CARTESIAN_POINT('',(0.063641875,0.055,-1.99493199737333E-17));
#5848=CARTESIAN_POINT('',(0.063641875,0.05,-1.99493199737333E-17));
#5849=CARTESIAN_POINT('',(0.063641875,0.05,-0.005));
#5850=CARTESIAN_POINT('',(0.063641875,0.05,0.005));
#5851=CARTESIAN_POINT('',(0.063641875,0.055,-0.005));
#5852=CARTESIAN_POINT('',(0.063641875,0.055,-0.005));
#5853=CARTESIAN_POINT('',(0.063641875,0.055,-1.99493199737333E-17));
#5854=CARTESIAN_POINT('',(0.063641875,0.055,-0.00679375));
#5855=CARTESIAN_POINT('',(0.063641875,0.055,-0.00679375));
#5856=CARTESIAN_POINT('',(0.063641875,0.038175,-0.00679375));
#5857=CARTESIAN_POINT('',(0.063641875,0.038175,-1.99493199737333E-17));
#5858=CARTESIAN_POINT('',(0.063641875,0.038175,0.00679375));
#5859=CARTESIAN_POINT('',(0.063641875,0.055,0.00679375));
#5860=CARTESIAN_POINT('',(0.063641875,0.055,0.00679375));
#5861=CARTESIAN_POINT('',(0.063641875,0.055,-1.99493199737333E-17));
#5862=CARTESIAN_POINT('',(0.063641875,0.055,0.005));
#5863=CARTESIAN_POINT('',(0.063641875,0.055,0.005));
#5864=CARTESIAN_POINT('',(0.0367109375,0.035,0.00429613104821889));
#5865=CARTESIAN_POINT('',(0.073421875,0.035,-1.7347234759768E-18));
#5866=CARTESIAN_POINT('',(0.073421875,0.035,-0.0116966973922441));
#5867=CARTESIAN_POINT('',(0.073421875,0.035,0.0116966973922441));
#5868=CARTESIAN_POINT('',(0.072171875,0.035,0.0116966973922441));
#5869=CARTESIAN_POINT('',(0.0724423395541087,0.035,0.0129170862339543));
#5870=CARTESIAN_POINT('',(0.0556729569980861,0.035,0.0166335439896133));
#5871=CARTESIAN_POINT('',(0.0389035744420635,0.035,0.0203500017452724));
#5872=CARTESIAN_POINT('',(0.0386331098879548,0.035,0.0191296129035622));
#5873=CARTESIAN_POINT('',(0.0378526220830767,0.035,0.0201060035971049));
#5874=CARTESIAN_POINT('',(0.0302403461025139,0.035,0.0140210535771096));
#5875=CARTESIAN_POINT('',(0.0226280701219513,0.035,0.00793610355711444));
#5876=CARTESIAN_POINT('',(0.0226280701219513,0.035,0.00546960215984522));
#5877=CARTESIAN_POINT('',(0.0226280701219513,0.035,0.00300310076257599));
#5878=CARTESIAN_POINT('',(0.0241249725609756,0.035,0.004501550381288));
#5879=CARTESIAN_POINT('',(0.025621875,0.035,0.006));
#5880=CARTESIAN_POINT('',(0.025621875,0.035,0.));
#5881=CARTESIAN_POINT('',(0.025621875,0.035,-0.006));
#5882=CARTESIAN_POINT('',(0.0241249725609756,0.035,-0.00450309756097561));
#5883=CARTESIAN_POINT('',(0.0386331098879548,0.035,-0.0191296129035622));
#5884=CARTESIAN_POINT('',(0.0389035744420635,0.035,-0.0203500017452724));
#5885=CARTESIAN_POINT('',(0.0556729569980861,0.035,-0.0166335439896133));
#5886=CARTESIAN_POINT('',(0.0724423395541088,0.035,-0.0129170862339543));
#5887=CARTESIAN_POINT('',(0.072171875,0.035,-0.0116966973922441));
#5888=CARTESIAN_POINT('',(0.034160625,0.035,-4.33680868994202E-18));
#5889=CARTESIAN_POINT('',(0.034160625,0.035,-0.00679375));
#5890=CARTESIAN_POINT('',(0.034160625,0.035,0.00679375));
#5891=CARTESIAN_POINT('',(0.051648125,0.035,0.00679375));
#5892=CARTESIAN_POINT('',(0.068341875,0.035,0.00679375));
#5893=CARTESIAN_POINT('',(0.068341875,0.035,-1.30104260698261E-17));
#5894=CARTESIAN_POINT('',(0.068341875,0.035,-0.00679375));
#5895=CARTESIAN_POINT('',(0.051648125,0.035,-0.00679375));
#5896=CARTESIAN_POINT('',(0.073421875,0.0575,-1.7347234759768E-18));
#5897=CARTESIAN_POINT('',(0.073421875,0.05,-1.7347234759768E-18));
#5898=CARTESIAN_POINT('',(0.073421875,0.05,0.005));
#5899=CARTESIAN_POINT('',(0.073421875,0.05,-0.005));
#5900=CARTESIAN_POINT('',(0.073421875,0.0575,0.005));
#5901=CARTESIAN_POINT('',(0.073421875,0.055,0.005));
#5902=CARTESIAN_POINT('',(0.073421875,0.055,-1.7347234759768E-18));
#5903=CARTESIAN_POINT('',(0.073421875,0.055,-0.005));
#5904=CARTESIAN_POINT('',(0.073421875,0.0575,-0.005));
#5905=CARTESIAN_POINT('',(0.073421875,0.0575,-0.0116966973922441));
#5906=CARTESIAN_POINT('',(0.073421875,0.0575000254,-0.00829375));
#5907=CARTESIAN_POINT('',(0.073421875,0.0575000254,0.00829375));
#5908=CARTESIAN_POINT('',(0.073421875,0.0575,0.0116966973922441));
#5909=CARTESIAN_POINT('',(0.072171875,0.0575,-0.0116966973922441));
#5910=CARTESIAN_POINT('',(0.0724423395541088,0.0575,-0.0129170862339543));
#5911=CARTESIAN_POINT('',(0.0724423395541088,0.0578701610011706,-0.0129170862339543));
#5912=CARTESIAN_POINT('',(0.072171875,0.0579723610397198,-0.0116966973922441));
#5913=CARTESIAN_POINT('',(0.0556729569980861,0.0575,-0.0166335439896133));
#5914=CARTESIAN_POINT('',(0.0389035744420635,0.0575,-0.0203500017452724));
#5915=CARTESIAN_POINT('',(0.0707427591463414,0.0575000254,-0.01329375));
#5916=CARTESIAN_POINT('',(0.0707427591463414,0.058512378920497,-0.01329375));
#5917=CARTESIAN_POINT('',(0.0577992095071013,0.0634033387597731,-0.0161623204605883));
#5918=CARTESIAN_POINT('',(0.0386331098879548,0.0575,-0.0191296129035622));
#5919=CARTESIAN_POINT('',(0.0302403461025139,0.0575,0.0140210535771096));
#5920=CARTESIAN_POINT('',(0.0252100057610148,0.054975,0.01));
#5921=CARTESIAN_POINT('',(0.0252100057610148,0.05245,0.01));
#5922=CARTESIAN_POINT('',(0.0497498721921475,0.05245,0.0296161911512517));
#5923=CARTESIAN_POINT('',(0.0226280701219513,0.05245,0.00793610355711444));
#5924=CARTESIAN_POINT('',(0.0378526220830767,0.0575,0.0201060035971049));
#5925=CARTESIAN_POINT('',(0.0386331098879548,0.0575,0.0191296129035622));
#5926=CARTESIAN_POINT('',(0.0389035744420635,0.0575,0.0203500017452724));
#5927=CARTESIAN_POINT('',(0.0556729569980861,0.0575,0.0166335439896133));
#5928=CARTESIAN_POINT('',(0.0724423395541087,0.0575,0.0129170862339543));
#5929=CARTESIAN_POINT('',(0.0577992095071013,0.0634033387597731,0.0161623204605883));
#5930=CARTESIAN_POINT('',(0.0707427591463415,0.058512378920497,0.01329375));
#5931=CARTESIAN_POINT('',(0.0707427591463414,0.0575,0.01329375));
#5932=CARTESIAN_POINT('',(0.072171875,0.0575,0.0116966973922441));
#5933=CARTESIAN_POINT('',(0.051648125,0.055,0.00679375));
#5934=CARTESIAN_POINT('',(0.034160625,0.038175,0.00679375));
#5935=CARTESIAN_POINT('',(0.034160625,0.038175,0.00679375));
#5936=CARTESIAN_POINT('',(0.037304375,0.038175,0.00679375));
#5937=CARTESIAN_POINT('',(0.039654375,0.038175,0.00679375));
#5938=CARTESIAN_POINT('',(0.039654375,0.055,0.00679375));
#5939=CARTESIAN_POINT('',(0.039654375,0.055,0.00679375));
#5940=CARTESIAN_POINT('',(0.051648125,0.055,0.00679375));
#5941=CARTESIAN_POINT('',(0.065991875,0.038175,0.00679375));
#5942=CARTESIAN_POINT('',(0.068341875,0.038175,0.00679375));
#5943=CARTESIAN_POINT('',(0.068341875,0.038175,0.00679375));
#5944=CARTESIAN_POINT('',(0.039654375,0.055,-1.38777878078145E-17));
#5945=CARTESIAN_POINT('',(0.039654375,0.055,-0.00679375));
#5946=CARTESIAN_POINT('',(0.039654375,0.055,-0.00679375));
#5947=CARTESIAN_POINT('',(0.039654375,0.038175,-0.00679375));
#5948=CARTESIAN_POINT('',(0.039654375,0.055,-1.38777878078145E-17));
#5949=CARTESIAN_POINT('',(0.039654375,0.038175,-1.38777878078145E-17));
#5950=CARTESIAN_POINT('',(0.051648125,0.055,-0.00679375));
#5951=CARTESIAN_POINT('',(0.068341875,0.038175,-0.00679375));
#5952=CARTESIAN_POINT('',(0.068341875,0.038175,-0.00679375));
#5953=CARTESIAN_POINT('',(0.065991875,0.038175,-0.00679375));
#5954=CARTESIAN_POINT('',(0.051648125,0.055,-0.00679375));
#5955=CARTESIAN_POINT('',(0.037304375,0.038175,-0.00679375));
#5956=CARTESIAN_POINT('',(0.034160625,0.038175,-0.00679375));
#5957=CARTESIAN_POINT('',(0.034160625,0.038175,-0.00679375));
#5958=CARTESIAN_POINT('',(0.0480249725609756,0.055,-6.93889390390723E-18));
#5959=CARTESIAN_POINT('',(0.170615542246134,0.055,-0.005));
#5960=CARTESIAN_POINT('',(0.170615542246134,0.055,0.005));
#5961=CARTESIAN_POINT('',(0.068341875,0.038175,-1.30104260698261E-17));
#5962=CARTESIAN_POINT('',(0.068341875,0.038175,-1.30104260698261E-17));
#5963=CARTESIAN_POINT('',(0.0480249725609756,0.038175,-6.93889390390723E-18));
#5964=CARTESIAN_POINT('',(0.065991875,0.038175,-1.00177261283384E-17));
#5965=CARTESIAN_POINT('',(0.064845,0.038175,-1.00177261283384E-17));
#5966=CARTESIAN_POINT('',(0.034160625,0.038175,-4.33680868994202E-18));
#5967=CARTESIAN_POINT('',(0.034160625,0.038175,-4.33680868994202E-18));
#5968=CARTESIAN_POINT('',(0.0480249725609756,0.038175,-6.93889390390723E-18));
#5969=CARTESIAN_POINT('',(0.037304375,0.038175,-9.18593017203423E-18));
#5970=CARTESIAN_POINT('',(0.0361575,0.038175,-9.18593017203423E-18));
#5971=CARTESIAN_POINT('',(0.037304375,0.0475,-9.18593017203423E-18));
#5972=CARTESIAN_POINT('',(0.037304375,0.0475,-9.18593017203423E-18));
#5973=CARTESIAN_POINT('',(0.0361575,0.0475,-9.18593017203423E-18));
#5974=CARTESIAN_POINT('',(0.0480249725609756,0.0475,-6.93889390390723E-18));
#5975=CARTESIAN_POINT('',(0.065991875,0.0475,-1.00177261283384E-17));
#5976=CARTESIAN_POINT('',(0.065991875,0.0475,-1.00177261283384E-17));
#5977=CARTESIAN_POINT('',(0.064845,0.0475,-1.00177261283384E-17));
#5978=CARTESIAN_POINT('',(0.0480249725609756,0.0475,-6.93889390390723E-18));
#5979=CARTESIAN_POINT('',(0.170615542246134,0.05,-9.54097911787244E-18));
#5980=CARTESIAN_POINT('',(0.170615542246134,0.05,-0.005));
#5981=CARTESIAN_POINT('',(0.170615542246134,0.05,0.005));
#5982=CARTESIAN_POINT('',(0.170615542246134,0.0525,-0.005));
#5983=CARTESIAN_POINT('',(0.170615542246134,0.0525,0.005));
#5984=CARTESIAN_POINT('',(0.0226280701219513,0.05245,-1.54717968761089E-6));
#5985=CARTESIAN_POINT('',(0.0226280701219513,0.057502,0.00300310076257599));
#5986=CARTESIAN_POINT('',(0.0226280701219513,0.01635,0.00300310076257599));
#5987=CARTESIAN_POINT('',(0.0226280701219513,0.05245,0.00793610355711444));
#5988=CARTESIAN_POINT('',(0.0226280701219513,0.01635,0.00793610355711444));
#5989=CARTESIAN_POINT('',(0.0226280701219513,0.01635,-1.54717968761089E-6));
#5990=CARTESIAN_POINT('',(0.028971875,0.05245,3.46944695195361E-18));
#5991=CARTESIAN_POINT('',(0.028971875,0.01635,3.46944695195361E-18));
#5992=CARTESIAN_POINT('',(0.028971875,0.05245,3.46944695195361E-18));
#5993=CARTESIAN_POINT('',(0.0367109375,0.05245,0.00429613104821889));
#5994=CARTESIAN_POINT('',(0.0367109375,0.01635,0.00429613104821889));
#5995=CARTESIAN_POINT('',(0.0241249725609756,0.01635,-0.00450309756097561));
#5996=CARTESIAN_POINT('',(0.025621875,0.01635,-0.006));
#5997=CARTESIAN_POINT('',(0.025621875,0.01635,0.));
#5998=CARTESIAN_POINT('',(0.025621875,0.01635,0.006));
#5999=CARTESIAN_POINT('',(0.0241249725609756,0.01635,0.004501550381288));
#6000=CARTESIAN_POINT('',(0.025621875,0.057502,0.));
#6001=CARTESIAN_POINT('',(0.025621875,0.057502,-0.006));
#6002=CARTESIAN_POINT('',(0.025621875,0.057502,0.006));
#6003=CARTESIAN_POINT('',(0.0241249725609756,0.057502,0.004501550381288));
#6004=CARTESIAN_POINT('',(0.0241249725609756,0.057502,-0.00450309756097561));
#6005=CARTESIAN_POINT('',(0.073423875,0.054975,0.01));
#6006=CARTESIAN_POINT('',(0.073423875,0.05245,0.01));
#6007=CARTESIAN_POINT('',(0.073423875,0.05245,0.));
#6008=CARTESIAN_POINT('',(0.073423875,0.05245,0.));
#6009=CARTESIAN_POINT('',(0.073423875,0.05245,-0.01));
#6010=CARTESIAN_POINT('',(0.073423875,0.054975,-0.01));
#6011=CARTESIAN_POINT('',(0.0326280701219512,0.054975,0.0075));
#6012=CARTESIAN_POINT('',(0.0326280701219512,0.054975,0.0075));
#6013=CARTESIAN_POINT('',(0.0326280701219512,0.056121875,0.0075));
#6014=CARTESIAN_POINT('',(0.0326280701219512,0.054975,0.));
#6015=CARTESIAN_POINT('',(0.0326280701219512,0.054975,-0.0075));
#6016=CARTESIAN_POINT('',(0.0326280701219512,0.054975,-0.0075));
#6017=CARTESIAN_POINT('',(0.0326280701219512,0.056121875,-0.0075));
#6018=CARTESIAN_POINT('',(0.0326280701219512,0.054975,0.));
#6019=CARTESIAN_POINT('',(0.069275,0.0575000254,0.01329375));
#6020=CARTESIAN_POINT('',(0.0778122560219266,0.0772212595370943,0.01329375));
#6021=CARTESIAN_POINT('',(0.0776428665885048,0.0767729834089095,0.01329375));
#6022=CARTESIAN_POINT('',(0.0740467775025395,0.0732990600813443,0.01329375));
#6023=CARTESIAN_POINT('',(0.0758141517214358,0.0779762802354936,0.01329375));
#6024=CARTESIAN_POINT('',(0.0768626259546482,0.0775800948373544,0.01329375));
#6025=CARTESIAN_POINT('',(0.0721976218755851,0.0793428529861381,0.01329375));
#6026=CARTESIAN_POINT('',(0.0721976218755851,0.0793428529861381,0.01329375));
#6027=CARTESIAN_POINT('',(0.065128125,0.0606339723695407,0.01329375));
#6028=CARTESIAN_POINT('',(0.065128125,0.0575000254,0.01329375));
#6029=CARTESIAN_POINT('',(0.069275,0.0575000254,0.00829375));
#6030=CARTESIAN_POINT('',(0.0768626259546482,0.0775800948373544,0.00829375));
#6031=CARTESIAN_POINT('',(0.0758141517214358,0.0779762802354936,0.00829375));
#6032=CARTESIAN_POINT('',(0.0721976218755851,0.0793428529861381,0.00829375));
#6033=CARTESIAN_POINT('',(0.0740467775025395,0.0732990600813443,0.00829375));
#6034=CARTESIAN_POINT('',(0.065128125,0.0575000254,0.00829375));
#6035=CARTESIAN_POINT('',(0.065128125,0.0606339723695407,0.00829375));
#6036=CARTESIAN_POINT('',(0.0721976218755851,0.0793428529861381,0.00829375));
#6037=CARTESIAN_POINT('',(0.065128125,0.0575000254,0.01079375));
#6038=CARTESIAN_POINT('',(0.065128125,0.0606339723695407,0.01079375));
#6039=CARTESIAN_POINT('',(0.069275,0.0575000254,-0.01329375));
#6040=CARTESIAN_POINT('',(0.0768626259546482,0.0775800948373544,-0.01329375));
#6041=CARTESIAN_POINT('',(0.0758141517214358,0.0779762802354936,-0.01329375));
#6042=CARTESIAN_POINT('',(0.0721976218755851,0.0793428529861381,-0.01329375));
#6043=CARTESIAN_POINT('',(0.0740467775025395,0.0732990600813443,-0.01329375));
#6044=CARTESIAN_POINT('',(0.0776428665885048,0.0767729834089095,-0.01329375));
#6045=CARTESIAN_POINT('',(0.0778122560219266,0.0772212595370943,-0.01329375));
#6046=CARTESIAN_POINT('',(0.065128125,0.0575000254,-0.01329375));
#6047=CARTESIAN_POINT('',(0.065128125,0.0606339723695407,-0.01329375));
#6048=CARTESIAN_POINT('',(0.0721976218755851,0.0793428529861381,-0.01329375));
#6049=CARTESIAN_POINT('',(0.065128125,0.0575000254,-0.01079375));
#6050=CARTESIAN_POINT('',(0.065128125,0.0575000254,-0.00829375));
#6051=CARTESIAN_POINT('',(0.065128125,0.0606339723695407,-0.00829375));
#6052=CARTESIAN_POINT('',(0.065128125,0.0606339723695407,-0.01079375));
#6053=CARTESIAN_POINT('',(0.069275,0.0575000254,-0.00829375));
#6054=CARTESIAN_POINT('',(0.0740467775025395,0.0732990600813443,-0.00829375));
#6055=CARTESIAN_POINT('',(0.0758141517214358,0.0779762802354936,-0.00829375));
#6056=CARTESIAN_POINT('',(0.0768626259546482,0.0775800948373544,-0.00829375));
#6057=CARTESIAN_POINT('',(0.0721976218755851,0.0793428529861381,-0.00829375));
#6058=CARTESIAN_POINT('',(0.0721976218755851,0.0793428529861381,-0.00829375));
#6059=CARTESIAN_POINT('',(0.0648687063826865,0.0821122193763705,-0.0161623204605883));
#6060=CARTESIAN_POINT('',(0.0740467775025395,0.0732990600813443,-0.0137365731152439));
#6061=CARTESIAN_POINT('',(0.0788267449255978,0.0747659995601578,-0.0129170862339543));
#6062=CARTESIAN_POINT('',(0.0795118364296939,0.0765790416177679,-0.0129170862339543));
#6063=CARTESIAN_POINT('',(0.0721976218755851,0.0793428529861381,-0.01079375));
#6064=CARTESIAN_POINT('',(0.0701806060482698,0.0740049754852152,-0.01079375));
#6065=CARTESIAN_POINT('',(0.0705859975097291,0.0750778128580732,-0.01079375));
#6066=CARTESIAN_POINT('',(0.0658350746875585,0.0625048604312005,-0.01079375));
#6067=CARTESIAN_POINT('',(0.0662404661490178,0.0635776978040585,-0.01079375));
#6068=CARTESIAN_POINT('',(0.0721976218755851,0.0793428529861381,-0.01079375));
#6069=CARTESIAN_POINT('',(0.079844586803718,0.0744972389903411,-0.0116966973922441));
#6070=CARTESIAN_POINT('',(0.073421875,0.0575000254,-0.0116966973922441));
#6071=CARTESIAN_POINT('',(0.079844586803718,0.0744972389903411,-0.0119785098486407));
#6072=CARTESIAN_POINT('',(0.073421875,0.0575000254,-0.0119785098486407));
#6073=CARTESIAN_POINT('',(0.0796464429510084,0.074572111313082,-0.0125409614046925));
#6074=CARTESIAN_POINT('',(0.0732237311472904,0.0575748977227409,-0.0125409614046925));
#6075=CARTESIAN_POINT('',(0.0791401879796198,0.0747634091256997,-0.012856110009665));
#6076=CARTESIAN_POINT('',(0.0727174761759019,0.0577661955353586,-0.012856110009665));
#6077=CARTESIAN_POINT('',(0.0788650513578267,0.0748673745915117,-0.0129170862339542));
#6078=CARTESIAN_POINT('',(0.0724423395541088,0.0578701610011706,-0.0129170862339542));
#6079=CARTESIAN_POINT('',(0.0788267449255978,0.0747659995601578,-0.0129170862339543));
#6080=CARTESIAN_POINT('',(0.078999761098671,0.0742022328316075,-0.0128422198852786));
#6081=CARTESIAN_POINT('',(0.0791299497637785,0.0730763531853584,-0.0124641139907954));
#6082=CARTESIAN_POINT('',(0.0789108368495754,0.0720263008789507,-0.0119523851974781));
#6083=CARTESIAN_POINT('',(0.0787241861125645,0.0715321846768905,-0.0116969552561037));
#6084=CARTESIAN_POINT('',(0.0787241861124987,0.0715321846767164,-0.0116969552564886));
#6085=CARTESIAN_POINT('',(0.0787241861124988,0.0715321846767163,-0.0116969552564886));
#6086=CARTESIAN_POINT('',(0.0786527226075462,0.0713431606564721,-0.0118550899956043));
#6087=CARTESIAN_POINT('',(0.0784263802011207,0.070889369904655,-0.0120262496679746));
#6088=CARTESIAN_POINT('',(0.0782958221944406,0.0703985523810792,-0.0118549106684141));
#6089=CARTESIAN_POINT('',(0.0782244095216064,0.0702095642261821,-0.0116966973922441));
#6090=CARTESIAN_POINT('',(0.0743787712142218,0.0600323777511521,-0.0116966973922441));
#6091=CARTESIAN_POINT('',(0.0743073365453456,0.0598433313854191,-0.0118549594001829));
#6092=CARTESIAN_POINT('',(0.0740809141453791,0.0593894770205913,-0.0120262934324493));
#6093=CARTESIAN_POINT('',(0.0739503102368761,0.0588984886760021,-0.0118549536556778));
#6094=CARTESIAN_POINT('',(0.0738788781608952,0.0587094491721674,-0.0116966973922441));
#6095=CARTESIAN_POINT('',(0.0804913718755851,0.0762089060165974,-1.7347234759768E-18));
#6096=CARTESIAN_POINT('',(0.0758141517214358,0.0779762802354937,-1.7347234759768E-18));
#6097=CARTESIAN_POINT('',(0.0648687063826865,0.0821122193763705,0.0161623204605883));
#6098=CARTESIAN_POINT('',(0.0740467775025395,0.0732990600813443,0.0137365731152439));
#6099=CARTESIAN_POINT('',(0.0721976218755851,0.0793428529861381,0.01079375));
#6100=CARTESIAN_POINT('',(0.0658350746875585,0.0625048604312005,0.01079375));
#6101=CARTESIAN_POINT('',(0.0662404661490178,0.0635776978040585,0.01079375));
#6102=CARTESIAN_POINT('',(0.0701806060482698,0.0740049754852152,0.01079375));
#6103=CARTESIAN_POINT('',(0.0705859975097291,0.0750778128580732,0.01079375));
#6104=CARTESIAN_POINT('',(0.0721976218755851,0.0793428529861381,0.01079375));
#6105=CARTESIAN_POINT('',(0.0804913718755851,0.0762089060165974,-1.7347234759768E-18));
#6106=CARTESIAN_POINT('',(0.0758141517214358,0.0779762802354937,-1.7347234759768E-18));
#6107=CARTESIAN_POINT('',(0.0784762269363314,0.0708703215659869,0.01079375));
#6108=CARTESIAN_POINT('',(0.0787239976566889,0.071531685862448,0.00989012773205558));
#6109=CARTESIAN_POINT('',(0.0788214541881292,0.0717895970892456,0.0101056161711595));
#6110=CARTESIAN_POINT('',(0.0789015558730362,0.0721115788061963,0.0107912805228182));
#6111=CARTESIAN_POINT('',(0.0788216347671292,0.0717902096481209,0.0114809613114475));
#6112=CARTESIAN_POINT('',(0.0787243025051499,0.0715324928310098,0.0116966973926293));
#6113=CARTESIAN_POINT('',(0.0787243025749331,0.0715324928051668,0.0116966973922441));
#6114=CARTESIAN_POINT('',(0.0787243025749331,0.0715324928051668,0.0116966973922441));
#6115=CARTESIAN_POINT('',(0.0787242637672146,0.0715323901035197,0.0116967833699291));
#6116=CARTESIAN_POINT('',(0.0787242249463816,0.0715322873939935,0.0116968693247123));
#6117=CARTESIAN_POINT('',(0.0787241861124491,0.0715321846765847,0.0116969552565987));
#6118=CARTESIAN_POINT('',(0.0741306955756202,0.0593702065119722,0.01079375));
#6119=CARTESIAN_POINT('',(0.0741306955756202,0.0593702065119722,-0.01079375));
#6120=CARTESIAN_POINT('',(0.0784762269363314,0.0708703215659869,-0.01079375));
#6121=CARTESIAN_POINT('',(0.078724302574933,0.0715324928051668,-0.0116966973922441));
#6122=CARTESIAN_POINT('',(0.0787242637672311,0.0715323901035636,-0.0116967833698923));
#6123=CARTESIAN_POINT('',(0.0787242249464147,0.0715322873940813,-0.0116968693246389));
#6124=CARTESIAN_POINT('',(0.0787241861124988,0.0715321846767163,-0.0116969552564886));
#6125=CARTESIAN_POINT('',(0.0787243025749331,0.0715324928051668,-0.0116966973922441));
#6126=CARTESIAN_POINT('',(0.0787243025049562,0.0715324928304969,-0.0116966973930586));
#6127=CARTESIAN_POINT('',(0.0788216356478425,0.0717902119799922,-0.0114809593596869));
#6128=CARTESIAN_POINT('',(0.0789015582289416,0.0721115854782318,-0.0107949678813937));
#6129=CARTESIAN_POINT('',(0.0788214495428576,0.0717895847958909,-0.0101056058998897));
#6130=CARTESIAN_POINT('',(0.0787239976566889,0.071531685862448,-0.00989012773205557));
#6131=CARTESIAN_POINT('',(0.0740467775025395,0.0732990600813443,-1.7347234759768E-18));
#6132=CARTESIAN_POINT('',(0.0740467775025395,0.0732990600813443,-1.7347234759768E-18));
#6133=CARTESIAN_POINT('',(0.,0.,0.));
#6134=CARTESIAN_POINT('',(-0.062821875,0.029,0.0314921875));
#6135=CARTESIAN_POINT('',(-0.062821875,0.027,0.0314921875));
#6136=CARTESIAN_POINT('',(-0.062821875,0.027,0.03779375));
#6137=CARTESIAN_POINT('',(-0.062821875,0.027,0.03129375));
#6138=CARTESIAN_POINT('',(-0.062821875,0.029,0.03779375));
#6139=CARTESIAN_POINT('',(-0.062821875,0.029,0.03779375));
#6140=CARTESIAN_POINT('',(-0.062821875,0.029,0.0314921875));
#6141=CARTESIAN_POINT('',(-0.062821875,0.029,0.03129375));
#6142=CARTESIAN_POINT('',(-0.062821875,0.029,0.03129375));
#6143=CARTESIAN_POINT('',(-0.056471875,0.029,0.03779375));
#6144=CARTESIAN_POINT('',(-0.056471875,0.027,0.03779375));
#6145=CARTESIAN_POINT('',(-0.050121875,0.027,0.03779375));
#6146=CARTESIAN_POINT('',(-0.050121875,0.029,0.03779375));
#6147=CARTESIAN_POINT('',(-0.050121875,0.029,0.03779375));
#6148=CARTESIAN_POINT('',(-0.056471875,0.029,0.03779375));
#6149=CARTESIAN_POINT('',(-0.050121875,0.029,0.0347421875));
#6150=CARTESIAN_POINT('',(-0.050121875,0.027,0.0347421875));
#6151=CARTESIAN_POINT('',(-0.050121875,0.027,0.03129375));
#6152=CARTESIAN_POINT('',(-0.050121875,0.029,0.03129375));
#6153=CARTESIAN_POINT('',(-0.050121875,0.029,0.03129375));
#6154=CARTESIAN_POINT('',(-0.050121875,0.029,0.0347421875));
#6155=CARTESIAN_POINT('',(-0.049121875,0.029,0.03129375));
#6156=CARTESIAN_POINT('',(-0.049121875,0.027,0.03129375));
#6157=CARTESIAN_POINT('',(-0.048121875,0.027,0.03129375));
#6158=CARTESIAN_POINT('',(-0.048121875,0.029,0.03129375));
#6159=CARTESIAN_POINT('',(-0.048121875,0.029,0.03129375));
#6160=CARTESIAN_POINT('',(-0.049121875,0.029,0.03129375));
#6161=CARTESIAN_POINT('',(-0.0481218750000001,0.029,0.03029375));
#6162=CARTESIAN_POINT('',(-0.0481218750000001,0.027,0.03029375));
#6163=CARTESIAN_POINT('',(-0.0481218750000001,0.027,0.02929375));
#6164=CARTESIAN_POINT('',(-0.0481218750000001,0.029,0.02929375));
#6165=CARTESIAN_POINT('',(-0.0481218750000001,0.029,0.02929375));
#6166=CARTESIAN_POINT('',(-0.0481218750000001,0.029,0.03029375));
#6167=CARTESIAN_POINT('',(-0.049121875,0.029,0.02929375));
#6168=CARTESIAN_POINT('',(-0.049121875,0.027,0.02929375));
#6169=CARTESIAN_POINT('',(-0.050121875,0.027,0.02929375));
#6170=CARTESIAN_POINT('',(-0.050121875,0.029,0.02929375));
#6171=CARTESIAN_POINT('',(-0.050121875,0.029,0.02929375));
#6172=CARTESIAN_POINT('',(-0.049121875,0.029,0.02929375));
#6173=CARTESIAN_POINT('',(-0.050121875,0.029,0.0290953125));
#6174=CARTESIAN_POINT('',(-0.050121875,0.027,0.0290953125));
#6175=CARTESIAN_POINT('',(-0.050121875,0.027,0.02279375));
#6176=CARTESIAN_POINT('',(-0.050121875,0.029,0.02279375));
#6177=CARTESIAN_POINT('',(-0.050121875,0.029,0.02279375));
#6178=CARTESIAN_POINT('',(-0.050121875,0.029,0.0290953125));
#6179=CARTESIAN_POINT('',(-0.056471875,0.029,0.02279375));
#6180=CARTESIAN_POINT('',(-0.056471875,0.027,0.02279375));
#6181=CARTESIAN_POINT('',(-0.062821875,0.027,0.02279375));
#6182=CARTESIAN_POINT('',(-0.062821875,0.029,0.02279375));
#6183=CARTESIAN_POINT('',(-0.062821875,0.029,0.02279375));
#6184=CARTESIAN_POINT('',(-0.056471875,0.029,0.02279375));
#6185=CARTESIAN_POINT('',(-0.062821875,0.029,0.0258453125));
#6186=CARTESIAN_POINT('',(-0.062821875,0.027,0.0258453125));
#6187=CARTESIAN_POINT('',(-0.0628218750000001,0.027,0.02929375));
#6188=CARTESIAN_POINT('',(-0.0628218750000001,0.029,0.02929375));
#6189=CARTESIAN_POINT('',(-0.0628218750000001,0.029,0.02929375));
#6190=CARTESIAN_POINT('',(-0.062821875,0.029,0.0258453125));
#6191=CARTESIAN_POINT('',(-0.0638218750000001,0.029,0.02929375));
#6192=CARTESIAN_POINT('',(-0.0638218750000001,0.027,0.02929375));
#6193=CARTESIAN_POINT('',(-0.064821875,0.027,0.02929375));
#6194=CARTESIAN_POINT('',(-0.064821875,0.029,0.02929375));
#6195=CARTESIAN_POINT('',(-0.064821875,0.029,0.02929375));
#6196=CARTESIAN_POINT('',(-0.0638218750000001,0.029,0.02929375));
#6197=CARTESIAN_POINT('',(-0.0648218750000001,0.029,0.03029375));
#6198=CARTESIAN_POINT('',(-0.0648218750000001,0.027,0.03029375));
#6199=CARTESIAN_POINT('',(-0.064821875,0.027,0.03129375));
#6200=CARTESIAN_POINT('',(-0.064821875,0.029,0.03129375));
#6201=CARTESIAN_POINT('',(-0.064821875,0.029,0.03129375));
#6202=CARTESIAN_POINT('',(-0.0648218750000001,0.029,0.03029375));
#6203=CARTESIAN_POINT('',(-0.063821875,0.029,0.03129375));
#6204=CARTESIAN_POINT('',(-0.063821875,0.027,0.03129375));
#6205=CARTESIAN_POINT('',(-0.063821875,0.029,0.03129375));
#6206=CARTESIAN_POINT('',(-0.052721875,0.029,0.));
#6207=CARTESIAN_POINT('',(-0.052721875,0.027,0.));
#6208=CARTESIAN_POINT('',(0.,0.,0.));
#6209=CARTESIAN_POINT('',(-9.03252985571233E-18,0.003603125,3.46944695195361E-18));
#6210=CARTESIAN_POINT('',(-9.03252985571233E-18,0.003603125,3.46944695195361E-18));
#6211=CARTESIAN_POINT('',(-0.022225,0.003603125,3.46944695195361E-18));
#6212=CARTESIAN_POINT('',(-9.03252985571233E-18,0.,3.46944695195361E-18));
#6213=CARTESIAN_POINT('',(-0.022225,0.,3.46944695195361E-18));
#6214=CARTESIAN_POINT('',(-1.04083408558608E-17,0.003603125,-3.46944695195361E-18));
#6215=CARTESIAN_POINT('',(-1.04083408558608E-17,0.,-3.46944695195361E-18));
#6216=CARTESIAN_POINT('',(0.,0.,0.));
#6217=CARTESIAN_POINT('',(-0.049121875,0.029,-0.03129375));
#6218=CARTESIAN_POINT('',(-0.049121875,0.027,-0.03129375));
#6219=CARTESIAN_POINT('',(-0.048121875,0.027,-0.03129375));
#6220=CARTESIAN_POINT('',(-0.050121875,0.027,-0.03129375));
#6221=CARTESIAN_POINT('',(-0.050121875,0.029,-0.03129375));
#6222=CARTESIAN_POINT('',(-0.050121875,0.029,-0.03129375));
#6223=CARTESIAN_POINT('',(-0.049121875,0.029,-0.03129375));
#6224=CARTESIAN_POINT('',(-0.048121875,0.029,-0.03129375));
#6225=CARTESIAN_POINT('',(-0.048121875,0.029,-0.03129375));
#6226=CARTESIAN_POINT('',(-0.050121875,0.029,-0.0314921875));
#6227=CARTESIAN_POINT('',(-0.050121875,0.027,-0.0314921875));
#6228=CARTESIAN_POINT('',(-0.050121875,0.027,-0.03779375));
#6229=CARTESIAN_POINT('',(-0.050121875,0.029,-0.03779375));
#6230=CARTESIAN_POINT('',(-0.050121875,0.029,-0.03779375));
#6231=CARTESIAN_POINT('',(-0.050121875,0.029,-0.0314921875));
#6232=CARTESIAN_POINT('',(-0.056471875,0.029,-0.03779375));
#6233=CARTESIAN_POINT('',(-0.056471875,0.027,-0.03779375));
#6234=CARTESIAN_POINT('',(-0.062821875,0.027,-0.03779375));
#6235=CARTESIAN_POINT('',(-0.062821875,0.029,-0.03779375));
#6236=CARTESIAN_POINT('',(-0.062821875,0.029,-0.03779375));
#6237=CARTESIAN_POINT('',(-0.056471875,0.029,-0.03779375));
#6238=CARTESIAN_POINT('',(-0.062821875,0.029,-0.0347421875));
#6239=CARTESIAN_POINT('',(-0.062821875,0.027,-0.0347421875));
#6240=CARTESIAN_POINT('',(-0.062821875,0.027,-0.03129375));
#6241=CARTESIAN_POINT('',(-0.062821875,0.029,-0.03129375));
#6242=CARTESIAN_POINT('',(-0.062821875,0.029,-0.03129375));
#6243=CARTESIAN_POINT('',(-0.062821875,0.029,-0.0347421875));
#6244=CARTESIAN_POINT('',(-0.063821875,0.029,-0.03129375));
#6245=CARTESIAN_POINT('',(-0.063821875,0.027,-0.03129375));
#6246=CARTESIAN_POINT('',(-0.064821875,0.027,-0.03129375));
#6247=CARTESIAN_POINT('',(-0.064821875,0.029,-0.03129375));
#6248=CARTESIAN_POINT('',(-0.064821875,0.029,-0.03129375));
#6249=CARTESIAN_POINT('',(-0.063821875,0.029,-0.03129375));
#6250=CARTESIAN_POINT('',(-0.0648218750000001,0.029,-0.03029375));
#6251=CARTESIAN_POINT('',(-0.0648218750000001,0.027,-0.03029375));
#6252=CARTESIAN_POINT('',(-0.0648218750000001,0.027,-0.02929375));
#6253=CARTESIAN_POINT('',(-0.0648218750000001,0.029,-0.02929375));
#6254=CARTESIAN_POINT('',(-0.0648218750000001,0.029,-0.02929375));
#6255=CARTESIAN_POINT('',(-0.0648218750000001,0.029,-0.03029375));
#6256=CARTESIAN_POINT('',(-0.0638218750000001,0.029,-0.02929375));
#6257=CARTESIAN_POINT('',(-0.0638218750000001,0.027,-0.02929375));
#6258=CARTESIAN_POINT('',(-0.0628218750000001,0.027,-0.02929375));
#6259=CARTESIAN_POINT('',(-0.0628218750000001,0.029,-0.02929375));
#6260=CARTESIAN_POINT('',(-0.0628218750000001,0.029,-0.02929375));
#6261=CARTESIAN_POINT('',(-0.0638218750000001,0.029,-0.02929375));
#6262=CARTESIAN_POINT('',(-0.062821875,0.029,-0.0290953125));
#6263=CARTESIAN_POINT('',(-0.062821875,0.027,-0.0290953125));
#6264=CARTESIAN_POINT('',(-0.062821875,0.027,-0.02279375));
#6265=CARTESIAN_POINT('',(-0.062821875,0.029,-0.02279375));
#6266=CARTESIAN_POINT('',(-0.062821875,0.029,-0.02279375));
#6267=CARTESIAN_POINT('',(-0.062821875,0.029,-0.0290953125));
#6268=CARTESIAN_POINT('',(-0.056471875,0.029,-0.02279375));
#6269=CARTESIAN_POINT('',(-0.056471875,0.027,-0.02279375));
#6270=CARTESIAN_POINT('',(-0.050121875,0.027,-0.02279375));
#6271=CARTESIAN_POINT('',(-0.050121875,0.029,-0.02279375));
#6272=CARTESIAN_POINT('',(-0.050121875,0.029,-0.02279375));
#6273=CARTESIAN_POINT('',(-0.056471875,0.029,-0.02279375));
#6274=CARTESIAN_POINT('',(-0.050121875,0.029,-0.0258453125));
#6275=CARTESIAN_POINT('',(-0.050121875,0.027,-0.0258453125));
#6276=CARTESIAN_POINT('',(-0.050121875,0.027,-0.02929375));
#6277=CARTESIAN_POINT('',(-0.050121875,0.029,-0.02929375));
#6278=CARTESIAN_POINT('',(-0.050121875,0.029,-0.02929375));
#6279=CARTESIAN_POINT('',(-0.050121875,0.029,-0.0258453125));
#6280=CARTESIAN_POINT('',(-0.049121875,0.029,-0.02929375));
#6281=CARTESIAN_POINT('',(-0.049121875,0.027,-0.02929375));
#6282=CARTESIAN_POINT('',(-0.0481218750000001,0.027,-0.02929375));
#6283=CARTESIAN_POINT('',(-0.0481218750000001,0.029,-0.02929375));
#6284=CARTESIAN_POINT('',(-0.0481218750000001,0.029,-0.02929375));
#6285=CARTESIAN_POINT('',(-0.049121875,0.029,-0.02929375));
#6286=CARTESIAN_POINT('',(-0.0481218750000001,0.029,-0.03029375));
#6287=CARTESIAN_POINT('',(-0.0481218750000001,0.027,-0.03029375));
#6288=CARTESIAN_POINT('',(-0.0481218750000001,0.029,-0.03029375));
#6289=CARTESIAN_POINT('',(-0.052721875,0.029,0.));
#6290=CARTESIAN_POINT('',(-0.052721875,0.027,0.));
#6291=CARTESIAN_POINT('',(0.,0.,0.));
#6292=CARTESIAN_POINT('',(-0.043085150519521,0.04964575,0.025));
#6293=CARTESIAN_POINT('',(-0.043085150519521,0.0199996316218119,0.025));
#6294=CARTESIAN_POINT('',(-0.042147650519521,0.0199996316218119,0.025));
#6295=CARTESIAN_POINT('',(-0.044022650519521,0.0199996316218119,0.025));
#6296=CARTESIAN_POINT('',(-0.042147650519521,0.04964575,0.025));
#6297=CARTESIAN_POINT('',(-0.042147650519521,0.015,0.025));
#6298=CARTESIAN_POINT('',(-0.043085150519521,0.015,0.025));
#6299=CARTESIAN_POINT('',(-0.044022650519521,0.015,0.025));
#6300=CARTESIAN_POINT('',(-0.044022650519521,0.04964575,0.025));
#6301=CARTESIAN_POINT('',(-0.043085150519521,0.04964575,-0.025));
#6302=CARTESIAN_POINT('',(-0.042147650519521,0.04964575,-0.025));
#6303=CARTESIAN_POINT('',(-0.042147650519521,0.0199996316218119,-0.025));
#6304=CARTESIAN_POINT('',(-0.042147650519521,0.015,-0.025));
#6305=CARTESIAN_POINT('',(-0.043085150519521,0.0199996316218119,-0.025));
#6306=CARTESIAN_POINT('',(-0.044022650519521,0.0199996316218119,-0.025));
#6307=CARTESIAN_POINT('',(-0.044022650519521,0.04964575,-0.025));
#6308=CARTESIAN_POINT('',(-0.044022650519521,0.015,-0.025));
#6309=CARTESIAN_POINT('',(-0.043085150519521,0.015,-0.025));
#6310=CARTESIAN_POINT('',(-0.0481218750000001,0.027,0.0258453125));
#6311=CARTESIAN_POINT('',(-0.0481218750000001,0.027,0.0258453125));
#6312=CARTESIAN_POINT('',(-0.0481218750000001,0.027,0.022396869));
#6313=CARTESIAN_POINT('',(-0.0481218750000001,0.027,0.023618364309646));
#6314=CARTESIAN_POINT('',(-0.0481218750000001,0.0199996316218119,0.023618364309646));
#6315=CARTESIAN_POINT('',(-0.0481218750000001,0.0199996316218119,0.023618364309646));
#6316=CARTESIAN_POINT('',(-0.0481218750000001,0.0199996316218119,0.0258453125));
#6317=CARTESIAN_POINT('',(-0.0481218750000001,0.0199996316218119,0.025));
#6318=CARTESIAN_POINT('',(-0.0481218750000001,0.027,0.025));
#6319=CARTESIAN_POINT('',(-0.0481218750000001,0.015,0.025));
#6320=CARTESIAN_POINT('',(-0.0481218750000001,0.015,0.0258453125));
#6321=CARTESIAN_POINT('',(-0.0481218750000001,0.015,0.010396869));
#6322=CARTESIAN_POINT('',(-0.0481218750000001,0.015,0.022396869));
#6323=CARTESIAN_POINT('',(-0.052721875,0.027,0.));
#6324=CARTESIAN_POINT('',(-0.045294525519521,0.027,0.025));
#6325=CARTESIAN_POINT('',(-0.0481218750000001,0.027,0.026381635690354));
#6326=CARTESIAN_POINT('',(-0.050121875,0.027,0.022396869));
#6327=CARTESIAN_POINT('',(-0.050121875,0.027,0.022396869));
#6328=CARTESIAN_POINT('',(-0.050121875,0.027,0.0258453125));
#6329=CARTESIAN_POINT('',(-0.050121875,0.027,0.028896875));
#6330=CARTESIAN_POINT('',(-0.0491218750000001,0.027,0.028896875));
#6331=CARTESIAN_POINT('',(-0.048121875,0.027,0.028896875));
#6332=CARTESIAN_POINT('',(-0.0481218750000001,0.027,0.0258453125));
#6333=CARTESIAN_POINT('',(-0.047503900519521,0.04964575,0.025));
#6334=CARTESIAN_POINT('',(-0.047503900519521,0.0199996316218119,0.025));
#6335=CARTESIAN_POINT('',(-0.046566400519521,0.0199996316218119,0.025));
#6336=CARTESIAN_POINT('',(-0.046566400519521,0.04964575,0.025));
#6337=CARTESIAN_POINT('',(-0.046566400519521,0.015,0.025));
#6338=CARTESIAN_POINT('',(-0.047503900519521,0.015,0.025));
#6339=CARTESIAN_POINT('',(-0.047503900519521,0.04964575,-0.025));
#6340=CARTESIAN_POINT('',(-0.046566400519521,0.04964575,-0.025));
#6341=CARTESIAN_POINT('',(-0.046566400519521,0.0199996316218119,-0.025));
#6342=CARTESIAN_POINT('',(-0.046566400519521,0.015,-0.025));
#6343=CARTESIAN_POINT('',(-0.047503900519521,0.0199996316218119,-0.025));
#6344=CARTESIAN_POINT('',(-0.0481218750000001,0.0199996316218119,-0.025));
#6345=CARTESIAN_POINT('',(-0.0481218750000001,0.027,-0.025));
#6346=CARTESIAN_POINT('',(-0.0481218750000001,0.015,-0.025));
#6347=CARTESIAN_POINT('',(-0.047503900519521,0.015,-0.025));
#6348=CARTESIAN_POINT('',(-0.000390793824195879,0.015,0.00186632201075554));
#6349=CARTESIAN_POINT('',(-0.045294525519521,0.015,-0.025));
#6350=CARTESIAN_POINT('',(-0.0481218750000001,0.015,-0.026381635690354));
#6351=CARTESIAN_POINT('',(-0.045294525519521,0.015,-0.025));
#6352=CARTESIAN_POINT('',(-0.0481218750000001,0.015,-0.0258453125));
#6353=CARTESIAN_POINT('',(-0.0481218750000001,0.015,-0.010396869));
#6354=CARTESIAN_POINT('',(-0.049121875,0.015,-0.010396869));
#6355=CARTESIAN_POINT('',(-0.050121875,0.015,-0.010396869));
#6356=CARTESIAN_POINT('',(-0.050121875,0.015,-0.0258453125));
#6357=CARTESIAN_POINT('',(-0.050121875,0.015,-0.03779375));
#6358=CARTESIAN_POINT('',(-0.056471875,0.015,-0.03779375));
#6359=CARTESIAN_POINT('',(-0.062821875,0.015,-0.03779375));
#6360=CARTESIAN_POINT('',(-0.062821875,0.015,-0.0258453125));
#6361=CARTESIAN_POINT('',(-0.062821875,0.015,-0.010396869));
#6362=CARTESIAN_POINT('',(-0.063821875,0.015,-0.010396869));
#6363=CARTESIAN_POINT('',(-0.0648218750000001,0.015,-0.010396869));
#6364=CARTESIAN_POINT('',(-0.074396875,0.015,-0.010396875));
#6365=CARTESIAN_POINT('',(-0.083971875,0.015,-0.010396872));
#6366=CARTESIAN_POINT('',(-0.083971875,0.015,-0.0144859375));
#6367=CARTESIAN_POINT('',(-0.083971875,0.015,0.010396875));
#6368=CARTESIAN_POINT('',(-0.074396875,0.015,0.010396875));
#6369=CARTESIAN_POINT('',(-0.0648218750000001,0.015,0.010396869));
#6370=CARTESIAN_POINT('',(-0.0638218750000001,0.015,0.010396869));
#6371=CARTESIAN_POINT('',(-0.062821875,0.015,0.010396869));
#6372=CARTESIAN_POINT('',(-0.062821875,0.015,0.0347421875));
#6373=CARTESIAN_POINT('',(-0.062821875,0.015,0.03779375));
#6374=CARTESIAN_POINT('',(-0.056471875,0.015,0.03779375));
#6375=CARTESIAN_POINT('',(-0.050121875,0.015,0.03779375));
#6376=CARTESIAN_POINT('',(-0.050121875,0.015,0.0258453125));
#6377=CARTESIAN_POINT('',(-0.050121875,0.015,0.010396869));
#6378=CARTESIAN_POINT('',(-0.049121875,0.015,0.010396869));
#6379=CARTESIAN_POINT('',(-0.045294525519521,0.015,0.025));
#6380=CARTESIAN_POINT('',(-0.045294525519521,0.015,0.025));
#6381=CARTESIAN_POINT('',(-0.0481218750000001,0.015,0.026381635690354));
#6382=CARTESIAN_POINT('',(-0.0481218750000001,0.015,0.0258453125));
#6383=CARTESIAN_POINT('',(-0.048121875,0.015,0.03779375));
#6384=CARTESIAN_POINT('',(-0.056471875,0.015,0.03779375));
#6385=CARTESIAN_POINT('',(-0.028971875,0.015,0.03779375));
#6386=CARTESIAN_POINT('',(-0.028971875,0.015,-0.0121984375));
#6387=CARTESIAN_POINT('',(-0.028971875,0.015,0.028971875));
#6388=CARTESIAN_POINT('',(-0.028971875,0.015,-0.0121984375));
#6389=CARTESIAN_POINT('',(-0.028971875,0.015,0.024396875));
#6390=CARTESIAN_POINT('',(-0.025221875,0.015,0.024396875));
#6391=CARTESIAN_POINT('',(-0.021471875,0.015,0.024396875));
#6392=CARTESIAN_POINT('',(-0.021471875,0.015,1.7347234759768E-18));
#6393=CARTESIAN_POINT('',(-0.021471875,0.015,0.00712094182675302));
#6394=CARTESIAN_POINT('',(-5.20417042793042E-18,0.015,2.60208521396521E-18));
#6395=CARTESIAN_POINT('',(-0.021471875,0.015,-0.00712094182675301));
#6396=CARTESIAN_POINT('',(-0.021471875,0.015,1.7347234759768E-18));
#6397=CARTESIAN_POINT('',(-0.021471875,0.015,-0.024396875));
#6398=CARTESIAN_POINT('',(-0.025221875,0.015,-0.024396875));
#6399=CARTESIAN_POINT('',(-0.028971875,0.015,-0.024396875));
#6400=CARTESIAN_POINT('',(-0.028971875,0.015,-0.0121984375));
#6401=CARTESIAN_POINT('',(-0.028971875,0.015,-0.028971875));
#6402=CARTESIAN_POINT('',(-0.028971875,0.015,-0.0121984375));
#6403=CARTESIAN_POINT('',(-0.028971875,0.015,-0.03779375));
#6404=CARTESIAN_POINT('',(-0.056471875,0.015,-0.03779375));
#6405=CARTESIAN_POINT('',(-0.048121875,0.015,-0.03779375));
#6406=CARTESIAN_POINT('',(-0.0481218750000001,0.015,-0.0258453125));
#6407=CARTESIAN_POINT('',(-0.061321875,0.015,-0.00779375));
#6408=CARTESIAN_POINT('',(-0.062821875,0.015,-0.00779375));
#6409=CARTESIAN_POINT('',(-0.059821875,0.015,-0.00779375));
#6410=CARTESIAN_POINT('',(-0.059821875,0.015,0.));
#6411=CARTESIAN_POINT('',(-0.059821875,0.015,0.00779375));
#6412=CARTESIAN_POINT('',(-0.061321875,0.015,0.00779375));
#6413=CARTESIAN_POINT('',(-0.062821875,0.015,0.00779375));
#6414=CARTESIAN_POINT('',(-0.062821875,0.015,-4.33680868994202E-19));
#6415=CARTESIAN_POINT('',(-0.0481218750000001,0.027,-0.0258453125));
#6416=CARTESIAN_POINT('',(-0.0481218750000001,0.04964575,-0.026381635690354));
#6417=CARTESIAN_POINT('',(-0.0481218750000001,0.027,-0.026381635690354));
#6418=CARTESIAN_POINT('',(-0.0481218750000001,0.027,-0.03779375));
#6419=CARTESIAN_POINT('',(-0.0481218750000001,0.027,-0.03779375));
#6420=CARTESIAN_POINT('',(-0.0481218750000001,0.027,-0.0347421875));
#6421=CARTESIAN_POINT('',(-0.048121875,0.027,-0.031690625));
#6422=CARTESIAN_POINT('',(-0.048121875,0.027,-0.031690625));
#6423=CARTESIAN_POINT('',(-0.048121875,0.025,-0.031690625));
#6424=CARTESIAN_POINT('',(-0.0481218750000001,0.025,-0.0314921875));
#6425=CARTESIAN_POINT('',(-0.048121875,0.025,-0.028896875));
#6426=CARTESIAN_POINT('',(-0.048121875,0.027,-0.028896875));
#6427=CARTESIAN_POINT('',(-0.048121875,0.027,-0.028896875));
#6428=CARTESIAN_POINT('',(-0.0481218750000001,0.027,-0.0258453125));
#6429=CARTESIAN_POINT('',(-0.052721875,0.027,0.));
#6430=CARTESIAN_POINT('',(-0.0481218750000001,0.027,-0.0258453125));
#6431=CARTESIAN_POINT('',(-0.0481218750000001,0.027,-0.022396869));
#6432=CARTESIAN_POINT('',(-0.0481218750000001,0.027,-0.023618364309646));
#6433=CARTESIAN_POINT('',(-0.045294525519521,0.027,-0.025));
#6434=CARTESIAN_POINT('',(-0.0491218750000001,0.027,-0.028896875));
#6435=CARTESIAN_POINT('',(-0.0501218750000001,0.027,-0.028896875));
#6436=CARTESIAN_POINT('',(-0.050121875,0.027,-0.0258453125));
#6437=CARTESIAN_POINT('',(-0.050121875,0.027,-0.022396869));
#6438=CARTESIAN_POINT('',(-0.052721875,0.027,-0.022396869));
#6439=CARTESIAN_POINT('',(-0.000390793824195879,0.01635,0.00186632201075554));
#6440=CARTESIAN_POINT('',(0.0127,0.01635,0.025));
#6441=CARTESIAN_POINT('',(0.0157690462399741,0.01635,0.0243044588850932));
#6442=CARTESIAN_POINT('',(0.0103283355506184,0.01635,0.0270683399152858));
#6443=CARTESIAN_POINT('',(-2.08166817117217E-17,0.01635,1.7347234759768E-18));
#6444=CARTESIAN_POINT('',(0.0267173881446632,0.01635,0.0112049413984651));
#6445=CARTESIAN_POINT('',(0.0246727291333072,0.01635,0.00957052247778976));
#6446=CARTESIAN_POINT('',(0.0226280701219513,0.01635,0.00793610355711445));
#6447=CARTESIAN_POINT('',(0.0226280701219513,0.01635,0.00556727052855722));
#6448=CARTESIAN_POINT('',(0.0226280701219513,0.01635,0.0031984375));
#6449=CARTESIAN_POINT('',(0.0243265076219512,0.01635,0.00479765625));
#6450=CARTESIAN_POINT('',(0.0260249451219512,0.01635,0.006396875));
#6451=CARTESIAN_POINT('',(0.0260249451219512,0.01635,1.7347234759768E-18));
#6452=CARTESIAN_POINT('',(0.0260249451219512,0.01635,-0.006396875));
#6453=CARTESIAN_POINT('',(0.0243265076219512,0.01635,-0.00479765625));
#6454=CARTESIAN_POINT('',(0.0226280701219513,0.01635,-0.0031984375));
#6455=CARTESIAN_POINT('',(0.0226280701219513,0.01635,-0.00556727052855722));
#6456=CARTESIAN_POINT('',(0.0226280701219513,0.01635,-0.00793610355711445));
#6457=CARTESIAN_POINT('',(0.0246727291333072,0.01635,-0.00957052247778975));
#6458=CARTESIAN_POINT('',(0.0267173881446632,0.01635,-0.0112049413984651));
#6459=CARTESIAN_POINT('',(-2.08166817117217E-17,0.01635,1.7347234759768E-18));
#6460=CARTESIAN_POINT('',(0.0157690462399741,0.01635,-0.0243044588850932));
#6461=CARTESIAN_POINT('',(0.0127,0.01635,-0.025));
#6462=CARTESIAN_POINT('',(0.0103283355506184,0.01635,-0.0270683399152858));
#6463=CARTESIAN_POINT('',(-2.98299966319484E-17,0.01635,1.47451495458029E-16));
#6464=CARTESIAN_POINT('',(-1.77401569920236E-18,0.01635,-0.028971875));
#6465=CARTESIAN_POINT('',(-0.0144859375,0.01635,-0.028971875));
#6466=CARTESIAN_POINT('',(-0.013971875,0.01635,-0.028971875));
#6467=CARTESIAN_POINT('',(-0.013971875,0.01635,0.0121984375));
#6468=CARTESIAN_POINT('',(-0.013971875,0.01635,0.028971875));
#6469=CARTESIAN_POINT('',(-0.0144859375,0.01635,0.028971875));
#6470=CARTESIAN_POINT('',(1.77401569920236E-18,0.01635,0.028971875));
#6471=CARTESIAN_POINT('',(-2.63212574567692E-17,0.01635,-1.35308431126191E-16));
#6472=CARTESIAN_POINT('',(-1.7347234759768E-18,0.01635,-0.01));
#6473=CARTESIAN_POINT('',(0.006,0.01635,-0.01));
#6474=CARTESIAN_POINT('',(-0.006,0.01635,-0.01));
#6475=CARTESIAN_POINT('',(0.006,0.01635,-0.0065875));
#6476=CARTESIAN_POINT('',(0.006,0.01635,-0.003175));
#6477=CARTESIAN_POINT('',(-0.00828128033956751,0.01635,-0.003175));
#6478=CARTESIAN_POINT('',(0.0127,0.01635,-0.003175));
#6479=CARTESIAN_POINT('',(0.0127,0.01635,0.));
#6480=CARTESIAN_POINT('',(0.0127,0.01635,0.003175));
#6481=CARTESIAN_POINT('',(0.00828128033956751,0.01635,0.003175));
#6482=CARTESIAN_POINT('',(0.006,0.01635,0.003175));
#6483=CARTESIAN_POINT('',(0.006,0.01635,0.0065875));
#6484=CARTESIAN_POINT('',(0.006,0.01635,0.01));
#6485=CARTESIAN_POINT('',(1.7347234759768E-18,0.01635,0.01));
#6486=CARTESIAN_POINT('',(-0.006,0.01635,0.01));
#6487=CARTESIAN_POINT('',(-0.006,0.01635,0.0065875));
#6488=CARTESIAN_POINT('',(-0.006,0.01635,0.003175));
#6489=CARTESIAN_POINT('',(0.00828128033956751,0.01635,0.003175));
#6490=CARTESIAN_POINT('',(-0.0127,0.01635,0.003175));
#6491=CARTESIAN_POINT('',(-0.0127,0.01635,0.));
#6492=CARTESIAN_POINT('',(-0.0127,0.01635,-0.003175));
#6493=CARTESIAN_POINT('',(-0.00828128033956751,0.01635,-0.003175));
#6494=CARTESIAN_POINT('',(-0.006,0.01635,-0.003175));
#6495=CARTESIAN_POINT('',(-0.006,0.01635,-0.0065875));
#6496=CARTESIAN_POINT('',(-0.000390793824195879,0.015,0.00186632201075554));
#6497=CARTESIAN_POINT('',(-0.0648218750000001,0.015,0.0347421875));
#6498=CARTESIAN_POINT('',(-0.0648218750000001,0.015,0.015396875));
#6499=CARTESIAN_POINT('',(-0.0648218750000001,0.015,0.03779375));
#6500=CARTESIAN_POINT('',(-0.074396875,0.015,0.015396875));
#6501=CARTESIAN_POINT('',(-0.083971875,0.015,0.015396875));
#6502=CARTESIAN_POINT('',(-0.083971875,0.015,-0.0144859375));
#6503=CARTESIAN_POINT('',(-0.083971875,0.015,0.03779375));
#6504=CARTESIAN_POINT('',(-0.056471875,0.015,0.03779375));
#6505=CARTESIAN_POINT('',(-0.000390793824195879,0.015,0.00186632201075554));
#6506=CARTESIAN_POINT('',(-0.074396875,0.015,-0.015396875));
#6507=CARTESIAN_POINT('',(-0.0648218750000001,0.015,-0.015396875));
#6508=CARTESIAN_POINT('',(-0.083971875,0.015,-0.015396875));
#6509=CARTESIAN_POINT('',(-0.0648218750000001,0.015,-0.0258453125));
#6510=CARTESIAN_POINT('',(-0.0648218750000001,0.015,-0.03779375));
#6511=CARTESIAN_POINT('',(-0.056471875,0.015,-0.03779375));
#6512=CARTESIAN_POINT('',(-0.083971875,0.015,-0.03779375));
#6513=CARTESIAN_POINT('',(-0.083971875,0.015,-0.0144859375));
#6514=CARTESIAN_POINT('',(-0.056471875,0.015,-0.03779375));
#6515=CARTESIAN_POINT('',(-0.056471875,0.,-0.03779375));
#6516=CARTESIAN_POINT('',(-0.083971875,0.,-0.03779375));
#6517=CARTESIAN_POINT('',(-0.028971875,0.,-0.03779375));
#6518=CARTESIAN_POINT('',(-0.083971875,0.015,-0.03779375));
#6519=CARTESIAN_POINT('',(-0.0648218750000001,0.027,-0.03779375));
#6520=CARTESIAN_POINT('',(-0.0648218750000001,0.027,-0.03779375));
#6521=CARTESIAN_POINT('',(-0.056471875,0.027,-0.03779375));
#6522=CARTESIAN_POINT('',(-0.062821875,0.027,-0.03779375));
#6523=CARTESIAN_POINT('',(-0.062821875,0.027,-0.03779375));
#6524=CARTESIAN_POINT('',(-0.050121875,0.027,-0.03779375));
#6525=CARTESIAN_POINT('',(-0.050121875,0.027,-0.03779375));
#6526=CARTESIAN_POINT('',(-0.056471875,0.027,-0.03779375));
#6527=CARTESIAN_POINT('',(-0.028971875,0.015,-0.03779375));
#6528=CARTESIAN_POINT('',(-0.081971875,0.0075,-0.03779375));
#6529=CARTESIAN_POINT('',(-0.081971875,0.0145,-0.03779375));
#6530=CARTESIAN_POINT('',(-0.081971875,0.0005,-0.03779375));
#6531=CARTESIAN_POINT('',(-0.056575,0.000499999999999994,-0.03779375));
#6532=CARTESIAN_POINT('',(-0.031178125,0.00049999999999999,-0.03779375));
#6533=CARTESIAN_POINT('',(-0.031178125,0.0075,-0.03779375));
#6534=CARTESIAN_POINT('',(-0.031178125,0.0145,-0.03779375));
#6535=CARTESIAN_POINT('',(-0.056575,0.0145,-0.03779375));
#6536=CARTESIAN_POINT('',(-0.028971875,0.01,0.026684375));
#6537=CARTESIAN_POINT('',(-0.028971875,0.01,0.028971875));
#6538=CARTESIAN_POINT('',(-0.028971875,0.01835,0.028971875));
#6539=CARTESIAN_POINT('',(-0.028971875,0.01835,0.026684375));
#6540=CARTESIAN_POINT('',(-0.028971875,0.01835,0.024396875));
#6541=CARTESIAN_POINT('',(-0.028971875,0.01635,0.024396875));
#6542=CARTESIAN_POINT('',(-0.028971875,0.01,0.026684375));
#6543=CARTESIAN_POINT('',(-0.028971875,0.01635,-0.024396875));
#6544=CARTESIAN_POINT('',(-0.028971875,0.01835,-0.024396875));
#6545=CARTESIAN_POINT('',(-0.028971875,0.01835,-0.026684375));
#6546=CARTESIAN_POINT('',(-0.028971875,0.01835,-0.028971875));
#6547=CARTESIAN_POINT('',(-0.028971875,0.01,-0.028971875));
#6548=CARTESIAN_POINT('',(0.00828128033956751,0.015,0.003175));
#6549=CARTESIAN_POINT('',(-0.00828128033956751,0.015,0.003175));
#6550=CARTESIAN_POINT('',(-0.0127,0.015,0.003175));
#6551=CARTESIAN_POINT('',(-0.00386256067913503,0.015,0.003175));
#6552=CARTESIAN_POINT('',(-0.0127,0.015,0.003175));
#6553=CARTESIAN_POINT('',(-0.006,0.0427,0.003175));
#6554=CARTESIAN_POINT('',(-0.006,0.0263499955085656,0.003175));
#6555=CARTESIAN_POINT('',(0.006002,0.0263499955085656,0.003175));
#6556=CARTESIAN_POINT('',(0.0025,0.0263499955085656,0.003175));
#6557=CARTESIAN_POINT('',(0.0025,0.0273857560893609,0.003175));
#6558=CARTESIAN_POINT('',(0.0025,0.0284215166701563,0.003175));
#6559=CARTESIAN_POINT('',(0.0025,0.0284215166701563,0.003175));
#6560=CARTESIAN_POINT('',(0.006,0.0284215166701563,0.003175));
#6561=CARTESIAN_POINT('',(0.006,0.0427,0.003175));
#6562=CARTESIAN_POINT('',(0.0127,0.015,0.003175));
#6563=CARTESIAN_POINT('',(0.0127,0.015,0.003175));
#6564=CARTESIAN_POINT('',(0.00828128033956751,0.015,0.003175));
#6565=CARTESIAN_POINT('',(0.00386256067913502,0.015,0.003175));
#6566=CARTESIAN_POINT('',(0.00386256067913502,0.015,0.003175));
#6567=CARTESIAN_POINT('',(0.00386256067913502,0.02,0.003175));
#6568=CARTESIAN_POINT('',(0.00828128033956751,0.02,0.003175));
#6569=CARTESIAN_POINT('',(-0.00386256067913502,0.02,0.003175));
#6570=CARTESIAN_POINT('',(-0.00386256067913503,0.015,0.003175));
#6571=CARTESIAN_POINT('',(0.006002,0.0427,4.98658971766427E-17));
#6572=CARTESIAN_POINT('',(0.0025,0.0427,5.03109522398567E-17));
#6573=CARTESIAN_POINT('',(0.0025,0.0293807180422544,0.01));
#6574=CARTESIAN_POINT('',(-0.006,0.0427,5.13911829758129E-17));
#6575=CARTESIAN_POINT('',(-0.006,0.0293807180422544,0.01));
#6576=CARTESIAN_POINT('',(0.006002,0.0293807180422544,0.01));
#6577=CARTESIAN_POINT('',(1.7347234759768E-18,0.0427,0.01));
#6578=CARTESIAN_POINT('',(0.006,0.0427,0.01));
#6579=CARTESIAN_POINT('',(0.006,0.0299246267686371,0.01));
#6580=CARTESIAN_POINT('',(1.7347234759768E-18,0.0299246267686371,0.01));
#6581=CARTESIAN_POINT('',(0.0025,0.0299246267686371,0.01));
#6582=CARTESIAN_POINT('',(0.0025,0.0307028570023776,0.01));
#6583=CARTESIAN_POINT('',(-0.006,0.0427,0.01));
#6584=CARTESIAN_POINT('',(-1.7347234759768E-18,0.0427,-0.01));
#6585=CARTESIAN_POINT('',(-0.006,0.0427,-0.01));
#6586=CARTESIAN_POINT('',(-0.006,0.029924626768637,-0.01));
#6587=CARTESIAN_POINT('',(-1.7347234759768E-18,0.029924626768637,-0.01));
#6588=CARTESIAN_POINT('',(-0.0025,0.029924626768637,-0.01));
#6589=CARTESIAN_POINT('',(-0.0025,0.0427,-0.01));
#6590=CARTESIAN_POINT('',(-0.0025,0.0293807180422543,-0.01));
#6591=CARTESIAN_POINT('',(0.006002,0.0293807180422543,-0.01));
#6592=CARTESIAN_POINT('',(0.006,0.0293807180422543,-0.01));
#6593=CARTESIAN_POINT('',(0.006,0.0427,-0.01));
#6594=CARTESIAN_POINT('',(0.006,0.0427,0.0065875));
#6595=CARTESIAN_POINT('',(0.006,0.0427,3.05673526783386E-17));
#6596=CARTESIAN_POINT('',(0.006,0.03074213424238,0.00842408201072168));
#6597=CARTESIAN_POINT('',(0.006,0.0299246267686371,0.009));
#6598=CARTESIAN_POINT('',(-0.006,0.0427,0.0065875));
#6599=CARTESIAN_POINT('',(0.006,0.0427,-0.0065875));
#6600=CARTESIAN_POINT('',(0.006,0.0427,5.44198004730197E-17));
#6601=CARTESIAN_POINT('',(0.006,0.0263499955085655,-0.003175));
#6602=CARTESIAN_POINT('',(0.006,0.0427,-0.003175));
#6603=CARTESIAN_POINT('',(-0.006,0.0427,-0.0065875));
#6604=CARTESIAN_POINT('',(-0.006,0.0427,8.67361737988404E-17));
#6605=CARTESIAN_POINT('',(-0.006,0.03074213424238,-0.00842408201072167));
#6606=CARTESIAN_POINT('',(-0.006,0.0284215166701562,-0.003175));
#6607=CARTESIAN_POINT('',(-0.006,0.029924626768637,-0.009));
#6608=CARTESIAN_POINT('',(-0.006,0.0427,-0.003175));
#6609=CARTESIAN_POINT('',(-0.0144859375,0.01,0.028971875));
#6610=CARTESIAN_POINT('',(-0.015971875,0.01635,0.028971875));
#6611=CARTESIAN_POINT('',(-0.015971875,0.01835,0.028971875));
#6612=CARTESIAN_POINT('',(-0.0144859375,0.01835,0.028971875));
#6613=CARTESIAN_POINT('',(-0.028971875,0.01,0.028971875));
#6614=CARTESIAN_POINT('',(-0.028971875,0.,0.028971875));
#6615=CARTESIAN_POINT('',(-0.0144859375,0.,0.028971875));
#6616=CARTESIAN_POINT('',(1.77401569920236E-18,0.,0.028971875));
#6617=CARTESIAN_POINT('',(1.77401569920236E-18,0.01,0.028971875));
#6618=CARTESIAN_POINT('',(-2.63212574567692E-17,0.01,-1.35308431126191E-16));
#6619=CARTESIAN_POINT('',(-2.63212574567692E-17,0.,-1.35308431126191E-16));
#6620=CARTESIAN_POINT('',(0.0103283355506184,0.,0.0270683399152858));
#6621=CARTESIAN_POINT('',(0.0103283355506184,0.01,0.0270683399152858));
#6622=CARTESIAN_POINT('',(0.0127,0.01,0.025));
#6623=CARTESIAN_POINT('',(0.0127,0.,0.025));
#6624=CARTESIAN_POINT('',(0.0157690462399741,0.,0.0243044588850932));
#6625=CARTESIAN_POINT('',(0.0157690462399741,0.01,0.0243044588850932));
#6626=CARTESIAN_POINT('',(0.0127,0.04964375,0.025));
#6627=CARTESIAN_POINT('',(0.015846875,0.04964375,0.025));
#6628=CARTESIAN_POINT('',(-2.08166817117217E-17,0.01,1.7347234759768E-18));
#6629=CARTESIAN_POINT('',(-2.08166817117217E-17,0.,1.7347234759768E-18));
#6630=CARTESIAN_POINT('',(0.0157690462399741,0.,-0.0243044588850932));
#6631=CARTESIAN_POINT('',(0.0157690462399741,0.01,-0.0243044588850932));
#6632=CARTESIAN_POINT('',(0.0267173881446632,0.035002,-0.0112049413984651));
#6633=CARTESIAN_POINT('',(0.0267173881446632,0.035,-0.0112049413984651));
#6634=CARTESIAN_POINT('',(-2.08166817117217E-17,0.035,1.7347234759768E-18));
#6635=CARTESIAN_POINT('',(0.0267173881446632,0.035,0.0112049413984651));
#6636=CARTESIAN_POINT('',(0.0267173881446632,0.035002,0.0112049413984651));
#6637=CARTESIAN_POINT('',(0.0127,0.01,-0.025));
#6638=CARTESIAN_POINT('',(0.0127,0.,-0.025));
#6639=CARTESIAN_POINT('',(0.0103283355506184,0.,-0.0270683399152858));
#6640=CARTESIAN_POINT('',(0.0103283355506184,0.01,-0.0270683399152858));
#6641=CARTESIAN_POINT('',(0.0127,0.04964375,-0.025));
#6642=CARTESIAN_POINT('',(0.015846875,0.04964375,-0.025));
#6643=CARTESIAN_POINT('',(-2.98299966319484E-17,0.01,1.47451495458029E-16));
#6644=CARTESIAN_POINT('',(-2.98299966319484E-17,0.,1.47451495458029E-16));
#6645=CARTESIAN_POINT('',(-1.77401569920236E-18,0.,-0.028971875));
#6646=CARTESIAN_POINT('',(-1.77401569920236E-18,0.01,-0.028971875));
#6647=CARTESIAN_POINT('',(-5.20417042793042E-18,0.01,2.60208521396521E-18));
#6648=CARTESIAN_POINT('',(-5.20417042793042E-18,0.,2.60208521396521E-18));
#6649=CARTESIAN_POINT('',(0.022621875,0.,2.60208521396521E-18));
#6650=CARTESIAN_POINT('',(-5.20417042793042E-18,0.015,2.60208521396521E-18));
#6651=CARTESIAN_POINT('',(-0.0144859375,0.01,-0.028971875));
#6652=CARTESIAN_POINT('',(-0.0144859375,0.01835,-0.028971875));
#6653=CARTESIAN_POINT('',(-0.015971875,0.01835,-0.028971875));
#6654=CARTESIAN_POINT('',(-0.015971875,0.01635,-0.028971875));
#6655=CARTESIAN_POINT('',(-0.0144859375,0.,-0.028971875));
#6656=CARTESIAN_POINT('',(-0.028971875,0.,-0.028971875));
#6657=CARTESIAN_POINT('',(-0.028971875,0.01,-0.028971875));
#6658=CARTESIAN_POINT('',(-0.000390793824195879,0.,0.00186632201075554));
#6659=CARTESIAN_POINT('',(-0.028971875,0.,-0.0121984375));
#6660=CARTESIAN_POINT('',(-0.028971875,0.,0.03779375));
#6661=CARTESIAN_POINT('',(-0.056471875,0.,0.03779375));
#6662=CARTESIAN_POINT('',(-0.083971875,0.,0.03779375));
#6663=CARTESIAN_POINT('',(-0.083971875,0.,-0.0144859375));
#6664=CARTESIAN_POINT('',(-0.028971875,0.,-0.0121984375));
#6665=CARTESIAN_POINT('',(-6.50521303491303E-19,0.015,-4.33680868994202E-19));
#6666=CARTESIAN_POINT('',(-6.50521303491303E-19,0.015,-4.33680868994202E-19));
#6667=CARTESIAN_POINT('',(-6.50521303491303E-19,0.02,-4.33680868994202E-19));
#6668=CARTESIAN_POINT('',(-0.0127,0.015,0.));
#6669=CARTESIAN_POINT('',(-0.0127,0.015,0.));
#6670=CARTESIAN_POINT('',(-0.0127,0.015,-0.003175));
#6671=CARTESIAN_POINT('',(-0.0127,0.015,-0.003175));
#6672=CARTESIAN_POINT('',(-0.00828128033956751,0.015,-0.003175));
#6673=CARTESIAN_POINT('',(-0.00828128033956751,0.015,-0.003175));
#6674=CARTESIAN_POINT('',(-0.00386256067913502,0.015,-0.003175));
#6675=CARTESIAN_POINT('',(-0.00386256067913502,0.015,-0.003175));
#6676=CARTESIAN_POINT('',(-0.00386256067913502,0.02,-0.003175));
#6677=CARTESIAN_POINT('',(-0.00828128033956751,0.02,-0.003175));
#6678=CARTESIAN_POINT('',(0.00386256067913503,0.02,-0.003175));
#6679=CARTESIAN_POINT('',(0.00386256067913502,0.015,-0.003175));
#6680=CARTESIAN_POINT('',(0.00386256067913502,0.015,-0.003175));
#6681=CARTESIAN_POINT('',(0.00828128033956751,0.015,-0.003175));
#6682=CARTESIAN_POINT('',(0.0127,0.015,-0.003175));
#6683=CARTESIAN_POINT('',(0.0127,0.015,-0.003175));
#6684=CARTESIAN_POINT('',(0.006002,0.0263499955085655,-0.003175));
#6685=CARTESIAN_POINT('',(-0.0025,0.0263499955085655,-0.003175));
#6686=CARTESIAN_POINT('',(-0.0025,0.0427,-0.003175));
#6687=CARTESIAN_POINT('',(-0.0025,0.0284215166701562,-0.003175));
#6688=CARTESIAN_POINT('',(-0.0025,0.0284215166701562,-0.003175));
#6689=CARTESIAN_POINT('',(0.,0.015,2.16840434497101E-19));
#6690=CARTESIAN_POINT('',(0.,0.015,2.16840434497101E-19));
#6691=CARTESIAN_POINT('',(0.,0.02,2.16840434497101E-19));
#6692=CARTESIAN_POINT('',(0.0127,0.015,0.));
#6693=CARTESIAN_POINT('',(0.0127,0.015,0.));
#6694=CARTESIAN_POINT('',(-0.025221875,0.01635,-0.024396875));
#6695=CARTESIAN_POINT('',(-0.021471875,0.01635,-0.024396875));
#6696=CARTESIAN_POINT('',(-0.021471875,0.01835,-0.024396875));
#6697=CARTESIAN_POINT('',(-0.025221875,0.01835,-0.024396875));
#6698=CARTESIAN_POINT('',(-0.021471875,0.01635,1.7347234759768E-18));
#6699=CARTESIAN_POINT('',(-0.021471875,0.015,1.7347234759768E-18));
#6700=CARTESIAN_POINT('',(-0.021471875,0.01635,0.024396875));
#6701=CARTESIAN_POINT('',(-0.021471875,0.01835,0.024396875));
#6702=CARTESIAN_POINT('',(-0.021471875,0.01835,1.7347234759768E-18));
#6703=CARTESIAN_POINT('',(-0.025221875,0.01635,0.024396875));
#6704=CARTESIAN_POINT('',(-0.025221875,0.01835,0.024396875));
#6705=CARTESIAN_POINT('',(0.006002,0.0427,5.44195463010818E-17));
#6706=CARTESIAN_POINT('',(-0.0025,0.0427,5.55000312089759E-17));
#6707=CARTESIAN_POINT('',(-0.0025,0.0427,8.62913729075643E-17));
#6708=CARTESIAN_POINT('',(-0.0025,0.0427,8.62913729075643E-17));
#6709=CARTESIAN_POINT('',(-0.0025,0.03074213424238,-0.00842408201072167));
#6710=CARTESIAN_POINT('',(-0.0025,0.03074213424238,-0.00842408201072167));
#6711=CARTESIAN_POINT('',(-0.0025,0.03785271385,3.17714922340075E-19));
#6712=CARTESIAN_POINT('',(-0.0025,0.029924626768637,-0.009));
#6713=CARTESIAN_POINT('',(0.0025,0.0427,3.10121535696147E-17));
#6714=CARTESIAN_POINT('',(0.0025,0.0427,3.10121535696147E-17));
#6715=CARTESIAN_POINT('',(0.0025,0.03074213424238,0.00842408201072168));
#6716=CARTESIAN_POINT('',(0.0025,0.03074213424238,0.00842408201072167));
#6717=CARTESIAN_POINT('',(0.0025,0.03785271385,-3.17714922340075E-19));
#6718=CARTESIAN_POINT('',(0.0025,0.0299246267686371,0.009));
#6719=CARTESIAN_POINT('',(0.0025,0.0299246267686371,0.009));
#6720=CARTESIAN_POINT('',(-0.0025,0.029924626768637,-0.009));
#6721=CARTESIAN_POINT('',(-0.000390793824195879,0.02,0.00186632201075554));
#6722=CARTESIAN_POINT('',(-0.000390793824195879,0.02,0.00186632201075554));
#6723=CARTESIAN_POINT('',(-0.000390793824195879,0.015,0.00186632201075554));
#6724=CARTESIAN_POINT('',(-1.04083408558608E-17,0.01835,-3.46944695195361E-18));
#6725=CARTESIAN_POINT('',(-0.015971875,0.01835,-0.028971875));
#6726=CARTESIAN_POINT('',(-0.015971875,0.01635,-3.46944695195361E-18));
#6727=CARTESIAN_POINT('',(0.0243265076219512,0.035002,0.00479765625));
#6728=CARTESIAN_POINT('',(0.0226280701219513,0.035002,0.0031984375));
#6729=CARTESIAN_POINT('',(0.0226280701219513,0.035,0.0031984375));
#6730=CARTESIAN_POINT('',(0.0243265076219512,0.035,0.00479765625));
#6731=CARTESIAN_POINT('',(0.0260249451219512,0.035,0.006396875));
#6732=CARTESIAN_POINT('',(0.0260249451219512,0.035002,0.006396875));
#6733=CARTESIAN_POINT('',(0.0226280701219513,0.035002,0.00556727052855722));
#6734=CARTESIAN_POINT('',(0.0226280701219513,0.035,0.00556727052855722));
#6735=CARTESIAN_POINT('',(0.0226280701219513,0.035,0.00793610355711445));
#6736=CARTESIAN_POINT('',(0.0226280701219513,0.035002,0.00793610355711445));
#6737=CARTESIAN_POINT('',(0.0246727291333072,0.035002,0.00957052247778976));
#6738=CARTESIAN_POINT('',(0.0246727291333072,0.035,0.00957052247778976));
#6739=CARTESIAN_POINT('',(0.0246727291333072,0.035002,-0.00957052247778975));
#6740=CARTESIAN_POINT('',(0.0246727291333072,0.035,-0.00957052247778975));
#6741=CARTESIAN_POINT('',(0.0226280701219513,0.035,-0.00793610355711445));
#6742=CARTESIAN_POINT('',(0.0226280701219513,0.035002,-0.00793610355711445));
#6743=CARTESIAN_POINT('',(0.0226280701219513,0.035002,-0.00556727052855722));
#6744=CARTESIAN_POINT('',(0.0226280701219513,0.035,-0.00556727052855722));
#6745=CARTESIAN_POINT('',(0.0226280701219513,0.035,-0.0031984375));
#6746=CARTESIAN_POINT('',(0.0226280701219513,0.035002,-0.0031984375));
#6747=CARTESIAN_POINT('',(0.0243265076219512,0.035002,-0.00479765625));
#6748=CARTESIAN_POINT('',(0.0243265076219512,0.035,-0.00479765625));
#6749=CARTESIAN_POINT('',(0.0260249451219512,0.035,-0.006396875));
#6750=CARTESIAN_POINT('',(0.0260249451219512,0.035002,-0.006396875));
#6751=CARTESIAN_POINT('',(0.0260249451219512,0.035002,1.7347234759768E-18));
#6752=CARTESIAN_POINT('',(0.0260249451219512,0.035,1.7347234759768E-18));
#6753=CARTESIAN_POINT('',(0.0367109375,0.035,0.00429613104821889));
#6754=CARTESIAN_POINT('',(-0.028971875,0.015,-0.0121984375));
#6755=CARTESIAN_POINT('',(-0.028971875,0.015,-0.0121984375));
#6756=CARTESIAN_POINT('',(-0.028971875,0.015,0.03779375));
#6757=CARTESIAN_POINT('',(-0.083971875,0.015,-0.0144859375));
#6758=CARTESIAN_POINT('',(-0.083971875,0.015,0.012396875));
#6759=CARTESIAN_POINT('',(-0.083971875,0.018,0.012396875));
#6760=CARTESIAN_POINT('',(-0.083971875,0.018,-0.0144859375));
#6761=CARTESIAN_POINT('',(-0.083971875,0.018,0.010396875));
#6762=CARTESIAN_POINT('',(-0.083971875,0.018,0.010396875));
#6763=CARTESIAN_POINT('',(-0.083971875,0.018,-0.010396875));
#6764=CARTESIAN_POINT('',(-0.083971875,0.018,-0.010396875));
#6765=CARTESIAN_POINT('',(-0.083971875,0.018,-0.0144859375));
#6766=CARTESIAN_POINT('',(-0.083971875,0.018,-0.012396875));
#6767=CARTESIAN_POINT('',(-0.083971875,0.015,-0.012396875));
#6768=CARTESIAN_POINT('',(-0.083971875,0.015,0.03779375));
#6769=CARTESIAN_POINT('',(-0.056471875,0.015,0.03779375));
#6770=CARTESIAN_POINT('',(-0.048121875,0.027,0.03779375));
#6771=CARTESIAN_POINT('',(-0.048121875,0.027,0.03779375));
#6772=CARTESIAN_POINT('',(-0.056471875,0.027,0.03779375));
#6773=CARTESIAN_POINT('',(-0.050121875,0.027,0.03779375));
#6774=CARTESIAN_POINT('',(-0.050121875,0.027,0.03779375));
#6775=CARTESIAN_POINT('',(-0.062821875,0.027,0.03779375));
#6776=CARTESIAN_POINT('',(-0.062821875,0.027,0.03779375));
#6777=CARTESIAN_POINT('',(-0.056471875,0.027,0.03779375));
#6778=CARTESIAN_POINT('',(-0.0648218750000001,0.027,0.03779375));
#6779=CARTESIAN_POINT('',(-0.0648218750000001,0.027,0.03779375));
#6780=CARTESIAN_POINT('',(-0.056575,0.000499999999999994,0.03515));
#6781=CARTESIAN_POINT('',(-0.081971875,0.0005,0.03515));
#6782=CARTESIAN_POINT('',(-0.081971875,0.0005,0.03515));
#6783=CARTESIAN_POINT('',(-0.056575,0.000499999999999994,0.03515));
#6784=CARTESIAN_POINT('',(-0.031178125,0.00049999999999999,0.03515));
#6785=CARTESIAN_POINT('',(-0.031178125,0.00049999999999999,0.03515));
#6786=CARTESIAN_POINT('',(-0.081971875,0.0075,0.03515));
#6787=CARTESIAN_POINT('',(-0.081971875,0.0145,0.03515));
#6788=CARTESIAN_POINT('',(-0.081971875,0.0145,0.03515));
#6789=CARTESIAN_POINT('',(-0.081971875,0.0075,0.03515));
#6790=CARTESIAN_POINT('',(-0.056575,0.0145,0.03515));
#6791=CARTESIAN_POINT('',(-0.031178125,0.0145,0.03515));
#6792=CARTESIAN_POINT('',(-0.031178125,0.0145,0.03515));
#6793=CARTESIAN_POINT('',(-0.056575,0.0145,0.03515));
#6794=CARTESIAN_POINT('',(-0.031178125,0.0075,0.03515));
#6795=CARTESIAN_POINT('',(-0.031178125,0.0075,0.03515));
#6796=CARTESIAN_POINT('',(-0.056471875,0.0075,0.03515));
#6797=CARTESIAN_POINT('',(-0.049121875,0.027,-0.031690625));
#6798=CARTESIAN_POINT('',(-0.049121875,0.025,-0.031690625));
#6799=CARTESIAN_POINT('',(-0.050121875,0.025,-0.031690625));
#6800=CARTESIAN_POINT('',(-0.049121875,0.027,-0.031690625));
#6801=CARTESIAN_POINT('',(-0.050121875,0.027,-0.031690625));
#6802=CARTESIAN_POINT('',(-0.050121875,0.027,-0.031690625));
#6803=CARTESIAN_POINT('',(-0.052721875,0.027,0.));
#6804=CARTESIAN_POINT('',(-0.050121875,0.027,-0.0347421875));
#6805=CARTESIAN_POINT('',(-0.063821875,0.027,0.028896875));
#6806=CARTESIAN_POINT('',(-0.0648218750000001,0.027,0.028896875));
#6807=CARTESIAN_POINT('',(-0.0648218750000001,0.027,0.028896875));
#6808=CARTESIAN_POINT('',(-0.0648218750000001,0.025,0.028896875));
#6809=CARTESIAN_POINT('',(-0.063821875,0.025,0.028896875));
#6810=CARTESIAN_POINT('',(-0.062821875,0.025,0.028896875));
#6811=CARTESIAN_POINT('',(-0.062821875,0.027,0.028896875));
#6812=CARTESIAN_POINT('',(-0.062821875,0.027,0.028896875));
#6813=CARTESIAN_POINT('',(-0.063821875,0.027,0.028896875));
#6814=CARTESIAN_POINT('',(-0.052721875,0.027,0.));
#6815=CARTESIAN_POINT('',(-0.062821875,0.027,0.0258453125));
#6816=CARTESIAN_POINT('',(-0.062821875,0.027,0.022396869));
#6817=CARTESIAN_POINT('',(-0.0648218750000001,0.027,0.022396869));
#6818=CARTESIAN_POINT('',(-0.0648218750000001,0.027,0.022396869));
#6819=CARTESIAN_POINT('',(-0.0648218750000001,0.027,0.0258453125));
#6820=CARTESIAN_POINT('',(-0.063821875,0.027,0.031690625));
#6821=CARTESIAN_POINT('',(-0.063821875,0.025,0.031690625));
#6822=CARTESIAN_POINT('',(-0.064821875,0.025,0.031690625));
#6823=CARTESIAN_POINT('',(-0.062821875,0.025,0.031690625));
#6824=CARTESIAN_POINT('',(-0.064821875,0.027,0.031690625));
#6825=CARTESIAN_POINT('',(-0.064821875,0.027,0.031690625));
#6826=CARTESIAN_POINT('',(-0.063821875,0.027,0.031690625));
#6827=CARTESIAN_POINT('',(-0.062821875,0.027,0.031690625));
#6828=CARTESIAN_POINT('',(-0.062821875,0.027,0.031690625));
#6829=CARTESIAN_POINT('',(-0.0648218750000001,0.027,0.0347421875));
#6830=CARTESIAN_POINT('',(-0.0648218750000001,0.015,0.022396869));
#6831=CARTESIAN_POINT('',(-0.0648218750000001,0.018,0.0107779189613777));
#6832=CARTESIAN_POINT('',(-0.0648218750000001,0.018,0.0347421875));
#6833=CARTESIAN_POINT('',(-0.0648218750000001,0.018,0.012396875));
#6834=CARTESIAN_POINT('',(-0.0648218750000001,0.015,0.012396875));
#6835=CARTESIAN_POINT('',(-0.0648218750000001,0.027,0.0347421875));
#6836=CARTESIAN_POINT('',(-0.0648218750000001,0.025,0.0314921875));
#6837=CARTESIAN_POINT('',(-0.062821875,0.027,0.0347421875));
#6838=CARTESIAN_POINT('',(-0.062821875,0.015,0.022396869));
#6839=CARTESIAN_POINT('',(-0.062821875,0.025,0.0314921875));
#6840=CARTESIAN_POINT('',(-0.062821875,0.027,0.0347421875));
#6841=CARTESIAN_POINT('',(-0.052721875,0.027,0.));
#6842=CARTESIAN_POINT('',(-0.049121875,0.027,0.031690625));
#6843=CARTESIAN_POINT('',(-0.048121875,0.027,0.031690625));
#6844=CARTESIAN_POINT('',(-0.048121875,0.027,0.031690625));
#6845=CARTESIAN_POINT('',(-0.048121875,0.025,0.031690625));
#6846=CARTESIAN_POINT('',(-0.049121875,0.025,0.031690625));
#6847=CARTESIAN_POINT('',(-0.050121875,0.025,0.031690625));
#6848=CARTESIAN_POINT('',(-0.050121875,0.027,0.031690625));
#6849=CARTESIAN_POINT('',(-0.050121875,0.027,0.031690625));
#6850=CARTESIAN_POINT('',(-0.049121875,0.027,0.031690625));
#6851=CARTESIAN_POINT('',(-0.052721875,0.027,0.));
#6852=CARTESIAN_POINT('',(-0.0481218750000001,0.027,0.0347421875));
#6853=CARTESIAN_POINT('',(-0.050121875,0.027,0.0347421875));
#6854=CARTESIAN_POINT('',(-0.0491218750000001,0.027,-0.028896875));
#6855=CARTESIAN_POINT('',(-0.0491218750000001,0.025,-0.028896875));
#6856=CARTESIAN_POINT('',(-0.0501218750000001,0.025,-0.028896875));
#6857=CARTESIAN_POINT('',(-0.0501218750000001,0.027,-0.028896875));
#6858=CARTESIAN_POINT('',(-0.050121875,0.027,-0.0258453125));
#6859=CARTESIAN_POINT('',(-0.050121875,0.015,-0.022396869));
#6860=CARTESIAN_POINT('',(-0.050121875,0.025,-0.0314921875));
#6861=CARTESIAN_POINT('',(-0.0481218750000001,0.027,-0.0258453125));
#6862=CARTESIAN_POINT('',(-0.0481218750000001,0.0199996316218119,-0.0258453125));
#6863=CARTESIAN_POINT('',(-0.0481218750000001,0.0199996316218119,-0.023618364309646));
#6864=CARTESIAN_POINT('',(-0.0481218750000001,0.0199996316218119,-0.023618364309646));
#6865=CARTESIAN_POINT('',(-0.0481218750000001,0.015,-0.022396869));
#6866=CARTESIAN_POINT('',(-0.063821875,0.027,-0.031690625));
#6867=CARTESIAN_POINT('',(-0.064821875,0.027,-0.031690625));
#6868=CARTESIAN_POINT('',(-0.064821875,0.027,-0.031690625));
#6869=CARTESIAN_POINT('',(-0.064821875,0.025,-0.031690625));
#6870=CARTESIAN_POINT('',(-0.063821875,0.025,-0.031690625));
#6871=CARTESIAN_POINT('',(-0.062821875,0.025,-0.031690625));
#6872=CARTESIAN_POINT('',(-0.062821875,0.027,-0.031690625));
#6873=CARTESIAN_POINT('',(-0.062821875,0.027,-0.031690625));
#6874=CARTESIAN_POINT('',(-0.063821875,0.027,-0.031690625));
#6875=CARTESIAN_POINT('',(-0.052721875,0.027,0.));
#6876=CARTESIAN_POINT('',(-0.062821875,0.027,-0.0347421875));
#6877=CARTESIAN_POINT('',(-0.0648218750000001,0.027,-0.0347421875));
#6878=CARTESIAN_POINT('',(-0.062821875,0.027,-0.0258453125));
#6879=CARTESIAN_POINT('',(-0.062821875,0.027,-0.0258453125));
#6880=CARTESIAN_POINT('',(-0.062821875,0.027,-0.028896875));
#6881=CARTESIAN_POINT('',(-0.062821875,0.027,-0.022396869));
#6882=CARTESIAN_POINT('',(-0.062821875,0.015,-0.022396869));
#6883=CARTESIAN_POINT('',(-0.062821875,0.025,-0.0314921875));
#6884=CARTESIAN_POINT('',(-0.062821875,0.025,-0.028896875));
#6885=CARTESIAN_POINT('',(-0.062821875,0.027,-0.028896875));
#6886=CARTESIAN_POINT('',(-0.063821875,0.027,-0.028896875));
#6887=CARTESIAN_POINT('',(-0.063821875,0.025,-0.028896875));
#6888=CARTESIAN_POINT('',(-0.064821875,0.025,-0.028896875));
#6889=CARTESIAN_POINT('',(-0.064821875,0.027,-0.028896875));
#6890=CARTESIAN_POINT('',(-0.064821875,0.027,-0.028896875));
#6891=CARTESIAN_POINT('',(-0.063821875,0.027,-0.028896875));
#6892=CARTESIAN_POINT('',(-0.0648218750000001,0.027,-0.0258453125));
#6893=CARTESIAN_POINT('',(-0.0648218750000001,0.015,-0.012396875));
#6894=CARTESIAN_POINT('',(-0.0648218750000001,0.018,-0.012396875));
#6895=CARTESIAN_POINT('',(-0.0648218750000001,0.018,-0.0258453125));
#6896=CARTESIAN_POINT('',(-0.0648218750000001,0.018,-0.0107779189613777));
#6897=CARTESIAN_POINT('',(-0.0648218750000001,0.015,-0.022396869));
#6898=CARTESIAN_POINT('',(-0.0648218750000001,0.027,-0.022396869));
#6899=CARTESIAN_POINT('',(-0.0648218750000001,0.027,-0.0258453125));
#6900=CARTESIAN_POINT('',(-0.0648218750000001,0.025,-0.0314921875));
#6901=CARTESIAN_POINT('',(-0.052721875,0.027,0.));
#6902=CARTESIAN_POINT('',(-0.052721875,0.027,-0.022396869));
#6903=CARTESIAN_POINT('',(-0.0481218750000001,0.027,0.0258453125));
#6904=CARTESIAN_POINT('',(-0.0481218750000001,0.04964575,0.026381635690354));
#6905=CARTESIAN_POINT('',(-0.048121875,0.027,0.028896875));
#6906=CARTESIAN_POINT('',(-0.048121875,0.025,0.028896875));
#6907=CARTESIAN_POINT('',(-0.0481218750000001,0.025,0.0290953125));
#6908=CARTESIAN_POINT('',(-0.050121875,0.027,0.0258453125));
#6909=CARTESIAN_POINT('',(-0.050121875,0.015,0.022396869));
#6910=CARTESIAN_POINT('',(-0.050121875,0.025,0.0290953125));
#6911=CARTESIAN_POINT('',(-0.050121875,0.025,0.028896875));
#6912=CARTESIAN_POINT('',(-0.050121875,0.027,0.028896875));
#6913=CARTESIAN_POINT('',(-0.0491218750000001,0.027,0.028896875));
#6914=CARTESIAN_POINT('',(-0.0491218750000001,0.025,0.028896875));
#6915=CARTESIAN_POINT('',(-0.052721875,0.025,0.));
#6916=CARTESIAN_POINT('',(-0.052721875,0.025,0.));
#6917=CARTESIAN_POINT('',(-0.052721875,0.025,0.));
#6918=CARTESIAN_POINT('',(-0.052721875,0.025,0.));
#6919=CARTESIAN_POINT('',(-0.052721875,0.015,0.022396869));
#6920=CARTESIAN_POINT('',(-0.0648218750000001,0.015,0.022396869));
#6921=CARTESIAN_POINT('',(-0.052721875,0.015,0.022396869));
#6922=CARTESIAN_POINT('',(-0.0491218750000001,0.015,-0.022396869));
#6923=CARTESIAN_POINT('',(-0.0638218750000001,0.015,-0.022396869));
#6924=CARTESIAN_POINT('',(-0.0648218750000001,0.015,-0.022396869));
#6925=CARTESIAN_POINT('',(-0.061321875,0.018,-0.00779375));
#6926=CARTESIAN_POINT('',(-0.062821875,0.018,-0.00779375));
#6927=CARTESIAN_POINT('',(-0.062821875,0.018,-0.00779375));
#6928=CARTESIAN_POINT('',(-0.062821875,0.015,-0.00779375));
#6929=CARTESIAN_POINT('',(-0.062821875,0.018,-4.33680868994202E-19));
#6930=CARTESIAN_POINT('',(-0.062821875,0.018,0.00779375));
#6931=CARTESIAN_POINT('',(-0.062821875,0.018,0.00779375));
#6932=CARTESIAN_POINT('',(-0.062821875,0.018,-4.33680868994202E-19));
#6933=CARTESIAN_POINT('',(-0.061321875,0.018,0.00779375));
#6934=CARTESIAN_POINT('',(-0.062821875,0.015,0.00779375));
#6935=CARTESIAN_POINT('',(-0.0648218750000001,0.018,-0.0258453125));
#6936=CARTESIAN_POINT('',(-0.0648218750000001,0.018,-0.010396869));
#6937=CARTESIAN_POINT('',(-0.0648218750000001,0.018,-0.010396869));
#6938=CARTESIAN_POINT('',(-0.0648218750000001,0.018,-0.0258453125));
#6939=CARTESIAN_POINT('',(-0.074396875,0.018,-0.010396875));
#6940=CARTESIAN_POINT('',(-0.074396875,0.018,-0.010396875));
#6941=CARTESIAN_POINT('',(-0.062296875,0.018,0.));
#6942=CARTESIAN_POINT('',(-0.083971875,0.018,-0.012396875));
#6943=CARTESIAN_POINT('',(-0.0648218750000001,0.018,0.0347421875));
#6944=CARTESIAN_POINT('',(-0.0648218750000001,0.018,0.0347421875));
#6945=CARTESIAN_POINT('',(-0.0648218750000001,0.018,0.010396869));
#6946=CARTESIAN_POINT('',(-0.0648218750000001,0.018,0.010396869));
#6947=CARTESIAN_POINT('',(-0.074396875,0.018,0.010396875));
#6948=CARTESIAN_POINT('',(-0.074396875,0.018,0.010396875));
#6949=CARTESIAN_POINT('',(-0.062296875,0.018,0.));
#6950=CARTESIAN_POINT('',(-0.062296875,0.018,0.012396875));
#6951=CARTESIAN_POINT('',(-0.074396875,0.015,0.012396875));
#6952=CARTESIAN_POINT('',(-0.062821875,0.015,0.));
#6953=CARTESIAN_POINT('',(-0.062296875,0.015,-0.012396875));
#6954=CARTESIAN_POINT('',(0.0127,0.04964375,-0.025));
#6955=CARTESIAN_POINT('',(0.0127,0.04964375,-0.025));
#6956=CARTESIAN_POINT('',(0.013971875,0.04964375,-0.025));
#6957=CARTESIAN_POINT('',(0.0127,0.01635,-0.025));
#6958=CARTESIAN_POINT('',(0.013971875,0.01635,-0.025));
#6959=CARTESIAN_POINT('',(-0.000390793824195879,0.04964375,0.00186632201075554));
#6960=CARTESIAN_POINT('',(0.0127,0.04964375,0.025));
#6961=CARTESIAN_POINT('',(0.0127,0.04964375,0.025));
#6962=CARTESIAN_POINT('',(0.013971875,0.04964375,0.025));
#6963=CARTESIAN_POINT('',(0.0127,0.01635,0.025));
#6964=CARTESIAN_POINT('',(0.013971875,0.01635,0.025));
#6965=CARTESIAN_POINT('',(-0.000390793824195879,0.04964375,0.00186632201075554));
#6966=CARTESIAN_POINT('',(-0.000390793824195879,0.01635,0.00186632201075554));
#6967=CARTESIAN_POINT('',(-0.000390793824195879,0.01635,0.00186632201075554));
#6968=CARTESIAN_POINT('',(-0.045294525519521,0.04964575,0.025));
#6969=CARTESIAN_POINT('',(-0.045294525519521,0.0199996316218119,0.025));
#6970=CARTESIAN_POINT('',(-0.045294525519521,0.04964375,0.025));
#6971=CARTESIAN_POINT('',(-0.042147650519521,0.04964375,0.025));
#6972=CARTESIAN_POINT('',(-0.045294525519521,0.04964575,0.025));
#6973=CARTESIAN_POINT('',(-0.045294525519521,0.0199996316218119,0.025));
#6974=CARTESIAN_POINT('',(-0.045294525519521,0.04964375,0.025));
#6975=CARTESIAN_POINT('',(-0.044022650519521,0.04964375,0.025));
#6976=CARTESIAN_POINT('',(-0.000390793824195879,0.04964375,0.00186632201075554));
#6977=CARTESIAN_POINT('',(-0.045294525519521,0.04964575,-0.025));
#6978=CARTESIAN_POINT('',(-0.045294525519521,0.0199996316218119,-0.025));
#6979=CARTESIAN_POINT('',(-0.045294525519521,0.04964375,-0.025));
#6980=CARTESIAN_POINT('',(-0.042147650519521,0.04964375,-0.025));
#6981=CARTESIAN_POINT('',(-0.045294525519521,0.04964575,-0.025));
#6982=CARTESIAN_POINT('',(-0.045294525519521,0.0199996316218119,-0.025));
#6983=CARTESIAN_POINT('',(-0.045294525519521,0.04964375,-0.025));
#6984=CARTESIAN_POINT('',(-0.044022650519521,0.04964375,-0.025));
#6985=CARTESIAN_POINT('',(-0.000390793824195879,0.04964375,0.00186632201075554));
#6986=CARTESIAN_POINT('',(-0.000390793824195879,0.0199996316218119,0.00186632201075554));
#6987=CARTESIAN_POINT('',(-0.000390793824195879,0.0199996316218119,0.00186632201075554));
#6988=MECHANICAL_DESIGN_GEOMETRIC_PRESENTATION_REPRESENTATION('',(#4209),
#6993);
#6989=MECHANICAL_DESIGN_GEOMETRIC_PRESENTATION_REPRESENTATION('',(#4210),
#6994);
#6990=MECHANICAL_DESIGN_GEOMETRIC_PRESENTATION_REPRESENTATION('',(#4211),
#6995);
#6991=MECHANICAL_DESIGN_GEOMETRIC_PRESENTATION_REPRESENTATION('',(#4212),
#6996);
#6992=MECHANICAL_DESIGN_GEOMETRIC_PRESENTATION_REPRESENTATION('',(#4213),
#6997);
#6993=(
GEOMETRIC_REPRESENTATION_CONTEXT(3)
GLOBAL_UNCERTAINTY_ASSIGNED_CONTEXT((#6998))
GLOBAL_UNIT_ASSIGNED_CONTEXT((#7013,#7008,#7003))
REPRESENTATION_CONTEXT('head','TOP_LEVEL_ASSEMBLY_PART')
);
#6994=(
GEOMETRIC_REPRESENTATION_CONTEXT(3)
GLOBAL_UNCERTAINTY_ASSIGNED_CONTEXT((#6999))
GLOBAL_UNIT_ASSIGNED_CONTEXT((#7014,#7009,#7004))
REPRESENTATION_CONTEXT('motor cap 2 (identical)',
'TOP_LEVEL_ASSEMBLY_PART')
);
#6995=(
GEOMETRIC_REPRESENTATION_CONTEXT(3)
GLOBAL_UNCERTAINTY_ASSIGNED_CONTEXT((#7000))
GLOBAL_UNIT_ASSIGNED_CONTEXT((#7015,#7010,#7005))
REPRESENTATION_CONTEXT('magnet_supplement','TOP_LEVEL_ASSEMBLY_PART')
);
#6996=(
GEOMETRIC_REPRESENTATION_CONTEXT(3)
GLOBAL_UNCERTAINTY_ASSIGNED_CONTEXT((#7001))
GLOBAL_UNIT_ASSIGNED_CONTEXT((#7016,#7011,#7006))
REPRESENTATION_CONTEXT('motor cap 1 (identical)',
'TOP_LEVEL_ASSEMBLY_PART')
);
#6997=(
GEOMETRIC_REPRESENTATION_CONTEXT(3)
GLOBAL_UNCERTAINTY_ASSIGNED_CONTEXT((#7002))
GLOBAL_UNIT_ASSIGNED_CONTEXT((#7017,#7012,#7007))
REPRESENTATION_CONTEXT('main_shell','TOP_LEVEL_ASSEMBLY_PART')
);
#6998=UNCERTAINTY_MEASURE_WITH_UNIT(LENGTH_MEASURE(2.E-5),#7013,
'DISTANCE_ACCURACY_VALUE','Maximum Tolerance applied to model');
#6999=UNCERTAINTY_MEASURE_WITH_UNIT(LENGTH_MEASURE(1.E-8),#7014,
'DISTANCE_ACCURACY_VALUE','Maximum Tolerance applied to model');
#7000=UNCERTAINTY_MEASURE_WITH_UNIT(LENGTH_MEASURE(1.E-8),#7015,
'DISTANCE_ACCURACY_VALUE','Maximum Tolerance applied to model');
#7001=UNCERTAINTY_MEASURE_WITH_UNIT(LENGTH_MEASURE(1.E-8),#7016,
'DISTANCE_ACCURACY_VALUE','Maximum Tolerance applied to model');
#7002=UNCERTAINTY_MEASURE_WITH_UNIT(LENGTH_MEASURE(1.E-8),#7017,
'DISTANCE_ACCURACY_VALUE','Maximum Tolerance applied to model');
#7003=(
NAMED_UNIT(*)
SI_UNIT($,.STERADIAN.)
SOLID_ANGLE_UNIT()
);
#7004=(
NAMED_UNIT(*)
SI_UNIT($,.STERADIAN.)
SOLID_ANGLE_UNIT()
);
#7005=(
NAMED_UNIT(*)
SI_UNIT($,.STERADIAN.)
SOLID_ANGLE_UNIT()
);
#7006=(
NAMED_UNIT(*)
SI_UNIT($,.STERADIAN.)
SOLID_ANGLE_UNIT()
);
#7007=(
NAMED_UNIT(*)
SI_UNIT($,.STERADIAN.)
SOLID_ANGLE_UNIT()
);
#7008=(
NAMED_UNIT(*)
PLANE_ANGLE_UNIT()
SI_UNIT($,.RADIAN.)
);
#7009=(
NAMED_UNIT(*)
PLANE_ANGLE_UNIT()
SI_UNIT($,.RADIAN.)
);
#7010=(
NAMED_UNIT(*)
PLANE_ANGLE_UNIT()
SI_UNIT($,.RADIAN.)
);
#7011=(
NAMED_UNIT(*)
PLANE_ANGLE_UNIT()
SI_UNIT($,.RADIAN.)
);
#7012=(
NAMED_UNIT(*)
PLANE_ANGLE_UNIT()
SI_UNIT($,.RADIAN.)
);
#7013=(
LENGTH_UNIT()
NAMED_UNIT(*)
SI_UNIT($,.METRE.)
);
#7014=(
LENGTH_UNIT()
NAMED_UNIT(*)
SI_UNIT($,.METRE.)
);
#7015=(
LENGTH_UNIT()
NAMED_UNIT(*)
SI_UNIT($,.METRE.)
);
#7016=(
LENGTH_UNIT()
NAMED_UNIT(*)
SI_UNIT($,.METRE.)
);
#7017=(
LENGTH_UNIT()
NAMED_UNIT(*)
SI_UNIT($,.METRE.)
);
#7018=PRODUCT_DEFINITION_SHAPE('','',#7023);
#7019=PRODUCT_DEFINITION_SHAPE('','',#7024);
#7020=PRODUCT_DEFINITION_SHAPE('','',#7025);
#7021=PRODUCT_DEFINITION_SHAPE('','',#7026);
#7022=PRODUCT_DEFINITION_SHAPE('','',#7027);
#7023=PRODUCT_DEFINITION('','',#7033,#7028);
#7024=PRODUCT_DEFINITION('','',#7034,#7029);
#7025=PRODUCT_DEFINITION('','',#7035,#7030);
#7026=PRODUCT_DEFINITION('','',#7036,#7031);
#7027=PRODUCT_DEFINITION('','',#7037,#7032);
#7028=PRODUCT_DEFINITION_CONTEXT('',#7063,'design');
#7029=PRODUCT_DEFINITION_CONTEXT('',#7064,'design');
#7030=PRODUCT_DEFINITION_CONTEXT('',#7065,'design');
#7031=PRODUCT_DEFINITION_CONTEXT('',#7066,'design');
#7032=PRODUCT_DEFINITION_CONTEXT('',#7067,'design');
#7033=PRODUCT_DEFINITION_FORMATION_WITH_SPECIFIED_SOURCE('','',#7043,
 .NOT_KNOWN.);
#7034=PRODUCT_DEFINITION_FORMATION_WITH_SPECIFIED_SOURCE('','',#7044,
 .NOT_KNOWN.);
#7035=PRODUCT_DEFINITION_FORMATION_WITH_SPECIFIED_SOURCE('','',#7045,
 .NOT_KNOWN.);
#7036=PRODUCT_DEFINITION_FORMATION_WITH_SPECIFIED_SOURCE('','',#7046,
 .NOT_KNOWN.);
#7037=PRODUCT_DEFINITION_FORMATION_WITH_SPECIFIED_SOURCE('','',#7047,
 .NOT_KNOWN.);
#7038=PRODUCT_RELATED_PRODUCT_CATEGORY('','',(#7043));
#7039=PRODUCT_RELATED_PRODUCT_CATEGORY('','',(#7044));
#7040=PRODUCT_RELATED_PRODUCT_CATEGORY('','',(#7045));
#7041=PRODUCT_RELATED_PRODUCT_CATEGORY('','',(#7046));
#7042=PRODUCT_RELATED_PRODUCT_CATEGORY('','',(#7047));
#7043=PRODUCT('head','head','head',(#7053));
#7044=PRODUCT('motor cap 2 (identical)','motor cap 2 (identical)',
'motor cap 2 (identical)',(#7054));
#7045=PRODUCT('magnet_supplement','magnet_supplement',
'magnet_supplement',(#7055));
#7046=PRODUCT('motor cap 1 (identical)','motor cap 1 (identical)',
'motor cap 1 (identical)',(#7056));
#7047=PRODUCT('main_shell','main_shell','main_shell',(#7057));
#7048=PRODUCT_CATEGORY('','');
#7049=PRODUCT_CATEGORY('','');
#7050=PRODUCT_CATEGORY('','');
#7051=PRODUCT_CATEGORY('','');
#7052=PRODUCT_CATEGORY('','');
#7053=PRODUCT_CONTEXT('',#7063,'mechanical');
#7054=PRODUCT_CONTEXT('',#7064,'mechanical');
#7055=PRODUCT_CONTEXT('',#7065,'mechanical');
#7056=PRODUCT_CONTEXT('',#7066,'mechanical');
#7057=PRODUCT_CONTEXT('',#7067,'mechanical');
#7058=APPLICATION_PROTOCOL_DEFINITION('international standard',
'ap242_managed_model_based_3d_engineering',2020,#7063);
#7059=APPLICATION_PROTOCOL_DEFINITION('international standard',
'ap242_managed_model_based_3d_engineering',2020,#7064);
#7060=APPLICATION_PROTOCOL_DEFINITION('international standard',
'ap242_managed_model_based_3d_engineering',2020,#7065);
#7061=APPLICATION_PROTOCOL_DEFINITION('international standard',
'ap242_managed_model_based_3d_engineering',2020,#7066);
#7062=APPLICATION_PROTOCOL_DEFINITION('international standard',
'ap242_managed_model_based_3d_engineering',2020,#7067);
#7063=APPLICATION_CONTEXT('managed model based 3d engineering');
#7064=APPLICATION_CONTEXT('managed model based 3d engineering');
#7065=APPLICATION_CONTEXT('managed model based 3d engineering');
#7066=APPLICATION_CONTEXT('managed model based 3d engineering');
#7067=APPLICATION_CONTEXT('managed model based 3d engineering');
ENDSEC;
END-ISO-10303-21;
